node,node_type,org_cat,corp_cat,corp_sub,rank,bipartite_degree,degree,degree_w,closeness,closeness_w,betweenness,betweenness_w,average_neighbour_degree_w,average_neighbour_degree,EVC,EVC_w,clustering_co_eff,triangles,eccentricity,onion_layer,core_no,bipartite_degree/degree,degree_ranked,degree_w_ranked,closeness_ranked,closeness_w_ranked,betweenness_ranked,betweenness_w_ranked,EVC_ranked,EVC_w_ranked,no. 1 step nodes (degree),1 step % reached,1 step nodes average degree,no. 2 step nodes,2 step % reached,2 step nodes average degree,no. 3 step nodes,3 step % reached,3 step nodes average degree
Aetna Life Insurance Company,org,Corporation,financial,insurance,F-028,10,3,0.2008187134502924,0.3013888888888889,0.012141753978542641,0.001058856138756539,0.0014507595152756445,6.459522422830518,9.333333333333334,0.00705804910284059,0.0012648172401026518,0.3333333333333333,1,5,3,2,0.3,171.0,156.0,182.0,180.0,148.0,138.0,179.0,192.0,3,1.38,9.333333333333334,26,11.98,15.115384615384615,129,59.45,13.48062015503876
Alleghany Corporation,org,Corporation,non-financial,industrial,NF-006,8,4,0.4229214340198322,0.3126801152737752,0.015518175795357593,0.001149058588675275,0.010795357569551118,8.185950040580755,9.25,0.006589119534396545,0.003943459519891623,0.5,3,5,6,4,0.5,158.0,96.0,175.0,100.0,147.0,64.0,182.0,158.0,4,1.84,9.25,29,13.36,13.689655172413794,146,67.28,12.493150684931507
Allied Chemical & Dye Corporation,org,Corporation,non-financial,industrial,NF-078,11,1,0.04,0.23308270676691728,0.009840193487096166,0.0,0.0,5.0,5.0,0.0006448584150230555,0.00029327787115884964,0.0,0,7,1,1,0.09090909090909091,197.0,205.0,217.0,210.0,186.0,171.0,216.0,209.0,1,0.46,5.0,5,2.3,9.4,28,12.9,13.5
Allis-Chalmers Manufacturing Company,org,Corporation,non-financial,industrial,NF-184,15,5,0.21746583326048313,0.3328220858895706,0.012354625745933916,0.0024978159413495318,0.006101723843659328,9.857737235813756,11.4,0.010476968975243167,0.0014409691057892338,0.2,2,5,10,4,0.3333333333333333,145.0,148.0,147.0,174.0,130.0,101.0,172.0,187.0,5,2.3,11.4,48,22.12,13.6875,170,78.34,11.9
Aluminum Company of America,org,Corporation,non-financial,industrial,NF-084,9,11,0.6786795587453481,0.3703071672354949,0.016833434148008246,0.0035238879539259953,0.0071257893838539005,14.840608515473415,16.363636363636363,0.04807792569020362,0.03283884672747119,0.5454545454545454,30,5,22,8,1.2222222222222223,76.0,49.0,89.0,62.0,113.0,92.0,84.0,50.0,11,5.07,16.363636363636363,83,38.25,14.566265060240964,191,88.02,11.036649214659686
American Can Company,org,Corporation,non-financial,industrial,NF-088,15,11,0.5650956149058616,0.3974358974358974,0.01720900978708146,0.0028727614136927647,0.007509813961426865,18.67205648553532,20.181818181818183,0.07292407807783068,0.02742999167537149,0.36363636363636365,20,5,30,8,0.7333333333333333,76.0,68.0,47.0,46.0,123.0,90.0,54.0,57.0,11,5.07,20.181818181818183,114,52.53,14.140350877192983,199,91.71,10.78894472361809
American Car & Foundry Company,org,Corporation,non-financial,industrial,NF-165,9,4,0.18223909435656505,0.32829046898638425,0.015519967441104083,0.0006036888803479049,0.00038402457757296467,14.94472184949737,15.25,0.015102955649280714,0.008205233909749376,0.5,3,6,6,4,0.4444444444444444,158.0,163.0,153.0,99.0,163.0,164.0,153.0,129.0,4,1.84,15.25,47,21.66,14.97872340425532,164,75.58,12.262195121951219
American Gas & Electric Company,org,Corporation,non-financial,utility,NF-052,11,7,0.6749717673630717,0.34554140127388533,0.016480009173861915,0.0031186939386860244,0.008057404562780908,12.79842448325142,13.428571428571429,0.02513872064286374,0.2847428397142416,0.3333333333333333,7,5,12,6,0.6363636363636364,118.0,50.0,133.0,79.0,121.0,83.0,124.0,4.0,7,3.23,13.428571428571429,57,26.27,14.228070175438596,179,82.49,11.575418994413408
American Power & Light Company,org,Corporation,non-financial,utility,NF-020,10,8,1.066565561631351,0.3522727272727273,0.01708082857164957,0.010500067668083554,0.010126870341924107,12.735421937689008,13.75,0.030881444526817292,0.43894997965686205,0.42857142857142855,12,5,13,6,0.8,108.0,18.0,120.0,53.0,59.0,67.0,116.0,3.0,8,3.69,13.75,62,28.57,14.5,184,84.79,11.266304347826088
American Radiator & Standard Sanitary Corporation,org,Corporation,non-financial,industrial,NF-117,10,13,0.5338470343273174,0.3938294010889292,0.01724339197234398,0.003275005763607951,0.002560163850486431,20.33119153303587,20.53846153846154,0.0963834164232958,0.03202823704853355,0.48717948717948717,38,4,34,8,1.3,59.0,78.0,57.0,45.0,117.0,128.0,36.0,52.0,13,5.99,20.53846153846154,103,47.47,14.184466019417476,201,92.63,10.701492537313433
American Rolling Mill Company,org,Corporation,non-financial,industrial,NF-138,12,5,0.20296296296296296,0.33591331269349844,0.014976534462133049,0.0018893473351616783,0.004650964328383684,15.565693430656934,15.8,0.022230825797119737,0.009135419896024892,0.2,2,5,6,4,0.4166666666666667,145.0,153.0,143.0,117.0,135.0,113.0,131.0,122.0,5,2.3,15.8,56,25.81,16.017857142857142,166,76.5,12.03012048192771
American Smelting & Refining Company,org,Corporation,non-financial,industrial,NF-108,24,10,0.26580943996692136,0.3895870736086176,0.014241764948089233,0.0041650440732471025,0.0005120327700972862,20.666594682411063,19.8,0.05959771337200483,0.025447142585306934,0.28888888888888886,13,5,21,8,0.4166666666666667,88.0,133.0,64.0,137.0,107.0,161.0,67.0,61.0,10,4.61,19.8,105,48.39,14.095238095238095,197,90.78,10.847715736040609
American Sugar Refining Company,org,Corporation,non-financial,industrial,NF-145,12,25,1.062188997799265,0.444672131147541,0.019166906235469464,0.02769387271789984,0.05412613073903397,19.831086441080174,18.88,0.14870125623342745,0.04492178967460639,0.23,69,4,33,8,2.0833333333333335,10.0,19.0,8.0,16.0,17.0,10.0,11.0,32.0,25,11.52,18.88,147,67.74,12.82312925170068,208,95.85,10.365384615384615
American Telephone & Telegraph Company,org,Corporation,non-financial,utility,NF-001,19,33,1.6316124632141034,0.4656652360515021,0.022644856643447866,0.03689310984620883,0.12786240541616886,21.31003574731761,19.151515151515152,0.21149810048773984,0.10686598956121067,0.23674242424242425,125,4,35,8,1.736842105263158,5.0,2.0,3.0,1.0,11.0,2.0,2.0,11.0,33,15.21,19.151515151515152,157,72.35,12.433121019108281,212,97.7,10.14622641509434
American Water Works & Electric Company,org,Corporation,non-financial,utility,NF-055,16,9,0.2787800615741792,0.36046511627906974,0.01451129570640557,0.006328155674906037,0.00136542072025943,13.687462815862908,13.444444444444445,0.025982028697717145,0.006858892250257687,0.2777777777777778,10,5,14,6,0.5625,100.0,128.0,106.0,129.0,86.0,140.0,122.0,136.0,9,4.15,13.444444444444445,74,34.1,14.337837837837839,186,85.71,11.333333333333334
American Woolen Company,org,Corporation,non-financial,industrial,NF-192,9,14,0.7098046102583307,0.38271604938271603,0.01811142040911064,0.004255776524385375,0.016427718040621268,16.613064265458412,16.142857142857142,0.0708721455054575,0.02449558682017245,0.3956043956043956,36,5,31,8,1.5555555555555556,51.0,43.0,73.0,32.0,105.0,52.0,58.0,63.0,14,6.45,16.142857142857142,94,43.32,14.72340425531915,195,89.86,10.928205128205128
Anaconda Copper Mining Company,org,Corporation,non-financial,industrial,NF-038,10,14,0.6431812180954057,0.3875,0.018017152471487174,0.01376549682412691,0.033282130056323606,17.02212273112986,16.357142857142858,0.0764318011926361,0.11018382031812558,0.3516483516483517,32,5,24,8,1.4,51.0,54.0,66.0,33.0,43.0,20.0,51.0,9.0,14,6.45,16.357142857142858,97,44.7,13.907216494845361,198,91.24,10.803030303030303
Anglo California National Bank,org,Corporation,financial,bank,F-049,24,7,0.232747153993284,0.3205317577548006,0.012897961332438368,0.020543145359872873,0.025964328383683222,7.271298206783353,7.428571428571429,0.012371552438372482,0.0022266850109877744,0.23809523809523808,5,5,8,4,0.2916666666666667,118.0,146.0,167.0,165.0,27.0,30.0,164.0,175.0,7,3.23,7.428571428571429,36,16.59,14.527777777777779,153,70.51,12.444444444444445
Armour & Company,org,Corporation,non-financial,industrial,NF-070,21,14,0.6804819323935636,0.3895870736086176,0.018599468586611816,0.0047529298791206525,0.003008192524321557,19.133161180607974,18.142857142857142,0.07493923934367844,0.040697299240968425,0.5054945054945055,46,5,26,8,0.6666666666666666,51.0,48.0,64.0,25.0,99.0,124.0,52.0,36.0,14,6.45,18.142857142857142,101,46.54,14.05940594059406,198,91.24,10.803030303030303
"Atchison, Topeka & Santa Fe Railway",org,Corporation,non-financial,railroad,NF-016,14,23,0.9432563062341095,0.4357429718875502,0.018767432306794188,0.01998296828956959,0.02474825055470217,19.235725585931814,19.08695652173913,0.15645005029314885,0.10806923327297255,0.2885375494071146,73,4,35,8,1.6428571428571428,12.0,22.0,13.0,23.0,29.0,32.0,10.0,10.0,23,10.6,19.08695652173913,137,63.13,13.248175182481752,210,96.77,10.257142857142858
Atlantic Coast Line Railroad,org,Corporation,non-financial,railroad,NF-022,12,2,0.06896551724137931,0.2866578599735799,0.01045183246517604,0.00017067759003242875,0.00012800819252432156,9.5,9.5,0.0037825391884283672,0.0003769194508094807,0.0,0,6,2,2,0.16666666666666666,183.0,195.0,195.0,205.0,177.0,168.0,199.0,208.0,2,0.92,9.5,18,8.29,13.333333333333334,109,50.23,13.339449541284404
B. F. Goodrich Company,org,Corporation,non-financial,industrial,NF-136,17,18,0.666122562575231,0.395985401459854,0.015559317371616076,0.026141406405551005,0.019507026227456335,10.131756012058437,10.833333333333334,0.03855647260490103,0.0074423687396472675,0.20261437908496732,31,5,15,6,1.0588235294117647,31.0,53.0,51.0,96.0,20.0,39.0,107.0,132.0,18,8.29,10.833333333333334,106,48.85,13.028301886792454,197,90.78,10.878172588832488
Baldwin Locomotive Works,org,Corporation,non-financial,industrial,NF-194,13,7,0.310783084921016,0.35,0.015004215979054502,0.001813124714187449,0.0019201228878648233,14.111975218259918,14.428571428571429,0.027183485312249678,0.0139131679829056,0.2857142857142857,6,5,12,6,0.5384615384615384,118.0,117.0,124.0,116.0,136.0,136.0,120.0,100.0,7,3.23,14.428571428571429,67,30.88,14.477611940298507,180,82.95,11.6
Baltimore & Ohio Railroad,org,Corporation,non-financial,railroad,NF-014,12,13,0.5604614548786213,0.41811175337186895,0.01730012180698007,0.011762842953284352,0.0052056664959890765,18.593129016514425,19.846153846153847,0.08045185048597783,0.03224257746842925,0.24358974358974358,19,5,23,8,1.0833333333333333,59.0,72.0,31.0,44.0,53.0,107.0,49.0,51.0,13,5.99,19.846153846153847,130,59.91,13.807692307692308,207,95.39,10.434782608695652
Baltimore Transit Company,org,Corporation,non-financial,utility,NF-198,11,1,0.03571428571428571,0.26560587515299877,0.009758064455688118,0.0,0.0,9.0,9.0,0.002150905643607754,0.00019461698866056378,0.0,0,6,1,1,0.09090909090909091,197.0,209.0,204.0,213.0,186.0,171.0,203.0,212.0,1,0.46,9.0,9,4.15,14.666666666666666,72,33.18,14.958333333333334
Bank of America National Trust & Savings Association,org,Corporation,financial,bank,F-008,25,1,0.023255813953488372,0.28779840848806365,0.009242110438048049,0.0,0.0,15.0,15.0,0.004841177467049561,0.0004850237499468392,0.0,0,5,1,1,0.04,197.0,217.0,194.0,214.0,186.0,171.0,192.0,205.0,1,0.46,15.0,15,6.91,17.466666666666665,110,50.69,13.845454545454546
Bank of the Manhattan Company,org,Corporation,financial,bank,F-025,14,6,0.2448016282536406,0.3696763202725724,0.015658379375071446,0.000494260114500807,0.00012800819252432156,20.114388629055494,21.166666666666668,0.04097025380876482,0.012551120681695827,0.3333333333333333,5,5,12,6,0.42857142857142855,136.0,139.0,90.0,94.0,169.0,168.0,100.0,107.0,6,2.76,21.166666666666668,83,38.25,15.867469879518072,193,88.94,11.020725388601036
Bankers Trust Company,org,Corporation,financial,bank,F-012,18,23,0.9143163813553294,0.4280078895463511,0.018166194971468073,0.018595755255378012,0.02184673152415088,15.569077934796196,16.304347826086957,0.13088735212495992,0.08297498778481657,0.20553359683794467,52,4,34,8,1.2777777777777777,12.0,28.0,20.0,29.0,34.0,36.0,15.0,16.0,23,10.6,16.304347826086957,130,59.91,13.261538461538462,208,95.85,10.360576923076923
Bethlehem Steel Corporation,org,Corporation,non-financial,industrial,NF-028,15,8,0.2803035761732559,0.36655405405405406,0.01432113664004827,0.008930066695972388,0.003989588667008022,12.15125377054975,13.375,0.028672648347741258,0.01158552816089866,0.17857142857142858,5,5,12,6,0.5333333333333333,108.0,127.0,95.0,134.0,71.0,118.0,118.0,112.0,8,3.69,13.375,77,35.48,14.571428571428571,192,88.48,11.057291666666666
Borden Company,org,Corporation,non-financial,industrial,NF-140,13,3,0.10955275050646719,0.32978723404255317,0.01417039799702878,2.3800041721188674e-05,0.0,24.627311522048362,22.0,0.023087969977272877,0.004222847056991755,0.6666666666666666,2,5,5,3,0.23076923076923078,171.0,178.0,151.0,139.0,185.0,171.0,129.0,155.0,3,1.38,22.0,48,22.12,16.8125,163,75.12,12.220858895705522
Boston & Maine Railroad,org,Corporation,non-financial,railroad,NF-073,21,11,0.3746284431886898,0.36904761904761907,0.014274567244425874,0.0013630785022175824,0.0005547021676053934,15.396725599945981,16.454545454545453,0.059408146761393936,0.011975116480723911,0.509090909090909,28,5,23,8,0.5238095238095238,76.0,106.0,93.0,136.0,143.0,160.0,68.0,109.0,11,5.07,16.454545454545453,80,36.87,15.7875,192,88.48,11.041666666666666
Boston Elevated Railway,org,Corporation,non-financial,railroad,NF-148,13,3,0.11071428571428571,0.3258258258258258,0.013378865121692035,0.0,0.0,19.537634408602152,19.0,0.017217202549189535,0.0032084149353228983,1.0,3,5,5,3,0.23076923076923078,171.0,177.0,160.0,152.0,186.0,171.0,144.0,161.0,3,1.38,19.0,41,18.89,16.5609756097561,164,75.58,12.164634146341463
Brooklyn Union Gas Company,org,Corporation,non-financial,utility,NF-139,8,2,0.175,0.26560587515299877,0.01308428786419967,0.0,0.0,9.285714285714286,9.5,0.005276388492091715,0.0016764025342317212,1.0,1,6,2,2,0.25,183.0,164.0,204.0,160.0,186.0,171.0,189.0,180.0,2,0.92,9.5,10,4.61,17.8,75,34.56,14.84
Brooklyn-Manhattan Transit Corporation,org,Corporation,non-financial,utility,NF-071,17,20,0.6941867564129227,0.4197292069632495,0.0167800062745514,0.018566998456655093,0.01674062695568072,14.906517181105643,15.2,0.09716155140852509,0.039061040761580804,0.22631578947368422,43,4,32,8,1.1764705882352942,26.0,46.0,29.0,65.0,35.0,48.0,34.0,40.0,20,9.22,15.2,127,58.53,12.89763779527559,204,94.01,10.529411764705882
Central Hanover Bank & Trust Company,org,Corporation,financial,bank,F-014,24,21,0.7009521394968548,0.42217898832684825,0.015892593750752,0.018055124515543797,0.006933777095067418,15.60060882889571,16.714285714285715,0.1077338584814343,0.01759064255838942,0.2571428571428571,54,5,29,8,0.875,22.0,44.0,27.0,88.0,36.0,93.0,26.0,87.0,21,9.68,16.714285714285715,130,59.91,13.461538461538462,204,94.01,10.53921568627451
Chase National Bank,org,Corporation,financial,bank,F-003,25,33,1.1891485059616462,0.45588235294117646,0.01887621790288408,0.049068918483224214,0.046680320873869266,16.543303295479664,16.242424242424242,0.18460023700483033,0.04446442056340166,0.1553030303030303,82,4,34,8,1.32,5.0,11.0,5.0,21.0,4.0,12.0,6.0,33.0,33,15.21,16.242424242424242,150,69.12,12.54,209,96.31,10.282296650717702
Chemical Bank & Trust Company,org,Corporation,financial,bank,F-020,20,21,0.7214695161132091,0.4348697394789579,0.018132142614852333,0.035513858485724616,0.02120669056152927,15.903247661505212,15.380952380952381,0.09372973968781691,0.027310973279695935,0.1523809523809524,32,4,29,8,1.05,22.0,42.0,14.0,30.0,12.0,37.0,37.0,59.0,21,9.68,15.380952380952381,138,63.59,13.144927536231885,210,96.77,10.271428571428572
Chicago & Eastern Illinois Railway,org,Corporation,non-financial,railroad,NF-171,11,4,0.16443199502023031,0.29523809523809524,0.01293459889086853,0.00041977020343635796,0.0004906980713432327,8.870305875227135,9.25,0.005933407581586062,0.0013486625577366221,0.5,3,6,6,4,0.36363636363636365,158.0,167.0,191.0,164.0,171.0,162.0,185.0,188.0,4,1.84,9.25,25,11.52,11.32,115,53.0,13.147826086956522
Chicago & North Western Railway,org,Corporation,non-financial,railroad,NF-035,15,10,0.40515574700049395,0.3767361111111111,0.017169387099599965,0.004748211110749937,0.002901519030551289,19.152383376818133,17.5,0.0482899821617579,0.021014832498898593,0.28888888888888886,13,5,21,8,0.6666666666666666,88.0,100.0,79.0,49.0,100.0,126.0,83.0,75.0,10,4.61,17.5,91,41.94,13.934065934065934,193,88.94,10.994818652849741
Chicago & Western Indiana Railroad,org,Corporation,non-financial,railroad,NF-167,7,5,0.2999832468872716,0.3511326860841424,0.015955916635611567,0.002355913865916842,0.010197986004437618,15.005057488724526,15.8,0.022269714151058457,0.010062254094007368,0.4,4,5,7,4,0.7142857142857143,145.0,120.0,122.0,87.0,132.0,66.0,130.0,116.0,5,2.3,15.8,61,28.11,16.016393442622952,186,85.71,11.365591397849462
Chicago Great Western Railroad,org,Corporation,non-financial,railroad,NF-125,14,15,0.612937332369381,0.37608318890814557,0.015421481578994568,0.008005080676809589,0.0077658303464755085,14.32105051845167,14.733333333333333,0.06471885020477669,0.025401150863359895,0.3619047619047619,38,4,25,8,1.0714285714285714,45.0,59.0,81.0,104.0,77.0,88.0,64.0,62.0,15,6.91,14.733333333333333,86,39.63,14.569767441860465,190,87.56,11.152631578947368
Chicago Railways,org,Corporation,non-financial,utility,NF-147,8,4,0.15987711213517666,0.2984869325997249,0.01241564540241049,3.7843691837547446e-05,8.533879501621438e-05,13.85395849346656,14.0,0.012128506481282388,0.0034179493095993978,0.6666666666666666,4,5,6,4,0.5,158.0,168.0,186.0,173.0,183.0,170.0,167.0,160.0,4,1.84,14.0,28,12.9,13.321428571428571,123,56.68,13.227642276422765
Chicago Union Station Company,org,Corporation,non-financial,railroad,NF-164,8,10,0.5540975667704633,0.3974358974358974,0.018129860428430306,0.007487065170184257,0.018838538999829322,19.019226838757014,19.3,0.05116935025022723,0.020906795794889434,0.28888888888888886,13,5,21,8,1.25,88.0,74.0,47.0,31.0,79.0,41.0,79.0,76.0,10,4.61,19.3,113,52.07,13.63716814159292,201,92.63,10.686567164179104
"Chicago, Milwaukee, St. Paul & Pacific Railroad",org,Corporation,non-financial,railroad,NF-024,10,11,0.44386770918211077,0.40409683426443205,0.016490520122163475,0.004804870987015109,0.011200716845878136,18.99911597980424,19.818181818181817,0.06576259538564715,0.013023332997835218,0.32727272727272727,18,5,24,8,1.1,76.0,94.0,39.0,78.0,95.0,61.0,62.0,103.0,11,5.07,19.818181818181817,119,54.84,13.621848739495798,202,93.09,10.673267326732674
"Chicago, Rock Island & Pacific Railway",org,Corporation,non-financial,railroad,NF-047,18,10,0.31654820416230156,0.3696763202725724,0.013863697071069629,0.010408506581439691,0.006592421915002561,11.586497423578383,11.9,0.028037793355347552,0.0049474604716966165,0.24444444444444444,11,5,14,6,0.5555555555555556,88.0,115.0,90.0,143.0,60.0,96.0,119.0,150.0,10,4.61,11.9,78,35.94,13.948717948717949,194,89.4,11.056701030927835
Chrysler Corporation,org,Corporation,non-financial,industrial,NF-093,18,22,0.7234673507616066,0.4348697394789579,0.016127277800636577,0.03456857276934658,0.01781447345963475,15.577933927637652,15.954545454545455,0.09875258833804963,0.01962874552706609,0.21645021645021645,50,5,27,8,1.2222222222222223,17.0,41.0,14.0,84.0,14.0,46.0,30.0,77.0,22,10.14,15.954545454545455,140,64.52,12.885714285714286,208,95.85,10.350961538461538
Cities Service Company,org,Corporation,non-financial,industrial,NF-015,16,7,0.26505588250858103,0.3622704507512521,0.014093658966854694,0.008628871559488672,0.006144393241167435,9.60111743509922,12.142857142857142,0.019371738320345895,0.006206329997502048,0.09523809523809523,2,5,11,5,0.4375,118.0,134.0,102.0,141.0,72.0,99.0,140.0,139.0,7,3.23,12.142857142857142,73,33.64,13.465753424657533,190,87.56,11.142105263157895
Cleveland Trust Company,org,Corporation,financial,bank,F-034,25,7,0.23137256975732473,0.35515548281505727,0.012896920998080744,0.0032654327152934464,0.0005973715651135007,13.293937492552942,15.857142857142858,0.037484827715753476,0.0085462130128261,0.5714285714285714,12,5,11,5,0.28,118.0,147.0,116.0,166.0,118.0,156.0,109.0,126.0,7,3.23,15.857142857142858,61,28.11,16.42622950819672,190,87.56,11.18421052631579
Cleveland-Cliffs Iron Company,org,Corporation,non-financial,industrial,NF-195,9,4,0.2340377014290058,0.3229166666666667,0.015070010068168898,0.009216589861751156,0.009216589861751152,11.251380318285158,12.5,0.015553297340317188,0.005859680382161095,0.5,3,5,5,3,0.4444444444444444,158.0,144.0,163.0,113.0,68.0,72.0,151.0,142.0,4,1.84,12.5,38,17.51,16.5,159,73.27,12.446540880503145
Columbia Gas & Electric Company,org,Corporation,non-financial,utility,NF-037,16,5,0.23938260813260812,0.3411949685534591,0.012824164023224768,0.012111188583399844,0.01085936166581328,7.930944475625672,12.6,0.019049597010472232,0.005706689633711403,0.0,0,5,5,3,0.3125,145.0,141.0,137.0,167.0,52.0,62.0,141.0,143.0,5,2.3,12.6,55,25.35,16.072727272727274,176,81.11,11.670454545454545
Columbia Oil & Gasoline Corporation,org,Corporation,non-financial,industrial,NF-190,4,2,0.11805555555555555,0.296043656207367,0.014634515265000493,7.508612871500309e-05,0.003114866018091825,9.705882352941176,9.5,0.0061139015527072495,0.0027822404619239787,0.0,0,6,2,2,0.5,183.0,175.0,190.0,125.0,180.0,123.0,183.0,166.0,2,0.92,9.5,18,8.29,18.944444444444443,129,59.45,13.511627906976743
Commercial Investment Trust Corporation,org,Corporation,financial,bank,F-041,23,5,0.1361677134820984,0.32779456193353473,0.011146232355773455,0.0019086023731269069,0.0002560163850486431,8.911453884437542,9.4,0.010361547948472619,0.0012785976476901123,0.1,1,5,6,4,0.21739130434782608,145.0,173.0,156.0,201.0,134.0,167.0,174.0,191.0,5,2.3,9.4,40,18.43,14.375,165,76.04,12.175757575757576
Commonwealth & Southern Corporation,org,Corporation,non-financial,utility,NF-010,14,3,0.0892489459750956,0.35,0.012622041458018903,0.0,0.0,25.460587750617957,26.666666666666668,0.02688611208033096,0.006544177292317077,1.0,3,5,5,3,0.21428571428571427,171.0,184.0,124.0,170.0,186.0,171.0,121.0,138.0,3,1.38,26.666666666666668,61,28.11,17.0327868852459,185,85.25,11.497297297297298
Commonwealth Edison Company,org,Corporation,non-financial,utility,NF-056,9,16,1.086123742815778,0.37285223367697595,0.01841766511535796,0.004804367566581391,0.0293778801843318,14.353183909930678,15.3125,0.07200176575129444,0.05015806856219195,0.44166666666666665,53,5,25,8,1.7777777777777777,42.0,16.0,84.0,26.0,96.0,24.0,56.0,26.0,16,7.37,15.3125,85,39.17,14.552941176470588,186,85.71,11.338709677419354
Community Water Service Company,org,Corporation,non-financial,utility,NF-168,9,2,0.06797235023041474,0.3078014184397163,0.012141140963522229,0.0,0.0,13.40677966101695,13.0,0.006057502087081717,0.001126341153067229,1.0,1,5,2,2,0.2222222222222222,183.0,196.0,177.0,181.0,186.0,171.0,184.0,194.0,2,0.92,13.0,24,11.06,15.25,143,65.9,13.0
Connecticut Mutual Life Insurance Company,org,Corporation,financial,insurance,F-044,11,2,0.1437246963562753,0.2988980716253444,0.011915736368058975,0.0,0.0,8.352112676056338,13.0,0.006823537895651762,0.001173755626245179,1.0,1,5,2,2,0.18181818181818182,183.0,171.0,185.0,186.0,186.0,171.0,181.0,193.0,2,0.92,13.0,24,11.06,15.708333333333334,126,58.06,13.595238095238095
Consolidated Edison Company of New York,org,Corporation,non-financial,utility,NF-009,11,23,0.9432370492790049,0.4288537549407115,0.019083414034077522,0.025313226842892486,0.0385589122148262,18.356945849952385,18.304347826086957,0.1388834042130375,0.047874776585417396,0.23715415019762845,60,5,34,8,2.090909090909091,12.0,23.0,18.0,19.0,23.0,16.0,13.0,30.0,23,10.6,18.304347826086957,133,61.29,13.19548872180451,207,95.39,10.396135265700483
"Consolidated Gas, Electric Light & Power Company of Baltimore",org,Corporation,non-financial,utility,NF-115,18,9,0.28367893195479404,0.3610648918469218,0.013403321594274662,0.015472783965244867,0.013376856118791603,13.054282281135789,13.777777777777779,0.03696112089072735,0.004918280211909686,0.25,9,5,12,6,0.5,100.0,125.0,103.0,150.0,40.0,56.0,111.0,152.0,9,4.15,13.777777777777779,72,33.18,14.847222222222221,189,87.1,11.206349206349206
Consolidated Oil Corporation,org,Corporation,non-financial,industrial,NF-063,15,6,0.21217185592185592,0.35,0.013379102763370433,0.00351140463702864,0.0012374125277351085,11.179872675610547,12.5,0.017497363643278828,0.002972705933623593,0.2,3,5,11,5,0.4,136.0,150.0,124.0,151.0,114.0,142.0,143.0,164.0,6,2.76,12.5,60,27.65,14.7,185,85.25,11.4
Continental Can Company,org,Corporation,non-financial,industrial,NF-161,12,10,0.33549262473098623,0.36470588235294116,0.013540495229829965,0.00686327501537891,0.0038402457757296467,13.421639327481868,13.1,0.024519444628239736,0.004922922152556928,0.37777777777777777,17,5,14,6,0.8333333333333334,88.0,113.0,98.0,147.0,83.0,119.0,125.0,151.0,10,4.61,13.1,78,35.94,12.564102564102564,187,86.18,11.192513368983958
Continental Illinois National Bank & Trust Company,org,Corporation,financial,bank,F-010,21,22,0.9368606021487229,0.423828125,0.018332528410490934,0.033336587923689445,0.027095067417648066,14.924360012896216,15.045454545454545,0.09745979540726919,0.0401153783463758,0.18614718614718614,43,5,27,8,1.0476190476190477,17.0,25.0,24.0,28.0,15.0,28.0,33.0,37.0,22,10.14,15.045454545454545,131,60.37,13.274809160305344,204,94.01,10.534313725490197
Continental Oil Company,org,Corporation,non-financial,industrial,NF-163,11,14,0.6184435447593342,0.4033457249070632,0.01898983416711638,0.005307950890510185,0.008043181430278205,20.0532934660626,20.142857142857142,0.09864635901407169,0.09155800123484721,0.4175824175824176,38,5,32,8,1.2727272727272727,51.0,57.0,40.0,20.0,90.0,84.0,31.0,13.0,14,6.45,20.142857142857142,116,53.46,14.0,201,92.63,10.701492537313433
Corn Exchange Bank Trust Company,org,Corporation,financial,bank,F-039,15,1,0.029411764705882353,0.26495726495726496,0.010134833089952036,0.0,0.0,8.0,8.0,0.0022720309242097686,0.00043345956006888236,0.0,0,6,1,1,0.06666666666666667,197.0,213.0,208.0,209.0,186.0,171.0,202.0,207.0,1,0.46,8.0,8,3.69,15.375,70,32.26,15.628571428571428
Corn Products Refining Company,org,Corporation,non-financial,industrial,NF-142,13,6,0.2935185185185185,0.33695652173913043,0.014737359205586161,0.0028304454590057197,0.006869772998805257,13.05993690851735,11.333333333333334,0.010403798649341312,0.0023324129946758984,0.3333333333333333,5,6,11,5,0.46153846153846156,136.0,123.0,141.0,123.0,124.0,94.0,173.0,173.0,6,2.76,11.333333333333334,52,23.96,12.0,173,79.72,11.658959537572255
Crown Zellerbach Corporation,org,Corporation,non-financial,industrial,NF-155,14,3,0.07898384214173687,0.25771971496437057,0.008931285546545875,0.009216589861751152,0.009216589861751152,5.00092357423228,5.0,0.0014487210561107025,0.00011393097664330762,0.3333333333333333,1,6,2,2,0.21428571428571427,171.0,188.0,210.0,216.0,69.0,72.0,208.0,215.0,3,1.38,5.0,11,5.07,8.545454545454545,57,26.27,15.228070175438596
Crucible Steel Company of America,org,Corporation,non-financial,industrial,NF-150,15,11,0.4054514606352175,0.362876254180602,0.015118985210165711,0.0042677972897643595,0.0053550093872674525,15.527567959990861,16.272727272727273,0.04877615574696068,0.011755042774984452,0.5636363636363636,31,5,23,8,0.7333333333333333,76.0,98.0,101.0,112.0,104.0,105.0,82.0,111.0,11,5.07,16.272727272727273,78,35.94,14.743589743589743,183,84.33,11.469945355191257
Cudahy Packing Company,org,Corporation,non-financial,industrial,NF-180,7,1,0.037037037037037035,0.2980769230769231,0.01228147789003832,0.0,0.0,22.0,22.0,0.005671621290769276,0.00164619184075821,0.0,0,6,1,1,0.14285714285714285,197.0,208.0,188.0,175.0,186.0,171.0,187.0,183.0,1,0.46,22.0,22,10.14,16.0,131,60.37,13.435114503816793
Deere & Company,org,Corporation,non-financial,industrial,NF-174,17,1,0.029411764705882353,0.265281173594132,0.010575426672168273,0.0,0.0,10.0,10.0,0.0012548106695240257,0.0002751457832943462,0.0,0,7,1,1,0.058823529411764705,197.0,213.0,206.0,204.0,186.0,171.0,209.0,210.0,1,0.46,10.0,10,4.61,10.8,72,33.18,14.51388888888889
Delaware & Hudson Company,org,Corporation,non-financial,railroad,NF-080,13,11,0.39343714942862734,0.390990990990991,0.01606455716974723,0.0028804694219021878,0.000682710360129715,20.448959552038467,19.363636363636363,0.07317775975738278,0.021401695693591648,0.2909090909090909,16,5,29,8,0.8461538461538461,76.0,102.0,63.0,85.0,122.0,151.0,53.0,73.0,11,5.07,19.363636363636363,103,47.47,14.980582524271844,200,92.17,10.76
"Delaware, Lackawanna & Western Railroad",org,Corporation,non-financial,railroad,NF-105,14,13,0.49918729646264515,0.396709323583181,0.015849379076141534,0.002790789682547022,0.002119246742902657,18.98626053232354,21.076923076923077,0.09833461116557872,0.027051828437131113,0.3974358974358974,31,4,33,8,0.9285714285714286,59.0,84.0,49.0,90.0,125.0,133.0,32.0,60.0,13,5.99,21.076923076923077,109,50.23,14.146788990825687,199,91.71,10.78391959798995
Denver & Rio Grande Western Railroad,org,Corporation,non-financial,railroad,NF-082,9,6,0.7459611698930584,0.3422712933753943,0.016557271919673437,0.0034687693101519315,0.028567161631677763,9.193665947531787,12.166666666666666,0.01559431338880821,0.007058726560515202,0.4,6,5,8,4,0.6666666666666666,136.0,40.0,135.0,75.0,115.0,26.0,150.0,135.0,6,2.76,12.166666666666666,53,24.42,14.018867924528301,176,81.11,11.517045454545455
Detroit Edison Company,org,Corporation,non-financial,utility,NF-065,8,5,0.3547759103641457,0.34335443037974683,0.015642715839099375,0.0017607938209962249,0.01300705467372134,10.052425881331175,12.6,0.016176204745088848,0.009137206066040118,0.1,1,5,7,4,0.625,145.0,108.0,134.0,95.0,137.0,58.0,147.0,121.0,5,2.3,12.6,54,24.88,15.166666666666666,182,83.87,11.571428571428571
Duke Power Company,org,Corporation,non-financial,utility,NF-086,14,2,0.07248157248157248,0.32829046898638425,0.013021877010557658,0.0,0.0,19.949152542372882,23.0,0.014582240386384317,0.005609689688286438,1.0,1,5,2,2,0.14285714285714285,183.0,191.0,153.0,163.0,186.0,171.0,155.0,144.0,2,0.92,23.0,43,19.82,17.232558139534884,167,76.96,11.988023952095809
E. I. du Pont de Nemours & Company,org,Corporation,non-financial,industrial,NF-039,35,7,0.2770195035173436,0.3586776859504132,0.015359315979586974,0.0031303741601615915,0.0006400409626216078,17.741146128985495,17.285714285714285,0.03874175879067146,0.011876135821478777,0.3333333333333333,7,5,11,5,0.2,118.0,130.0,111.0,106.0,120.0,154.0,105.0,110.0,7,3.23,17.285714285714285,73,33.64,15.767123287671232,187,86.18,11.197860962566844
Edison Electric Illuminating Company of Boston,org,Corporation,non-financial,utility,NF-102,12,9,0.49395737126549144,0.3610648918469218,0.016686901258548253,0.0006505996077709065,0.005248335893497184,16.86952272418816,18.11111111111111,0.05124886533530502,0.017015668186574632,0.7222222222222222,26,5,22,8,0.75,100.0,85.0,103.0,70.0,162.0,106.0,78.0,92.0,9,4.15,18.11111111111111,74,34.1,15.635135135135135,186,85.71,11.349462365591398
Electric Power & Light Corporation,org,Corporation,non-financial,utility,NF-030,10,12,1.282170060692476,0.38137082601054484,0.017462741700612273,0.004103285584033033,0.03374438186266144,13.818914591929367,18.0,0.07151617002814822,0.48242977568373563,0.45454545454545453,30,5,24,8,1.2,67.0,7.0,74.0,39.0,109.0,19.0,57.0,2.0,12,5.53,18.0,89,41.01,15.0,199,91.71,10.78894472361809
Equitable Life Assurance Society of the United States,org,Corporation,financial,insurance,F-007,34,19,0.3929318102709566,0.4297029702970297,0.013365673105504423,0.019043895501884844,0.0003626898788189111,18.60024524496265,18.263157894736842,0.11324590692555922,0.017288315649988308,0.2222222222222222,38,4,34,8,0.5588235294117647,29.0,103.0,17.0,153.0,32.0,166.0,21.0,88.0,19,8.76,18.263157894736842,136,62.67,13.235294117647058,208,95.85,10.379807692307692
F. W. Woolworth Company,org,Corporation,non-financial,industrial,NF-094,24,4,0.09737726857292074,0.33384615384615385,0.012080735375934468,0.0005234237881910545,0.0,15.599849157797705,15.25,0.015970830577428496,0.0035994630939523735,0.5,3,6,6,4,0.16666666666666666,158.0,182.0,144.0,183.0,168.0,171.0,149.0,159.0,4,1.84,15.25,50,23.04,15.46,170,78.34,11.758823529411766
Federal Water Service Corporation,org,Corporation,non-financial,utility,NF-104,7,1,0.041666666666666664,0.2984869325997249,0.011254457808294536,0.0,0.0,18.0,18.0,0.005146262699438365,0.0007541736948918513,0.0,0,6,1,1,0.14285714285714285,197.0,203.0,186.0,200.0,186.0,171.0,190.0,200.0,1,0.46,18.0,18,8.29,18.0,133,61.29,12.969924812030076
First National Bank (Boston),org,Corporation,financial,bank,F-017,26,17,0.950246942320113,0.39311594202898553,0.01840746542490667,0.0047359116860024135,0.03200204813108039,14.795024045464965,16.235294117647058,0.08936603379987632,0.030545614454880188,0.4338235294117647,59,5,24,8,0.6538461538461539,36.0,21.0,58.0,27.0,101.0,23.0,39.0,54.0,17,7.83,16.235294117647058,102,47.0,14.549019607843137,199,91.71,10.743718592964823
First National Bank (Chicago),org,Corporation,financial,bank,F-013,24,18,0.6189389774323285,0.3833922261484099,0.015841527711462407,0.020141980242739048,0.009600614439324117,12.284886856318783,12.166666666666666,0.06213533805005508,0.01769358279236623,0.23529411764705882,36,4,24,8,0.75,31.0,56.0,71.0,91.0,28.0,70.0,65.0,86.0,18,8.29,12.166666666666666,88,40.55,14.715909090909092,196,90.32,10.89795918367347
First National Bank (New York),org,Corporation,financial,bank,F-024,11,17,1.1292272647605446,0.4048507462686567,0.02219848819380932,0.008067116498230427,0.1061863514820504,22.961038596156456,19.11764705882353,0.11680988161180579,0.0896954208266943,0.36764705882352944,50,4,34,8,1.5454545454545454,36.0,13.0,38.0,2.0,76.0,3.0,20.0,14.0,17,7.83,19.11764705882353,111,51.15,14.315315315315315,204,94.01,10.549019607843137
First National Bank (St. Louis),org,Corporation,financial,bank,F-046,25,7,0.19658613744077716,0.3243647234678625,0.01213860707019921,0.012451538899449064,0.009856630824372761,7.491176138603599,7.714285714285714,0.01141851964364728,0.001917318481939643,0.09523809523809523,2,5,7,4,0.28,118.0,157.0,162.0,182.0,51.0,69.0,169.0,178.0,7,3.23,7.714285714285714,42,19.35,12.666666666666666,157,72.35,12.26751592356688
Florida East Coast Railway,org,Corporation,non-financial,railroad,NF-137,5,1,0.07142857142857142,0.2608173076923077,0.013796785164923286,0.0,0.0,8.0,8.0,0.00179704551184044,0.034733190342719204,0.0,0,6,1,1,0.2,197.0,193.0,209.0,144.0,186.0,171.0,205.0,48.0,1,0.46,8.0,8,3.69,14.625,62,28.57,14.612903225806452
General Electric Company,org,Corporation,non-financial,industrial,NF-054,20,29,1.0233440712466009,0.4383838383838384,0.01914258283724835,0.06913591620635946,0.04488820617852876,16.820355480260858,16.620689655172413,0.159599536875707,0.04434489805292268,0.19458128078817735,79,4,35,8,1.45,8.0,20.0,10.0,17.0,1.0,14.0,9.0,34.0,29,13.36,16.620689655172413,136,62.67,12.698529411764707,208,95.85,10.33173076923077
General Foods Corporation,org,Corporation,non-financial,industrial,NF-197,15,22,0.7928283319197319,0.4271653543307087,0.016808464649847633,0.027507146055831003,0.028126244524093985,16.320205121625442,16.5,0.10576477299041225,0.023439253139389386,0.22510822510822512,52,4,28,8,1.4666666666666666,17.0,34.0,21.0,64.0,19.0,27.0,27.0,65.0,22,10.14,16.5,129,59.45,13.720930232558139,209,96.31,10.334928229665072
General Motors Corporation,org,Corporation,non-financial,industrial,NF-008,35,22,0.7469851307186263,0.4375,0.017316040345576027,0.013449892214428025,0.010816692268305172,19.505868221011742,21.727272727272727,0.16611532514894517,0.048075895706231275,0.3593073593073593,83,4,36,8,0.6285714285714286,17.0,38.0,12.0,43.0,45.0,63.0,8.0,29.0,22,10.14,21.727272727272727,142,65.44,13.06338028169014,208,95.85,10.370192307692308
Gimbel Brothers,org,Corporation,non-financial,industrial,NF-173,19,7,0.21663213984664184,0.34887459807073956,0.013156985923951616,0.002429040805308936,0.0,13.351974346887097,13.285714285714286,0.018601222022740324,0.0029152108506916084,0.5714285714285714,12,5,12,6,0.3684210526315789,118.0,149.0,128.0,158.0,131.0,171.0,142.0,165.0,7,3.23,13.285714285714286,59,27.19,14.254237288135593,182,83.87,11.538461538461538
Goodyear Tire & Rubber Company,org,Corporation,non-financial,industrial,NF-095,17,13,0.5471845732575044,0.3767361111111111,0.015272118179450908,0.02077395841955369,0.013206178528759178,9.864132519216936,12.076923076923077,0.0471988126500997,0.01618264908936593,0.23076923076923078,18,5,14,6,0.7647058823529411,59.0,77.0,79.0,108.0,26.0,57.0,86.0,96.0,13,5.99,12.076923076923077,80,36.87,14.6875,200,92.17,10.74
Great Atlantic & Pacific Tea Company,org,Corporation,non-financial,industrial,NF-097,12,6,0.19489602903396006,0.3787085514834206,0.014086440108982126,0.0008067236638522053,0.00038402457757296467,23.12309127061737,23.833333333333332,0.045609256600592195,0.00940192453414894,0.3333333333333333,5,5,12,6,0.5,136.0,158.0,77.0,142.0,157.0,164.0,89.0,119.0,6,2.76,23.833333333333332,94,43.32,14.73404255319149,196,90.32,10.933673469387756
Great Northern Railway,org,Corporation,non-financial,railroad,NF-011,12,14,0.5193440486971342,0.3981651376146789,0.017163292323974556,0.01666560333323668,0.0136542072025943,15.327600534111525,16.071428571428573,0.07279501545037881,0.019198750330383926,0.2087912087912088,19,5,21,8,1.1666666666666667,51.0,82.0,46.0,50.0,39.0,55.0,55.0,79.0,14,6.45,16.071428571428573,111,51.15,13.99099099099099,200,92.17,10.7
Guaranty Trust Company of New York,org,Corporation,financial,bank,F-006,24,35,1.4511789085172924,0.4717391304347826,0.021146402292554003,0.06684030649600221,0.07226062467997953,19.17166022960787,17.142857142857142,0.20250480032013052,0.13211200803378223,0.16974789915966387,101,4,35,8,1.4583333333333333,1.0,4.0,2.0,5.0,2.0,4.0,3.0,6.0,35,16.13,17.142857142857142,163,75.12,11.92638036809816,210,96.77,10.223809523809523
Gulf Oil Corporation,org,Corporation,non-financial,industrial,NF-050,7,10,0.761021068079555,0.3494363929146538,0.019123154879929494,0.0009239840417482378,0.015531660692951017,15.541648767668274,14.7,0.03747058993007131,0.03775824856561377,0.6888888888888889,31,6,21,8,1.4285714285714286,88.0,37.0,127.0,18.0,152.0,53.0,110.0,42.0,10,4.61,14.7,65,29.95,14.96923076923077,179,82.49,11.491620111731844
Harris Trust & Savings Bank,org,Corporation,financial,bank,F-050,18,11,0.4053604734465225,0.35284552845528455,0.014830677404289722,0.01003733023515905,0.00872589179040792,13.476189230302694,14.363636363636363,0.04176769267886754,0.014571553081352594,0.38181818181818183,21,5,21,8,0.6111111111111112,76.0,99.0,118.0,120.0,62.0,79.0,97.0,99.0,11,5.07,14.363636363636363,72,33.18,13.333333333333334,174,80.18,11.683908045977011
Hearst Consolidated Publications,org,Corporation,non-financial,industrial,NF-131,11,1,0.030303030303030304,0.28403141361256545,0.009832188547745228,0.0,0.0,16.0,16.0,0.0029452730321040507,0.002067692567946751,0.0,0,6,1,1,0.09090909090909091,197.0,211.0,197.0,211.0,186.0,171.0,201.0,176.0,1,0.46,16.0,16,7.37,12.6875,104,47.93,13.817307692307692
Hudson & Manhattan Railroad,org,Corporation,non-financial,railroad,NF-134,10,12,0.5287472024542962,0.3996316758747698,0.016936290380059022,0.005564606244799501,0.007232462877624168,18.553943530288837,18.833333333333332,0.06512342398242964,0.015595811212605046,0.3787878787878788,25,5,30,8,1.2,67.0,81.0,43.0,59.0,89.0,91.0,63.0,97.0,12,5.53,18.833333333333332,113,52.07,13.920353982300885,202,93.09,10.668316831683168
Illinois Central Railroad,org,Corporation,non-financial,railroad,NF-029,13,13,0.6695493041816571,0.4071294559099437,0.018684921059591228,0.010822498313906375,0.019656369118734713,22.386003546796122,21.0,0.08756336275117817,0.037537293569755714,0.34615384615384615,27,5,28,8,1.0,59.0,52.0,37.0,24.0,56.0,38.0,42.0,43.0,13,5.99,21.0,120,55.3,13.883333333333333,203,93.55,10.625615763546797
Inland Steel Company,org,Corporation,non-financial,industrial,NF-144,15,4,0.13766255511525366,0.32533733133433285,0.013084375125618055,0.00046476550380067193,0.0,15.689033042773161,16.5,0.016513155454745847,0.005195946816643262,0.5,3,5,6,4,0.26666666666666666,158.0,172.0,161.0,159.0,170.0,171.0,146.0,147.0,4,1.84,16.5,44,20.28,15.181818181818182,160,73.73,12.25
Interborough Rapid Transit Company,org,Corporation,non-financial,utility,NF-041,18,18,0.6132188747489603,0.4246575342465753,0.015393074535175709,0.02573277259381685,0.012715480457415941,15.410723731159077,17.055555555555557,0.08843311962527903,0.016336774832378963,0.1830065359477124,28,5,28,8,1.0,31.0,58.0,23.0,105.0,22.0,59.0,40.0,94.0,18,8.29,17.055555555555557,133,61.29,12.842105263157896,207,95.39,10.396135265700483
Interlake Iron Corporation,org,Corporation,non-financial,industrial,NF-199,15,5,0.20103906875085378,0.3034965034965035,0.013031145352460742,0.00930736884108868,0.009920634920634922,8.391260982862777,8.6,0.011081701393462786,0.00661825651228992,0.4,4,6,6,4,0.3333333333333333,145.0,155.0,179.0,161.0,67.0,68.0,170.0,137.0,5,2.3,8.6,28,12.9,13.357142857142858,130,59.91,13.184615384615384
International Harvester Company,org,Corporation,non-financial,industrial,NF-059,18,12,0.5472112285511719,0.3511326860841424,0.01624054394596038,0.0042097160935345695,0.006144393241167435,14.843471360556057,13.666666666666666,0.0397897822150389,0.0180379018374904,0.4393939393939394,29,5,22,8,0.6666666666666666,67.0,76.0,122.0,82.0,106.0,99.0,102.0,84.0,12,5.53,13.666666666666666,62,28.57,13.016129032258064,178,82.03,11.657303370786517
International Paper & Power Company,org,Corporation,non-financial,industrial,NF-023,10,12,0.5861356854310145,0.3924050632911392,0.01718310565498383,0.010325075526784888,0.023560618990726517,18.20556380527217,19.166666666666668,0.06791969579673655,0.018829896516066636,0.3939393939393939,26,5,31,8,1.2,67.0,63.0,60.0,48.0,61.0,35.0,60.0,80.0,12,5.53,19.166666666666668,106,48.85,13.79245283018868,198,91.24,10.828282828282829
International Shoe Company,org,Corporation,non-financial,industrial,NF-169,25,1,0.02040816326530612,0.24519774011299436,0.007624510030697982,0.0,0.0,7.0,7.0,0.000664482260558929,4.3350324871730466e-05,0.0,0,6,1,1,0.04,197.0,218.0,213.0,217.0,186.0,171.0,215.0,217.0,1,0.46,7.0,7,3.23,8.571428571428571,42,19.35,12.80952380952381
International Telephone & Telegraph Corporation,org,Corporation,non-financial,utility,NF-046,23,7,0.2542223719039034,0.3696763202725724,0.015529093280881324,0.0009772203075659265,0.001429424816521591,19.543442789837027,20.571428571428573,0.04680799881130489,0.01262167668487659,0.3333333333333333,7,5,16,7,0.30434782608695654,118.0,136.0,90.0,98.0,151.0,139.0,87.0,106.0,7,3.23,20.571428571428573,85,39.17,14.670588235294117,191,88.02,11.06806282722513
Irving Trust Company,org,Corporation,financial,bank,F-018,23,16,0.4512007014616937,0.395985401459854,0.014522465836302564,0.025784759796206144,0.01832650622973204,11.576411381265093,11.75,0.05061205982801338,0.061594108997003405,0.14166666666666666,17,5,19,7,0.6956521739130435,42.0,93.0,51.0,128.0,21.0,44.0,81.0,19.0,16,7.37,11.75,104,47.93,13.673076923076923,201,92.63,10.701492537313433
J. P. Morgan & Company,org,Corporation,financial,bank,F-026,17,21,1.0958654778709225,0.4288537549407115,0.020540489374792935,0.019369155810886524,0.045151334129828746,17.374296130784334,17.0,0.12606879005693436,0.07026818998446573,0.23333333333333334,49,4,35,8,1.2352941176470589,22.0,15.0,18.0,7.0,30.0,13.0,17.0,18.0,21,9.68,17.0,133,61.29,13.210526315789474,208,95.85,10.375
John Hancock Mutual Life Insurance Company,org,Corporation,financial,insurance,F-016,16,10,0.3703829870731003,0.3598673300165838,0.014551924777054902,0.0007472751396301263,0.0,17.091039715587048,17.9,0.056733726089477285,0.013018929989870552,0.6888888888888889,31,5,23,8,0.625,88.0,107.0,109.0,127.0,158.0,171.0,70.0,104.0,10,4.61,17.9,72,33.18,15.61111111111111,185,85.25,11.4
Jones & Laughlin Steel Corporation,org,Corporation,non-financial,industrial,NF-099,17,3,0.11756211857018309,0.2912751677852349,0.013537376555698132,0.0,0.0,12.856315179606025,12.333333333333334,0.006943631961879765,0.004759328325019835,1.0,3,6,5,3,0.17647058823529413,171.0,176.0,192.0,148.0,186.0,171.0,180.0,153.0,3,1.38,12.333333333333334,21,9.68,14.476190476190476,117,53.92,13.683760683760683
Kansas City Southern Railway,org,Corporation,non-financial,railroad,NF-129,15,3,0.10434472934472934,0.33129770992366414,0.013025143578451815,0.00014540858967635446,0.0,17.604095563139932,19.333333333333332,0.01944858164606034,0.007227348352261705,0.3333333333333333,1,5,5,3,0.2,171.0,180.0,150.0,162.0,178.0,171.0,138.0,134.0,3,1.38,19.333333333333332,48,22.12,16.6875,166,76.5,11.939759036144578
Kennecott Copper Corporation,org,Corporation,non-financial,industrial,NF-066,18,17,0.6356003080885261,0.42549019607843136,0.017738115812730344,0.01133053563785641,0.007936507936507936,20.310542835169624,19.941176470588236,0.1120677178666516,0.03829110655522588,0.3235294117647059,44,4,35,8,0.9444444444444444,36.0,55.0,22.0,38.0,54.0,86.0,22.0,41.0,17,7.83,19.941176470588236,134,61.75,13.283582089552239,207,95.39,10.429951690821255
Koppers Company (Delaware),org,Corporation,non-financial,industrial,NF-064,10,11,0.5732058003551692,0.36470588235294116,0.01706778329495858,0.004931410576213038,0.01708909370199693,14.043149907404826,15.181818181818182,0.042257119162608825,0.02180279395890813,0.509090909090909,28,6,22,8,1.1,76.0,67.0,98.0,55.0,94.0,47.0,94.0,69.0,11,5.07,15.181818181818182,79,36.41,14.012658227848101,188,86.64,11.175531914893616
Lehigh Coal & Navigation Company,org,Corporation,non-financial,industrial,NF-170,12,8,0.601384800332907,0.3224368499257058,0.017321566817563014,0.0014917911469664767,0.018305171530977982,12.931177838174698,11.5,0.022230673829466276,0.1426429425710302,0.42857142857142855,12,6,13,6,0.6666666666666666,108.0,62.0,165.0,42.0,139.0,45.0,132.0,5.0,8,3.69,11.5,44,20.28,13.636363636363637,152,70.05,12.513157894736842
Lehigh Valley Railroad,org,Corporation,non-financial,railroad,NF-085,13,24,0.9414062009060506,0.444672131147541,0.01982238271944727,0.03903846220090424,0.05767835808158389,15.879722987196411,16.125,0.1097135833540052,0.0399287656400035,0.16304347826086957,45,5,29,8,1.8461538461538463,11.0,24.0,8.0,10.0,9.0,6.0,25.0,38.0,24,11.06,16.125,148,68.2,12.304054054054054,209,96.31,10.301435406698564
Loew's,org,Corporation,non-financial,industrial,NF-130,12,7,0.23794520198931965,0.3580858085808581,0.014953834098088883,0.0016992609873461991,0.003008192524321557,19.595167022976355,19.0,0.04232659903688494,0.00958377853021412,0.7142857142857143,15,5,12,6,0.5833333333333334,118.0,143.0,112.0,118.0,138.0,124.0,93.0,118.0,7,3.23,19.0,70,32.26,15.814285714285715,188,86.64,11.24468085106383
Lone Star Gas Corporation,org,Corporation,non-financial,utility,NF-128,6,1,0.1,0.2546948356807512,0.011372461722445052,0.0,0.0,5.0,5.0,0.0011085550946507876,0.0006322348286964392,0.0,0,6,1,1,0.16666666666666666,197.0,181.0,211.0,198.0,186.0,171.0,211.0,202.0,1,0.46,5.0,5,2.3,13.4,55,25.35,16.145454545454545
Manufacturers Trust Company,org,Corporation,financial,bank,F-019,26,10,0.27706531905518555,0.37285223367697595,0.013232800444752186,0.007149610412310805,0.0023894862604540027,12.228865898929635,12.8,0.03673673921209158,0.005006373980097698,0.1111111111111111,5,5,13,6,0.38461538461538464,88.0,129.0,84.0,156.0,81.0,130.0,112.0,149.0,10,4.61,12.8,83,38.25,14.060240963855422,196,90.32,10.85204081632653
Marine Midland Corporation,org,Corporation,financial,bank,F-029,23,8,0.31512399256964474,0.357495881383855,0.01354256319248198,0.005116278804130202,0.0011947431302270013,10.077578363118409,11.75,0.025709529379028928,0.005228047838465942,0.14285714285714285,4,5,12,6,0.34782608695652173,108.0,116.0,113.0,146.0,92.0,145.0,123.0,146.0,8,3.69,11.75,72,33.18,15.26388888888889,182,83.87,11.521978021978022
Marshall Field & Company,org,Corporation,non-financial,industrial,NF-156,9,11,0.5335868277076717,0.37349397590361444,0.016743150445859396,0.0032187989979886966,0.007680491551459293,15.370659405121792,16.727272727272727,0.05495613269403022,0.023056125943873327,0.36363636363636365,20,5,23,8,1.2222222222222223,76.0,79.0,83.0,67.0,119.0,89.0,72.0,67.0,11,5.07,16.727272727272727,84,38.71,15.142857142857142,194,89.4,11.005154639175258
Massachusetts Mutual Life Insurance Company,org,Corporation,financial,insurance,F-027,20,3,0.07208921304370805,0.32680722891566266,0.009812991422221595,0.0,0.0,13.929252199413487,14.666666666666666,0.012149509920529135,0.0023338560173556725,1.0,3,5,5,3,0.15,171.0,192.0,158.0,212.0,186.0,171.0,166.0,172.0,3,1.38,14.666666666666666,37,17.05,16.56756756756757,169,77.88,11.881656804733728
McKesson & Robbins (Maryland),org,Corporation,non-financial,industrial,NF-191,25,8,0.2105054041555303,0.3422712933753943,0.01168210223492946,0.007500025600678883,0.002005461682881038,9.702280083244933,10.0,0.014252173873056728,0.0015747453819377783,0.39285714285714285,11,5,12,6,0.32,108.0,151.0,135.0,191.0,78.0,134.0,158.0,184.0,8,3.69,10.0,51,23.5,13.529411764705882,177,81.57,11.700564971751412
Mellon National Bank,org,Corporation,financial,bank,F-035,22,15,1.2176279436860247,0.3773913043478261,0.017848357326769905,0.00949852944045563,0.023756187062638677,12.888465244342449,13.466666666666667,0.051521851805817795,0.04834397990446246,0.3523809523809524,37,6,23,8,0.6818181818181818,45.0,9.0,78.0,36.0,64.0,34.0,77.0,28.0,15,6.91,13.466666666666667,91,41.94,14.098901098901099,191,88.02,11.078534031413612
Metropolitan Life Insurance Company,org,Corporation,financial,insurance,F-001,25,17,0.5607253821444851,0.41811175337186895,0.01669783471452088,0.012776355110421151,0.002688172043010753,19.09929953817831,16.823529411764707,0.08815307383000091,0.02162596638330886,0.19852941176470587,27,5,27,8,0.68,36.0,71.0,31.0,69.0,50.0,127.0,41.0,71.0,17,7.83,16.823529411764707,130,59.91,13.430769230769231,203,93.55,10.596059113300493
Middle West Corporation,org,Corporation,non-financial,industrial,NF-053,7,2,0.09259259259259259,0.3140376266280753,0.013460393302235897,0.00019771955215764392,0.0004053592763270183,13.000000000000002,14.5,0.008078967723921335,0.0024337639018641335,0.0,0,5,2,2,0.2857142857142857,183.0,183.0,172.0,149.0,176.0,163.0,178.0,171.0,2,0.92,14.5,28,12.9,17.0,152,70.05,12.69078947368421
Minneapolis & St. Louis Railroad,org,Corporation,non-financial,railroad,NF-189,12,1,0.058823529411764705,0.25203252032520324,0.012044375113793778,0.0,0.0,5.999999999999999,6.0,0.0012298547125337998,0.0007396689908117209,0.0,0,6,1,1,0.08333333333333333,197.0,200.0,212.0,184.0,186.0,171.0,210.0,201.0,1,0.46,6.0,6,2.76,14.5,55,25.35,15.309090909090909
Minnesota & Ontario Paper Company,org,Corporation,non-financial,industrial,NF-178,9,1,0.05,0.2851511169513798,0.01279235097697124,0.0,0.0,14.0,14.0,0.004236171281050695,0.0010635672070216106,0.0,0,6,1,1,0.1111111111111111,197.0,202.0,196.0,168.0,186.0,171.0,198.0,195.0,1,0.46,14.0,14,6.45,17.0,111,51.15,14.108108108108109
Missouri Pacific Railroad,org,Corporation,non-financial,railroad,NF-034,15,6,0.5561355622306385,0.3140376266280753,0.015773817919881007,0.01074854003431356,0.009216589861751152,6.2699415028896315,8.0,0.008198317202559034,0.004087074301547318,0.26666666666666666,4,6,7,4,0.4,136.0,73.0,172.0,92.0,57.0,72.0,176.0,156.0,6,2.76,8.0,36,16.59,12.222222222222221,141,64.98,12.581560283687944
Missouri-Kansas-Texas Railroad,org,Corporation,non-financial,railroad,NF-079,15,13,0.4158950548673269,0.3861209964412811,0.014487098074029798,0.01458487132896373,0.006357740228707971,12.271821716000918,12.846153846153847,0.03869641280130528,0.007317511138518828,0.19230769230769232,15,5,18,7,0.8666666666666667,59.0,97.0,68.0,130.0,42.0,97.0,106.0,133.0,13,5.99,12.846153846153847,96,44.24,13.197916666666666,198,91.24,10.691919191919192
Montgomery Ward & Company,org,Corporation,non-financial,industrial,NF-110,11,15,0.86321928973525,0.396709323583181,0.01991434689507496,0.009396598932698914,0.006236843602435,20.154045778229076,18.866666666666667,0.08226873795224293,0.052913343878568844,0.4380952380952381,46,5,27,8,1.3636363636363635,45.0,30.0,49.0,9.0,66.0,98.0,46.0,23.0,15,6.91,18.866666666666667,111,51.15,13.486486486486486,198,91.24,10.792929292929292
Mutual Benefit Life Insurance Company,org,Corporation,financial,insurance,F-023,12,1,0.038461538461538464,0.28366013071895424,0.01196865143082115,0.0,0.0,15.0,15.0,0.004734015194938281,0.0013382153666923957,0.0,0,5,1,1,0.08333333333333333,197.0,207.0,198.0,185.0,186.0,171.0,193.0,190.0,1,0.46,15.0,15,6.91,16.533333333333335,105,48.39,14.323809523809524
Mutual Life Insurance Company of New York,org,Corporation,financial,insurance,F-009,34,35,1.217053209229267,0.47902869757174393,0.020423707904674116,0.04159569593511057,0.004722079990897195,20.38784224558743,18.571428571428573,0.2253675276442871,0.11248194033386785,0.22521008403361345,134,4,35,8,1.0294117647058822,1.0,10.0,1.0,8.0,7.0,112.0,1.0,8.0,35,16.13,18.571428571428573,168,77.42,11.964285714285714,212,97.7,10.141509433962264
National Bank of Detroit,org,Corporation,financial,bank,F-032,14,4,0.1924266674497942,0.33384615384615385,0.014842359775609045,0.0007420197674613194,0.0012374125277351085,16.978137837184754,17.25,0.02382794986914193,0.009145783186582533,0.5,3,5,6,4,0.2857142857142857,158.0,161.0,144.0,119.0,159.0,142.0,127.0,120.0,4,1.84,17.25,49,22.58,16.836734693877553,170,78.34,12.064705882352941
National Biscuit Company,org,Corporation,non-financial,industrial,NF-135,15,15,0.77121284619499,0.39526411657559196,0.017339611919166293,0.02222398732099439,0.025068271036012973,14.53251957877415,15.6,0.08135138289482804,0.03140387794347229,0.26666666666666666,28,4,31,8,1.0,45.0,36.0,54.0,41.0,25.0,31.0,47.0,53.0,15,6.91,15.6,105,48.39,14.19047619047619,199,91.71,10.738693467336683
National City Bank of New York,org,Corporation,financial,bank,F-005,19,15,0.4683670665306566,0.4033457249070632,0.015290858502683703,0.01780353649157249,0.010710018774534905,15.62576211239842,16.533333333333335,0.08319276482641473,0.018824749468797742,0.17142857142857143,18,4,31,8,0.7894736842105263,45.0,88.0,40.0,107.0,37.0,65.0,44.0,81.0,15,6.91,16.533333333333335,110,50.69,13.718181818181819,205,94.47,10.517073170731708
National Dairy Products Corporation,org,Corporation,non-financial,industrial,NF-096,30,8,0.24625929610301028,0.35284552845528455,0.01323186396608037,0.0011692291444316747,0.0,14.014796737675757,13.125,0.020466404448658486,0.003150039645579896,0.6785714285714286,19,5,13,6,0.26666666666666666,108.0,138.0,118.0,157.0,146.0,171.0,136.0,162.0,8,3.69,13.125,62,28.57,13.903225806451612,184,84.79,11.472826086956522
National Fuel Gas Company,org,Corporation,non-financial,industrial,NF-188,5,4,0.19128100423472472,0.3287878787878788,0.014230963509929587,0.0013653171565740124,0.004053592763270183,11.920932990709627,12.0,0.010836017785691513,0.0025900550998284857,0.16666666666666666,1,5,6,4,0.8,158.0,162.0,152.0,138.0,142.0,117.0,171.0,169.0,4,1.84,12.0,43,19.82,14.186046511627907,162,74.65,12.185185185185185
National Lead Company,org,Corporation,non-financial,industrial,NF-153,15,3,0.08189102564102564,0.3263157894736842,0.011600943243449182,0.00034805617896319503,0.0,16.972602739726028,17.666666666666668,0.015329424611754421,0.003985043175491795,0.3333333333333333,1,5,5,3,0.2,171.0,186.0,159.0,192.0,172.0,171.0,152.0,157.0,3,1.38,17.666666666666668,43,19.82,16.58139534883721,162,74.65,12.290123456790123
National Power & Light Company,org,Corporation,non-financial,utility,NF-042,14,17,1.5425894649827099,0.4033457249070632,0.01741489264629088,0.019346810747621207,0.04706434545144223,11.726398590154387,15.647058823529411,0.0804470915388957,0.5009105180768307,0.27205882352941174,37,5,23,8,1.2142857142857142,36.0,3.0,40.0,40.0,31.0,11.0,50.0,1.0,17,7.83,15.647058823529411,112,51.61,13.696428571428571,202,93.09,10.618811881188119
National Steel Corporation,org,Corporation,non-financial,industrial,NF-103,10,1,0.041666666666666664,0.28366013071895424,0.012260789164873977,0.0,0.0,15.0,15.0,0.004734015194938281,0.0014497333139167619,0.0,0,5,1,1,0.1,197.0,203.0,198.0,176.0,186.0,171.0,193.0,186.0,1,0.46,15.0,15,6.91,16.533333333333335,105,48.39,14.323809523809524
Natural Gas Pipeline Company of America,org,Corporation,non-financial,utility,NF-200,9,3,0.19293478260869565,0.3144927536231884,0.015507001886055687,0.00032257943025788144,0.008619218296637652,11.140845070422536,11.666666666666666,0.008454009807807037,0.005298408751443038,0.0,0,5,5,3,0.3333333333333333,171.0,160.0,171.0,101.0,173.0,80.0,175.0,145.0,3,1.38,11.666666666666666,31,14.29,15.67741935483871,153,70.51,12.61437908496732
New England Mutual Life Insurance Company,org,Corporation,financial,insurance,F-033,10,7,0.29833333333333334,0.3741379310344828,0.01658362119035246,0.0005597273336236556,0.0005973715651135007,24.473264166001595,23.428571428571427,0.05485463349831365,0.01713461924472839,0.6190476190476191,13,4,16,7,0.7,118.0,121.0,82.0,73.0,165.0,156.0,73.0,89.0,7,3.23,23.428571428571427,89,41.01,15.775280898876405,192,88.48,11.0625
New York Central Railroad,org,Corporation,non-financial,railroad,NF-003,15,29,1.3806111380205055,0.45208333333333334,0.021025385488469953,0.042094006687106,0.056309381578198786,18.653551909941047,18.310344827586206,0.18168434115572346,0.0837848988952514,0.229064039408867,93,4,35,8,1.9333333333333333,8.0,5.0,6.0,6.0,6.0,7.0,7.0,15.0,29,13.36,18.310344827586206,150,69.12,12.7,209,96.31,10.296650717703349
New York Life Insurance Company,org,Corporation,financial,insurance,F-004,27,21,0.5795426800674426,0.42135922330097086,0.015658569647905542,0.029772362280045414,0.002346816862945895,14.89085980614545,14.571428571428571,0.0970603189552612,0.021665655143233563,0.14761904761904762,31,4,30,8,0.7777777777777778,22.0,65.0,28.0,93.0,16.0,131.0,35.0,70.0,21,9.68,14.571428571428571,126,58.06,13.492063492063492,206,94.93,10.451456310679612
New York Trust Company,org,Corporation,financial,bank,F-031,20,20,0.6054708547108019,0.4189189189189189,0.01650035357900527,0.02254855485169034,0.012544802867383513,14.774985724350765,15.25,0.10183605349478486,0.02189917471855306,0.1736842105263158,33,4,30,8,1.0,26.0,61.0,30.0,76.0,24.0,60.0,28.0,68.0,20,9.22,15.25,121,55.76,13.826446280991735,209,96.31,10.334928229665072
"New York, New Haven & Hartford Railroad",org,Corporation,non-financial,railroad,NF-044,16,23,0.8016974414560625,0.42300194931773877,0.016928157856465047,0.037771852708079694,0.0332394606588155,15.0878396548667,15.347826086956522,0.11019769267675548,0.02408281941725701,0.24110671936758893,61,4,32,8,1.4375,12.0,33.0,26.0,60.0,10.0,21.0,23.0,64.0,23,10.6,15.347826086956522,125,57.6,13.448,207,95.39,10.420289855072463
Niagara Hudson Power Corporation,org,Corporation,non-financial,utility,NF-031,12,7,0.34643065268065265,0.3333333333333333,0.014738131565851284,0.002515350138685839,0.007808499743983615,10.99121073215863,11.714285714285714,0.019446826965326396,0.008776115942899215,0.3333333333333333,7,6,12,6,0.5833333333333334,118.0,110.0,146.0,122.0,129.0,87.0,139.0,124.0,7,3.23,11.714285714285714,48,22.12,15.0,167,76.96,12.107784431137725
Norfolk & Western Railway,org,Corporation,non-financial,railroad,NF-049,11,7,0.4003919483426124,0.3640939597315436,0.01694781075394327,0.0013774786814731053,0.00516299709848097,18.473756956669757,19.571428571428573,0.036458408041324004,0.01785981815658221,0.5238095238095238,11,5,13,6,0.6363636363636364,118.0,101.0,100.0,58.0,141.0,108.0,113.0,85.0,7,3.23,19.571428571428573,79,36.41,14.936708860759493,189,87.1,11.126984126984127
North American Company,org,Corporation,non-financial,utility,NF-018,13,6,0.3500337469372464,0.3390625,0.015504960005062844,0.008425130190634079,0.018682084542299596,8.487508579414651,10.333333333333334,0.016783490298953405,0.018452412524759845,0.06666666666666667,1,5,8,4,0.46153846153846156,136.0,109.0,138.0,102.0,74.0,42.0,145.0,82.0,6,2.76,10.333333333333334,54,24.88,15.037037037037036,172,79.26,11.598837209302326
Northern Pacific Railway,org,Corporation,non-financial,railroad,NF-012,16,15,0.5633504697464653,0.41254752851711024,0.017978831375960565,0.004318998624879418,0.0032642089093702,21.01503710465821,21.6,0.10994960115469397,0.03635093696156055,0.3142857142857143,33,5,34,8,0.9375,45.0,69.0,34.0,34.0,103.0,121.0,24.0,46.0,15,6.91,21.6,122,56.22,13.885245901639344,206,94.93,10.466019417475728
Northern Trust Company,org,Corporation,financial,bank,F-038,9,11,0.687980469187563,0.357495881383855,0.01672349425246862,0.002753592168997329,0.0012374125277351085,14.986112140842884,16.0,0.05256280432622667,0.03483548803979633,0.5272727272727272,29,5,23,8,1.2222222222222223,76.0,47.0,113.0,68.0,126.0,142.0,76.0,47.0,11,5.07,16.0,72,33.18,14.98611111111111,181,83.41,11.491712707182321
Northwestern Mutual Life Insurance Company,org,Corporation,financial,insurance,F-011,35,5,0.17270284925564428,0.338006230529595,0.011438950719132718,0.0026553837931594156,0.002005461682881038,9.039846437083447,11.4,0.016020703738163274,0.002260702492072153,0.1,1,6,10,4,0.14285714285714285,145.0,165.0,140.0,196.0,128.0,134.0,148.0,174.0,5,2.3,11.4,50,23.04,15.92,175,80.65,11.771428571428572
Pacific Gas & Electric Company,org,Corporation,non-financial,utility,NF-032,13,4,0.1447773279352227,0.27784891165172854,0.011577745373189202,0.002691489004585437,0.005098993002218809,4.290268456375838,4.5,0.0018602081876211759,0.0008810329431392015,0.0,0,5,5,3,0.3076923076923077,158.0,169.0,201.0,194.0,127.0,109.0,204.0,198.0,4,1.84,4.5,17,7.83,8.647058823529411,89,41.01,13.55056179775281
Pacific Lighting Corporation,org,Corporation,non-financial,utility,NF-092,13,3,0.10702702702702704,0.27963917525773196,0.010365094945702664,0.0014378063396393924,0.000682710360129715,6.131313131313131,6.333333333333333,0.0017903643209610624,0.00019820991958551635,0.0,0,5,5,3,0.23076923076923078,171.0,179.0,200.0,206.0,140.0,151.0,206.0,211.0,3,1.38,6.333333333333333,18,8.29,9.277777777777779,91,41.94,13.362637362637363
Pacific Mutual Life Insurance Company,org,Corporation,financial,insurance,F-048,26,7,0.29726353429360947,0.3172514619883041,0.011582918842170721,0.012815983839023338,0.004416282642089094,7.493829143121415,8.428571428571429,0.0124396847144706,0.0016598905948502882,0.42857142857142855,9,5,7,4,0.2692307692307692,118.0,122.0,169.0,193.0,49.0,115.0,163.0,181.0,7,3.23,8.428571428571429,40,18.43,14.275,146,67.28,12.273972602739725
Paramount Pictures,org,Corporation,non-financial,industrial,NF-141,17,10,0.3446698613756003,0.3861209964412811,0.014313829666026633,0.004519941658209045,0.0007467144563918758,16.42031580982673,17.5,0.046241079661734054,0.007604266334201105,0.3111111111111111,14,5,25,8,0.5882352941176471,88.0,111.0,68.0,135.0,102.0,150.0,88.0,130.0,10,4.61,17.5,100,46.08,14.65,198,91.24,10.863636363636363
Penn Mutual Life Insurance Company,org,Corporation,financial,insurance,F-021,26,13,0.5801075827922058,0.3916967509025271,0.016629057193297984,0.006809544890448838,0.005483017579791773,13.916568004742249,16.0,0.05916291178274799,0.05144003969273775,0.28205128205128205,22,5,21,8,0.5,59.0,64.0,61.0,71.0,84.0,104.0,69.0,24.0,13,5.99,16.0,101,46.54,14.277227722772277,201,92.63,10.691542288557214
Pennsylvania Company for Insurances on Lives & Granting Annuities,org,Corporation,financial,insurance,F-047,18,7,0.30946267900732893,0.3229166666666667,0.014422536618258555,0.0006774290510416298,0.0010667349377026798,10.669993157718299,11.0,0.019660321839904935,0.037470875199618635,0.47619047619047616,10,6,12,6,0.3888888888888889,118.0,118.0,163.0,131.0,161.0,148.0,137.0,44.0,7,3.23,11.0,42,19.35,15.595238095238095,155,71.43,12.44516129032258
Pennsylvania Railroad,org,Corporation,non-financial,railroad,NF-002,17,30,1.2727528796531893,0.4383838383838384,0.019647488921806063,0.04818536108625394,0.05486217784604882,14.788607275642816,15.533333333333333,0.1391972940969845,0.058824204374966514,0.167816091954023,73,5,30,8,1.7647058823529411,7.0,8.0,10.0,11.0,5.0,8.0,12.0,21.0,30,13.82,15.533333333333333,141,64.98,12.687943262411348,203,93.55,10.532019704433498
People's Gas Light & Coke Company,org,Corporation,non-financial,utility,NF-087,8,17,1.17340456578813,0.395985401459854,0.01959515388667319,0.00848656121729973,0.057888149285998745,17.197303405689325,17.294117647058822,0.08670194459170082,0.06112324044896316,0.4632352941176471,63,5,26,8,2.125,36.0,12.0,51.0,12.0,73.0,5.0,43.0,20.0,17,7.83,17.294117647058822,106,48.85,14.0,198,91.24,10.823232323232324
Phelps Dodge Corporation,org,Corporation,non-financial,industrial,NF-098,20,8,0.27529418826232965,0.3598673300165838,0.015425840533977135,0.010737550775990378,0.009216589861751152,15.3031137737497,14.5,0.03904372693334263,0.013301932159688896,0.21428571428571427,6,5,16,7,0.4,108.0,131.0,109.0,103.0,58.0,72.0,104.0,102.0,8,3.69,14.5,70,32.26,15.528571428571428,188,86.64,11.26063829787234
Philadelphia & Reading Coal & Iron Corporation,org,Corporation,non-financial,industrial,NF-162,6,6,0.2923252129134482,0.3364341085271318,0.015127529035209215,0.009725148798940807,0.009216589861751152,12.553135268809918,13.666666666666666,0.021133736020313584,0.011349680556794608,0.3333333333333333,5,5,7,4,1.0,136.0,124.0,142.0,111.0,63.0,72.0,135.0,114.0,6,2.76,13.666666666666666,55,25.35,15.218181818181819,169,77.88,11.899408284023668
Philadelphia National Bank,org,Corporation,financial,bank,F-030,22,19,0.9182432425422105,0.3996316758747698,0.01677615242172129,0.02767760327117912,0.02897252090800478,10.600617715340219,11.263157894736842,0.055622311661583185,0.07130353669307397,0.18128654970760233,31,5,22,8,0.8636363636363636,29.0,27.0,43.0,66.0,18.0,25.0,71.0,17.0,19,8.76,11.263157894736842,107,49.31,13.822429906542055,200,92.17,10.7
Philadelphia Rapid Transit Company,org,Corporation,non-financial,utility,NF-186,11,2,0.06971153846153846,0.3013888888888889,0.0114612737639458,0.0,0.0,12.379310344827587,13.0,0.004364199336782456,0.002732948057545064,1.0,1,5,2,2,0.18181818181818182,183.0,194.0,182.0,195.0,186.0,171.0,195.0,167.0,2,0.92,13.0,24,11.06,12.291666666666666,133,61.29,13.105263157894736
Phillips Petroleum Company,org,Corporation,non-financial,industrial,NF-107,14,8,0.30324782081361035,0.3715753424657534,0.015036800068634067,0.005046660601579434,0.0183905103259942,15.049645405317408,15.75,0.03815510713046548,0.008753839445730516,0.39285714285714285,11,5,12,6,0.5714285714285714,108.0,119.0,87.0,115.0,93.0,43.0,108.0,125.0,8,3.69,15.75,84,38.71,14.654761904761905,194,89.4,11.015463917525773
Pittsburgh Coal Company,org,Corporation,non-financial,industrial,NF-124,14,5,0.24937469937469936,0.32829046898638425,0.015055871574409635,0.00025035470873163127,0.0,16.108592921207446,16.8,0.021416258794761743,0.013857386925679688,0.8,8,6,11,5,0.35714285714285715,145.0,137.0,153.0,114.0,175.0,171.0,134.0,101.0,5,2.3,16.8,50,23.04,16.62,160,73.73,12.49375
Pittsburgh Plate Glass Company,org,Corporation,non-financial,industrial,NF-149,11,8,0.3831364795566334,0.34609250398724084,0.015851191630019315,3.413899642692469e-05,0.0,16.476715003055254,17.375,0.035070239732690967,0.019594484615611113,0.9285714285714286,26,6,21,8,0.7272727272727273,108.0,105.0,131.0,89.0,184.0,171.0,114.0,78.0,8,3.69,17.375,63,29.03,15.158730158730158,177,81.57,11.621468926553673
Provident Mutual Life Insurance Company,org,Corporation,financial,insurance,F-040,15,4,0.24193172418978873,0.3186490455212922,0.01477544598364797,0.00029796934806845473,0.0,16.03123591664206,15.75,0.013860905466542093,0.01838357070892856,0.6666666666666666,4,6,6,4,0.26666666666666666,158.0,140.0,168.0,121.0,174.0,171.0,159.0,83.0,4,1.84,15.75,44,20.28,14.113636363636363,151,69.59,12.52980132450331
Prudential Insurance Company,org,Corporation,financial,insurance,F-002,19,14,0.5316786667611771,0.40789473684210525,0.016858649454591052,0.004758889223772792,0.0066990954087728285,20.166396505872914,20.285714285714285,0.09890322538688358,0.0299263112084131,0.3626373626373626,33,4,32,8,0.7368421052631579,51.0,80.0,36.0,61.0,98.0,95.0,29.0,55.0,14,6.45,20.285714285714285,118,54.38,14.09322033898305,204,94.01,10.549019607843137
Public Service Company of Northern Illinois,org,Corporation,non-financial,utility,NF-083,8,9,0.6108336069074609,0.3563218390804598,0.017017405590649064,0.0008946798524638684,0.003157535415599932,15.944766198840131,17.555555555555557,0.045193055580256235,0.027342759601659637,0.5833333333333334,21,5,22,8,1.125,100.0,60.0,115.0,56.0,153.0,122.0,90.0,58.0,9,4.15,17.555555555555557,70,32.26,15.0,182,83.87,11.467032967032967
Public Service Corporation of New Jersey,org,Corporation,non-financial,utility,NF-025,12,5,0.2822727107624132,0.35170178282009723,0.017140784943109402,0.00013235911119258007,0.0008533879501621438,17.109795721409043,21.2,0.03313102890864363,0.016537356982153036,0.5,5,5,11,5,0.4166666666666667,145.0,126.0,121.0,51.0,179.0,149.0,115.0,93.0,5,2.3,21.2,73,33.64,15.287671232876713,178,82.03,11.584269662921349
Pullman Inc.,org,Corporation,non-financial,industrial,NF-077,14,35,1.924539619273633,0.4492753623188406,0.021904441453566615,0.051824855028635985,0.12965452011150938,16.575783450785252,16.457142857142856,0.18843072658960627,0.11282595973017356,0.20504201680672268,122,5,35,8,2.5,1.0,1.0,7.0,3.0,3.0,1.0,4.0,7.0,35,16.13,16.457142857142856,145,66.82,12.855172413793104,206,94.93,10.359223300970873
Pure Oil Company,org,Corporation,non-financial,industrial,NF-118,11,2,0.08333333333333333,0.3158660844250364,0.013288914473281326,7.24256251147973e-05,0.0,19.0,19.0,0.012870433981908326,0.006161294476883148,0.0,0,5,2,2,0.18181818181818182,183.0,185.0,170.0,154.0,181.0,171.0,162.0,140.0,2,0.92,19.0,36,16.59,17.97222222222222,148,68.2,12.905405405405405
R. H. Macy & Company,org,Corporation,non-financial,industrial,NF-166,12,5,0.19384635832004254,0.3472,0.014342019205064392,0.0012476018602811377,0.0022401433691756276,15.985944463489885,16.4,0.023577734345737438,0.004686260128693381,0.3,3,5,11,5,0.4166666666666667,145.0,159.0,130.0,133.0,145.0,132.0,128.0,154.0,5,2.3,16.4,62,28.57,16.016129032258064,179,82.49,11.64245810055866
Radio Corporation of America,org,Corporation,non-financial,industrial,NF-154,12,12,0.46647004386134816,0.3996316758747698,0.016981196408571986,0.004098699544386828,0.00599505034988906,20.23646645699327,20.666666666666668,0.0828143729603855,0.0502374040117603,0.3787878787878788,25,5,25,8,1.0,67.0,89.0,43.0,57.0,110.0,102.0,45.0,25.0,12,5.53,20.666666666666668,107,49.31,14.16822429906542,207,95.39,10.42512077294686
Reading Company,org,Corporation,non-financial,railroad,NF-045,8,10,0.45421575918167484,0.3868092691622103,0.016829865643603868,0.003842195249779973,0.002517494452978324,18.861236784545028,20.9,0.06859499005327477,0.028066079079033156,0.26666666666666666,12,5,21,8,1.25,88.0,92.0,67.0,63.0,112.0,129.0,59.0,56.0,10,4.61,20.9,101,46.54,15.138613861386139,197,90.78,10.868020304568528
Republic Steel Corporation,org,Corporation,non-financial,industrial,NF-072,15,8,0.2698856469017759,0.34609250398724084,0.013596529951384,0.012874408627358044,0.00955794504181601,9.937081084758901,10.0,0.01451263625383852,0.00271352492800781,0.17857142857142858,5,5,13,6,0.5333333333333333,108.0,132.0,131.0,145.0,48.0,71.0,156.0,168.0,8,3.69,10.0,60,27.65,12.75,178,82.03,11.573033707865168
"Sears, Roebuck & Company",org,Corporation,non-financial,industrial,NF-081,13,7,0.2379477443437399,0.3318042813455658,0.01275414352231828,0.0008305209295261516,0.0006400409626216078,11.317624950469039,11.142857142857142,0.01430061450987446,0.0019241913079811911,0.6190476190476191,13,5,12,6,0.5384615384615384,118.0,142.0,149.0,169.0,156.0,154.0,157.0,177.0,7,3.23,11.142857142857142,45,20.74,13.755555555555556,165,76.04,12.145454545454545
Security-First National Bank,org,Corporation,financial,bank,F-022,25,5,0.1669595151738009,0.3140376266280753,0.010853310259629186,0.0005305091430951311,0.0,9.50910478796512,10.8,0.012257721032582922,0.0014507490257025038,0.8,8,5,7,4,0.2,145.0,166.0,172.0,203.0,167.0,171.0,165.0,185.0,5,2.3,10.8,37,17.05,15.243243243243244,144,66.36,12.368055555555555
Shell Union Oil Corporation,org,Corporation,non-financial,industrial,NF-061,12,6,0.2332512315270936,0.34775641025641024,0.01414627816605626,0.004159183836500297,0.005034988905956648,13.270327349524816,14.166666666666666,0.024449266288485542,0.005165730342230174,0.4,6,5,11,5,0.5,136.0,145.0,129.0,140.0,108.0,110.0,126.0,148.0,6,2.76,14.166666666666666,59,27.19,15.898305084745763,183,84.33,11.513661202185792
Socony-Vacuum Oil Company,org,Corporation,non-financial,industrial,NF-021,9,2,0.059714795008912656,0.3219584569732938,0.011788813796912533,6.135918366445334e-05,0.0,21.671641791044777,21.5,0.012880300693459391,0.0016559870656624946,0.0,0,5,2,2,0.2222222222222222,183.0,199.0,166.0,189.0,182.0,171.0,161.0,182.0,2,0.92,21.5,40,18.43,16.225,158,72.81,12.310126582278482
Southern California Edison Company,org,Corporation,non-financial,utility,NF-060,13,7,0.3422023809523809,0.32779456193353473,0.012614763342389094,0.0066777833326363695,0.016598395630653694,8.25575462399258,9.428571428571429,0.014653183738588845,0.002527432161837506,0.38095238095238093,8,5,8,4,0.5384615384615384,118.0,112.0,156.0,171.0,85.0,49.0,154.0,170.0,7,3.23,9.428571428571429,47,21.66,14.957446808510639,159,73.27,11.974842767295597
Southern Pacific Company,org,Corporation,non-financial,railroad,NF-007,15,22,0.8665085080426953,0.434,0.0187873249665079,0.03489171776113493,0.039554531490015366,18.356981352017375,18.045454545454547,0.12970902867340806,0.041121553221827055,0.23809523809523808,55,4,33,8,1.4666666666666666,17.0,29.0,16.0,22.0,13.0,15.0,16.0,35.0,22,10.14,18.045454545454547,137,63.13,12.86861313868613,209,96.31,10.320574162679426
Southern Railway,org,Corporation,non-financial,railroad,NF-036,11,9,0.3905574046953356,0.3715753424657534,0.016315882940969226,0.002094096357575545,0.0086121067303863,17.260659990477745,17.666666666666668,0.05375774356375157,0.017040115702656785,0.5277777777777778,19,4,21,8,0.8181818181818182,100.0,104.0,87.0,81.0,133.0,81.0,75.0,91.0,9,4.15,17.666666666666668,79,36.41,15.126582278481013,196,90.32,10.877551020408163
St. Louis Public Service Company,org,Corporation,non-financial,utility,NF-187,13,2,0.06548856548856549,0.2993103448275862,0.012143318778203417,0.0007072919000772578,0.0005973715651135007,12.873015873015872,12.0,0.005345863859992532,0.02139990882149258,0.0,0,6,2,2,0.15384615384615385,183.0,198.0,184.0,179.0,160.0,156.0,188.0,74.0,2,0.92,12.0,24,11.06,14.166666666666666,130,59.91,12.96923076923077
St. Louis-San Francisco Railway,org,Corporation,non-financial,railroad,NF-051,2,1,0.05555555555555555,0.26823238566131025,0.011906969293287982,0.0,0.0,12.0,12.0,0.0017210664525068218,0.000461903439871635,0.0,0,7,1,1,0.5,197.0,201.0,203.0,188.0,186.0,171.0,207.0,206.0,1,0.46,12.0,12,5.53,12.0,75,34.56,13.32
St. Regis Paper Company,org,Corporation,non-financial,industrial,NF-183,9,4,0.20155631013016412,0.332312404287902,0.014643249891804943,0.0008760256278394871,0.001685441201570234,12.949178716832794,13.5,0.013655138496303903,0.005865075832856103,0.5,3,6,6,4,0.4444444444444444,158.0,154.0,148.0,124.0,155.0,137.0,160.0,141.0,4,1.84,13.5,45,20.74,15.511111111111111,171,78.8,11.900584795321638
Standard Gas & Electric Company (Delaware),org,Corporation,non-financial,utility,NF-033,14,2,0.07417582417582418,0.265281173594132,0.01029751862299988,0.0009779790691974138,0.000682710360129715,5.925925925925926,6.0,0.0009528061165456585,0.00014491408086650894,0.0,0,6,2,2,0.14285714285714285,183.0,190.0,206.0,208.0,150.0,151.0,212.0,214.0,2,0.92,6.0,12,5.53,8.833333333333334,71,32.72,12.211267605633802
Standard Oil Company (California),org,Corporation,non-financial,industrial,NF-040,10,1,0.030303030303030304,0.24300111982082867,0.00905964845104763,0.0,0.0,7.0,7.0,0.0007199297577205956,7.475967331548179e-05,0.0,0,6,1,1,0.1,197.0,211.0,215.0,215.0,186.0,171.0,214.0,216.0,1,0.46,7.0,7,3.23,8.285714285714286,36,16.59,14.694444444444445
Standard Oil Company (Indiana),org,Corporation,non-financial,industrial,NF-026,11,1,0.029411764705882353,0.2774936061381074,0.010312622733958434,0.0,0.0,18.0,18.0,0.003615937689941589,0.0005766172319775589,0.0,0,5,1,1,0.09090909090909091,197.0,213.0,202.0,207.0,186.0,171.0,200.0,203.0,1,0.46,18.0,18,8.29,13.11111111111111,88,40.55,14.909090909090908
Stone & Webster,org,Corporation,non-financial,utility,NF-057,14,23,0.9190602769811763,0.4117647058823529,0.019264145164655178,0.016732704697040413,0.023916197303294078,17.045385693134268,16.652173913043477,0.12123910880901939,0.034184545828378,0.28063241106719367,71,5,32,8,1.6428571428571428,12.0,26.0,35.0,15.0,38.0,33.0,18.0,49.0,23,10.6,16.652173913043477,117,53.92,13.717948717948717,202,93.09,10.57920792079208
Sun Oil Company,org,Corporation,non-financial,industrial,NF-152,7,2,0.08116883116883117,0.2968536251709986,0.01175553482729334,0.0005458166726700679,0.0011947431302270013,11.16,12.0,0.0043454483849160045,0.0031085150682381977,0.0,0,6,2,2,0.2857142857142857,183.0,187.0,189.0,190.0,166.0,145.0,196.0,163.0,2,0.92,12.0,24,11.06,12.375,124,57.14,13.653225806451612
Swift & Company,org,Corporation,non-financial,industrial,NF-067,9,3,0.144017094017094,0.28933333333333333,0.012152207397672919,0.0008831669836772614,0.00136542072025943,6.1780415430267075,6.666666666666667,0.0042642129814756905,0.0009849988818701292,0.0,0,6,4,2,0.3333333333333333,171.0,170.0,193.0,178.0,154.0,140.0,197.0,197.0,3,1.38,6.666666666666667,20,9.22,14.1,117,53.92,13.427350427350428
Terminal Railroad Association of St. Louis,org,Corporation,non-financial,railroad,NF-179,17,12,0.4871923783986206,0.36593591905564926,0.015136063326339466,0.018871344135563153,0.013760880696364568,9.618361428822464,11.083333333333334,0.02957397792482361,0.007504551745790379,0.21212121212121213,14,6,15,6,0.7058823529411765,67.0,87.0,97.0,110.0,33.0,54.0,117.0,131.0,12,5.53,11.083333333333334,75,34.56,13.173333333333334,192,88.48,11.0
Texas Corporation,org,Corporation,non-financial,industrial,NF-048,15,11,0.45873134820108696,0.36655405405405406,0.015184257819834469,0.0072755016711833695,0.008000512032770097,13.284497202533803,13.818181818181818,0.03919738486444512,0.00970744436863013,0.2545454545454545,14,5,21,8,0.7333333333333333,76.0,90.0,95.0,109.0,80.0,85.0,103.0,117.0,11,5.07,13.818181818181818,84,38.71,14.702380952380953,185,85.25,11.427027027027027
Third Avenue Railway,org,Corporation,non-financial,railroad,NF-151,13,10,0.45705567580567574,0.36046511627906974,0.01441659593589295,0.005605914009483464,0.0005973715651135007,15.29641858782517,17.0,0.04791023517546236,0.009032191609748939,0.6666666666666666,30,5,22,8,0.7692307692307693,88.0,91.0,106.0,132.0,88.0,156.0,85.0,123.0,10,4.61,17.0,75,34.56,14.733333333333333,183,84.33,11.40983606557377
Tide Water Associated Oil Company,org,Corporation,non-financial,industrial,NF-101,12,7,0.32116479925303454,0.38070175438596493,0.01604481986811349,0.009079211850789751,0.03795442908346135,17.116326397116005,19.142857142857142,0.041367835398649015,0.01279531116301103,0.2857142857142857,6,5,11,5,0.5833333333333334,118.0,114.0,75.0,86.0,70.0,17.0,99.0,105.0,7,3.23,19.142857142857142,92,42.4,15.293478260869565,200,92.17,10.735
Travelers Insurance Company,org,Corporation,financial,insurance,F-015,15,9,0.2549693762155062,0.37221269296740994,0.013242629410232219,0.0034661997525744673,0.004885646014678273,16.840948917930593,17.0,0.04492174249455304,0.010675036939564444,0.3333333333333333,12,5,20,7,0.6,100.0,135.0,86.0,155.0,116.0,111.0,91.0,115.0,9,4.15,17.0,83,38.25,14.843373493975903,194,89.4,11.02061855670103
Union Carbide & Carbon Corporation,org,Corporation,non-financial,industrial,NF-075,8,14,0.6943863348454571,0.38543516873889877,0.016580461080834902,0.004781644810670084,0.016534391534391537,16.39116581761866,16.5,0.06676258645591235,0.015249894719433865,0.45054945054945056,41,5,26,8,1.75,51.0,45.0,70.0,74.0,97.0,50.0,61.0,98.0,14,6.45,16.5,100,46.08,14.35,192,88.48,11.052083333333334
Union Oil Company of California,org,Corporation,non-financial,industrial,NF-121,13,4,0.12459281650071125,0.3117816091954023,0.012202676903669144,0.0,0.0,12.084128954917153,12.0,0.011577381386837414,0.0017392208177322529,1.0,6,5,6,4,0.3076923076923077,158.0,174.0,176.0,177.0,186.0,171.0,168.0,179.0,4,1.84,12.0,34,15.67,15.735294117647058,143,65.9,12.447552447552448
Union Pacific Railroad,org,Corporation,non-financial,railroad,NF-017,15,18,0.7459918077301692,0.423828125,0.017838608157963086,0.012878242841732016,0.009216589861751152,20.213010763673626,20.444444444444443,0.1191396301416187,0.03720079409769304,0.2875816993464052,44,5,31,8,1.2,31.0,39.0,24.0,37.0,47.0,72.0,19.0,45.0,18,8.29,20.444444444444443,133,61.29,12.917293233082706,206,94.93,10.45631067961165
Union Trust Company of Pittsburgh,org,Corporation,financial,bank,F-036,15,13,1.0810511336525623,0.3610648918469218,0.01794744071203295,0.005126534257927702,0.005973715651135006,13.119785009377567,13.0,0.04181075046681446,0.04549769667175601,0.46153846153846156,36,6,22,8,0.8666666666666667,59.0,17.0,103.0,35.0,91.0,103.0,96.0,31.0,13,5.99,13.0,76,35.02,14.671052631578947,184,84.79,11.347826086956522
United Fruit Company,org,Corporation,non-financial,industrial,NF-100,16,20,0.8301146856841687,0.39526411657559196,0.01706916187595698,0.01106142225895972,0.01644905273937532,14.647394066006653,15.0,0.09237293109670033,0.03947489225306047,0.2894736842105263,55,5,25,8,1.25,26.0,31.0,54.0,54.0,55.0,51.0,38.0,39.0,20,9.22,15.0,101,46.54,14.762376237623762,199,91.71,10.78391959798995
United Gas Improvement Company,org,Corporation,non-financial,utility,NF-019,14,12,0.8215609189147187,0.3833922261484099,0.019483235806057334,0.008096295270704346,0.054855066279797464,15.884988439395649,15.416666666666666,0.05086642654874523,0.05829806086822001,0.24242424242424243,16,5,16,7,0.8571428571428571,67.0,32.0,71.0,13.0,75.0,9.0,80.0,22.0,12,5.53,15.416666666666666,98,45.16,13.979591836734693,194,89.4,10.984536082474227
United Light & Power Company,org,Corporation,non-financial,utility,NF-043,18,10,0.4408375430093615,0.36046511627906974,0.01647025487150165,0.015403168872171845,0.019507026227456335,10.503416987926117,9.9,0.021562090906826207,0.00844305403301635,0.15555555555555556,7,6,14,6,0.5555555555555556,88.0,95.0,106.0,80.0,41.0,39.0,133.0,128.0,10,4.61,9.9,72,33.18,14.38888888888889,189,87.1,11.206349206349206
United Shoe Machinery Corporation,org,Corporation,non-financial,industrial,NF-157,20,9,0.5790391366882042,0.3390625,0.016494915515590958,0.0006031019501282157,0.0,14.130263984304241,14.88888888888889,0.04047400001515504,0.016272940614070933,0.5555555555555556,20,5,21,8,0.45,100.0,66.0,138.0,77.0,164.0,171.0,101.0,95.0,9,4.15,14.88888888888889,55,25.35,16.036363636363635,169,77.88,11.881656804733728
United States Rubber Company,org,Corporation,non-financial,industrial,NF-116,5,2,0.0673076923076923,0.3022284122562674,0.011911307416938757,0.0,0.0,15.047619047619047,13.5,0.00818064038578354,0.0013483542448201942,1.0,1,5,2,2,0.4,183.0,197.0,181.0,187.0,186.0,171.0,177.0,189.0,2,0.92,13.5,24,11.06,17.25,132,60.83,13.484848484848484
"United States Smelting, Refining & Mining Company",org,Corporation,non-financial,industrial,NF-185,19,11,0.7772623802402547,0.3684210526315789,0.017138479440406272,0.0010422840604649066,0.0038402457757296467,14.830771867749846,17.818181818181817,0.06101703761210177,0.02324980511907432,0.6545454545454545,36,5,23,8,0.5789473684210527,76.0,35.0,94.0,52.0,149.0,119.0,66.0,66.0,11,5.07,17.818181818181817,81,37.33,15.123456790123457,189,87.1,11.222222222222221
United States Steel Corporation,org,Corporation,non-financial,industrial,NF-005,16,18,1.1126979043560083,0.41333333333333333,0.021521626708164,0.0059131886824832485,0.026910166695112935,24.22918659281864,21.88888888888889,0.13561605620980186,0.10057230085689332,0.4117647058823529,63,5,35,8,1.125,31.0,14.0,33.0,4.0,87.0,29.0,14.0,12.0,18,8.29,21.88888888888889,122,56.22,13.950819672131148,204,94.01,10.534313725490197
Virginian Railway,org,Corporation,non-financial,railroad,NF-120,10,9,0.503068358656594,0.3539967373572594,0.01460612863856746,0.003950180324579105,0.009216589861751152,12.991121457349838,16.666666666666668,0.04275568781013381,0.008491796165384072,0.8055555555555556,29,5,21,8,0.9,100.0,83.0,117.0,126.0,111.0,72.0,92.0,127.0,9,4.15,16.666666666666668,69,31.8,15.130434782608695,179,82.49,11.564245810055866
Wabash Railway,org,Corporation,non-financial,railroad,NF-069,15,16,0.5622730581668919,0.39454545454545453,0.015558533087357438,0.007091217979248875,0.00433805541332423,16.13846291412538,17.25,0.08101324453232754,0.01713380654537403,0.4,48,5,27,8,1.0666666666666667,42.0,70.0,56.0,97.0,82.0,116.0,48.0,90.0,16,7.37,17.25,107,49.31,13.869158878504672,196,90.32,10.841836734693878
Warner Brothers Pictures,org,Corporation,non-financial,industrial,NF-111,11,1,0.03571428571428571,0.3034965034965035,0.011126228860980872,0.0,0.0,22.0,22.0,0.005746872485744765,0.0007766851188783265,0.0,0,6,1,1,0.09090909090909091,197.0,209.0,179.0,202.0,186.0,171.0,186.0,199.0,1,0.46,22.0,22,10.14,16.90909090909091,140,64.52,13.035714285714286
Wells Fargo Bank & Union Trust Company,org,Corporation,financial,bank,F-045,25,1,0.02631578947368421,0.2051039697542533,0.006675975235164416,0.0,0.0,3.0,3.0,8.430245790185483e-05,3.321919819950829e-06,0.0,0,7,1,1,0.04,197.0,216.0,218.0,218.0,186.0,171.0,218.0,218.0,1,0.46,3.0,3,1.38,5.666666666666667,11,5.07,8.727272727272727
Western Pacific Railroad Corporation,org,Corporation,non-financial,railroad,NF-090,12,12,0.6699240208223264,0.38070175438596493,0.01718933446495509,0.012975931325059411,0.03742106161461,10.054402788812496,12.416666666666666,0.041446704536398545,0.012179365633792478,0.15151515151515152,10,5,17,7,1.0,67.0,51.0,75.0,47.0,46.0,18.0,98.0,108.0,12,5.53,12.416666666666666,90,41.47,14.21111111111111,197,90.78,10.791878172588833
Western Union Telegraph Company,org,Corporation,non-financial,utility,NF-062,21,34,1.3087567664925464,0.46170212765957447,0.019396491180278842,0.04157623507537131,0.03294077487625875,18.225542832348342,17.264705882352942,0.18610212131055862,0.049651210200674395,0.20677361853832443,116,4,33,8,1.619047619047619,4.0,6.0,4.0,14.0,8.0,22.0,5.0,27.0,34,15.67,17.264705882352942,152,70.05,12.388157894736842,212,97.7,10.13679245283019
Westinghouse Electric & Manufacturing Company,org,Corporation,non-financial,industrial,NF-091,16,14,0.549943805237923,0.39311594202898553,0.01659090044036533,0.009463186907363525,0.004650964328383684,14.202358460653755,14.142857142857142,0.05387096696708647,0.021476499510892023,0.2087912087912088,19,5,23,8,0.875,51.0,75.0,58.0,72.0,65.0,113.0,74.0,72.0,14,6.45,14.142857142857142,107,49.31,14.214953271028037,197,90.78,10.852791878172589
Wheeling Steel Corporation,org,Corporation,non-financial,industrial,NF-146,19,1,0.07692307692307693,0.24436936936936937,0.012610809846726216,0.0,0.0,4.0,4.0,0.0009050770536391264,0.0004994083196806398,0.0,0,6,1,1,0.05263157894736842,197.0,189.0,214.0,172.0,186.0,171.0,213.0,204.0,1,0.46,4.0,4,1.84,13.25,38,17.51,16.57894736842105
Wilson & Company,org,Corporation,non-financial,industrial,NF-176,12,12,0.4879259456075801,0.3916967509025271,0.01620792235562251,0.013676984241615309,0.008292086249075495,14.445381065221111,14.833333333333334,0.04223610159074544,0.01135905562630686,0.24242424242424243,16,4,21,8,1.0,67.0,86.0,61.0,83.0,44.0,82.0,95.0,113.0,12,5.53,14.833333333333334,102,47.0,13.284313725490197,200,92.17,10.72
Wisconsin Bankshares Corporation,org,Corporation,financial,bank,F-042,29,5,0.20724336845588623,0.30520393811533053,0.011431066991144751,0.0013125161031713926,0.0011734084314729476,5.847501605838356,6.6,0.004856005782969025,0.0010544753985472861,0.1,1,5,9,4,0.1724137931034483,145.0,152.0,178.0,197.0,144.0,147.0,191.0,196.0,5,2.3,6.6,28,12.9,11.571428571428571,135,62.21,13.303703703703704
Youngstown Sheet & Tube Company,org,Corporation,non-financial,industrial,NF-089,11,1,0.04,0.2392502756339581,0.011327467592617359,0.0,0.0,6.0,6.0,0.0004770928339715223,0.00018113326456381914,0.0,0,7,1,1,0.09090909090909091,197.0,205.0,216.0,199.0,186.0,171.0,217.0,213.0,1,0.46,6.0,6,2.76,8.833333333333334,36,16.59,12.36111111111111
