node_type,org_cat,corp_cat,corp_sub,revenue_or_assets_$M,fortune_500_rank,Unnamed: 7,bipartite_degree,degree,degree_w,closeness,closeness_w,betweenness,betweenness_w,average_neighbour_degree_w,average_neighbour_degree,EVC,EVC_w,clustering_co_eff,triangles,eccentricity,onion_layer,core_no,bipartite_degree/degree,degree_ranked,degree_w_ranked,closeness_ranked,closeness_w_ranked,betweenness_ranked,betweenness_w_ranked,EVC_ranked,EVC_w_ranked,no. 1 step nodes (degree),1 step % reached,1 step nodes average degree,no. 2 step nodes,2 step % reached,2 step nodes average degree,no. 3 step nodes,3 step % reached,3 step nodes average degree
org,Corporation,non-financial,industrial,"23,123",106.0,,10,13,0.6926900140286868,0.3411214953271028,0.01662386296066698,0.034017504406416293,0.05837627246449667,9.751029131798367,9.461538461538462,0.236352756327865,0.2991155741720426,0.21794871794871795,17,7,19,4,1.3,3.0,1.0,10.0,2.0,17.0,5.0,2.0,1.0,13,5.94,9.461538461538462,71,32.42,7.47887323943662,165,75.34,5.9393939393939394
org,Corporation,non-financial,utility,"14,690",156.0,,11,6,0.25559947299077734,0.30165289256198347,0.013512818667023169,0.018267446551874393,0.01413849440743999,9.038015463917525,9.0,0.0627830757301714,0.05474100215500572,0.2,3,7,12,4,0.5454545454545454,70.0,91.0,61.0,75.0,64.0,78.0,62.0,58.0,6,2.74,9.0,44,20.09,6.909090909090909,134,61.19,6.231343283582089
org,Corporation,non-financial,transportation,"19,917",120.0,,12,11,0.4862123383862515,0.3220588235294118,0.01444940508918164,0.029839571693319338,0.028866965495091674,6.673993961086528,6.7272727272727275,0.08354048507839314,0.06341927984013192,0.10909090909090909,6,7,14,4,0.9166666666666666,10.0,14.0,24.0,31.0,24.0,25.0,42.0,48.0,11,5.02,6.7272727272727275,57,26.03,6.701754385964913,150,68.49,6.16
org,Corporation,non-financial,media/communications,"123,018",7.0,,13,9,0.37488592727723163,0.32111436950146627,0.014203869851907901,0.030436691471190762,0.023832963288788353,6.825797787059235,6.777777777777778,0.060014444175492135,0.041391917914375166,0.027777777777777776,1,6,15,4,0.6923076923076923,25.0,39.0,26.0,41.0,22.0,35.0,66.0,83.0,9,4.11,6.777777777777778,53,24.2,6.6415094339622645,150,68.49,6.193333333333333
org,Corporation,non-financial,industrial,"30,765",75.0,,14,10,0.5115595898354519,0.3459715639810427,0.016445762775504073,0.03653727331442384,0.05810746652144164,10.645545843912226,10.6,0.17180441320860057,0.20767902857753892,0.17777777777777778,8,7,18,4,0.7142857142857143,17.0,11.0,5.0,3.0,14.0,7.0,8.0,6.0,10,4.57,10.6,76,34.7,7.052631578947368,171,78.08,5.842105263157895
org,Corporation,financial,insurance,"34,764",63.0,,15,8,0.3104539024945757,0.31924198250728864,0.013892413093123572,0.01890617257771629,0.010200661890997444,7.479959328207529,7.625,0.0876253949272157,0.06540085714647792,0.14285714285714285,4,6,14,4,0.5333333333333333,40.0,64.0,31.0,58.0,63.0,99.0,38.0,44.0,8,3.65,7.625,49,22.37,7.448979591836735,148,67.58,6.20945945945946
org,Corporation,non-financial,mining/steel,"18,745",127.0,,12,9,0.37687710340633884,0.3101983002832861,0.013888154904717112,0.013867600787298038,0.011373633278873948,7.871797667940814,7.888888888888889,0.1259006233956207,0.10991812404013204,0.2222222222222222,8,6,16,4,0.75,25.0,38.0,48.0,59.0,79.0,92.0,16.0,20.0,9,4.11,7.888888888888889,46,21.0,7.891304347826087,135,61.64,6.481481481481482
org,Corporation,financial,insurance,"32,013",68.0,,13,13,0.528615971457051,0.34651898734177217,0.015379393485410644,0.0625855584513241,0.046391716587770374,8.109221221839299,8.153846153846153,0.1838720100939215,0.1589099075244269,0.15384615384615385,12,6,17,4,1.0,3.0,10.0,4.0,12.0,1.0,12.0,5.0,11.0,13,5.94,8.153846153846153,68,31.05,7.1911764705882355,171,78.08,5.87719298245614
org,Corporation,non-financial,food/agriculture,"16,824",137.0,,10,2,0.10025062656641603,0.23322683706070288,0.01095803589298819,0.00273162076820557,0.004964182480834485,5.05,5.0,0.00753589643144233,0.006695813938609326,0.0,0,6,3,2,0.2,169.0,175.0,188.0,177.0,153.0,137.0,186.0,182.0,2,0.91,5.0,10,4.57,6.5,41,18.72,6.585365853658536
org,Corporation,non-financial,utility,"13,489",172.0,,13,3,0.13474025974025974,0.2573443008225617,0.01173476222371065,0.0005206872847771107,0.00048175610573499223,6.220883534136545,6.333333333333333,0.02805027405127292,0.0243403965494523,0.3333333333333333,1,7,7,3,0.23076923076923078,132.0,154.0,146.0,144.0,186.0,187.0,122.0,124.0,3,1.37,6.333333333333333,16,7.31,7.875,69,31.51,7.550724637681159
org,Corporation,financial,bank,"26,730",88.0,,13,10,0.41567361784753093,0.3244444444444444,0.014373536940208712,0.026339681154506744,0.01710583273986567,8.318793926811432,8.4,0.11923778583971634,0.10142937482369166,0.17777777777777778,8,6,15,4,0.7692307692307693,17.0,28.0,21.0,33.0,32.0,58.0,20.0,27.0,10,4.57,8.4,58,26.48,6.931034482758621,147,67.12,6.272108843537415
org,Corporation,financial,insurance,"103,189",16.0,,12,5,0.20889632107023412,0.2859007832898172,0.012979444274326579,0.012875963556105248,0.010305391479200706,6.777137367915467,6.8,0.03437919800894529,0.02791007300564554,0.0,0,7,11,4,0.4166666666666667,87.0,111.0,98.0,96.0,85.0,97.0,110.0,113.0,5,2.28,6.8,32,14.61,6.90625,110,50.23,6.636363636363637
org,Corporation,financial,insurance,"7,946",288.0,,9,1,0.05,0.22577319587628866,0.010972860125260959,0.0,0.0,9.0,9.0,0.005053598599610419,0.00552449066208301,0.0,0,8,1,1,0.1111111111111111,197.0,200.0,195.0,175.0,192.0,190.0,195.0,190.0,1,0.46,9.0,9,4.11,5.777777777777778,38,17.35,6.7368421052631575
org,Corporation,non-financial,pharmaceutical,"71,789",24.0,,9,2,0.1,0.20259019426456984,0.009041118511586944,0.0002570352859406523,0.0006702693645008588,2.0,2.0,0.0016072472165546232,0.001163887464755392,0.0,0,9,3,2,0.2222222222222222,169.0,177.0,213.0,213.0,191.0,180.0,211.0,212.0,2,0.91,2.0,4,1.83,4.75,16,7.31,6.5625
org,Corporation,non-financial,industrial,"14,642",159.0,,15,7,0.3162924093508801,0.3,0.013868366614598724,0.020216228344964126,0.02167902475807465,8.29494690235968,8.142857142857142,0.09347273096172028,0.09646639576509526,0.23809523809523808,5,8,16,4,0.4666666666666667,55.0,60.0,63.0,61.0,54.0,43.0,33.0,30.0,7,3.2,8.142857142857142,41,18.72,7.7560975609756095,125,57.08,6.584
org,Corporation,financial,insurance,"7,595",298.0,,17,10,0.3959840542599163,0.3249258160237389,0.01400136390759526,0.024970720743969742,0.016589166771396255,9.035924377823223,8.9,0.14264616938368466,0.12426027194465039,0.2222222222222222,10,6,18,4,0.5882352941176471,17.0,34.0,18.0,52.0,40.0,61.0,11.0,16.0,10,4.57,8.9,59,26.94,7.254237288135593,151,68.95,6.125827814569536
org,Corporation,non-financial,technology,"36,537",56.0,,9,6,0.2838750862663906,0.2870249017038008,0.012870365835741223,0.008177429571350548,0.0102634996439194,7.36792395492725,7.666666666666667,0.058604947110881205,0.040869199904439185,0.2,3,7,15,4,0.6666666666666666,70.0,75.0,94.0,103.0,114.0,98.0,68.0,85.0,6,2.74,7.666666666666667,34,15.53,7.352941176470588,108,49.32,6.62037037037037
org,Corporation,non-financial,services,"12,298",189.0,,3,3,0.21726190476190474,0.256140350877193,0.012688786743404533,0.000997989830520461,0.0036026978341921157,5.493150684931507,5.666666666666667,0.014706341485349854,0.018005991799135028,0.3333333333333333,1,7,7,3,1.0,132.0,104.0,149.0,113.0,178.0,149.0,153.0,140.0,3,1.37,5.666666666666667,15,6.85,7.066666666666666,69,31.51,7.217391304347826
org,Corporation,non-financial,food/agriculture,"69,207",27.0,,10,5,0.2507177033492823,0.3,0.014714940031580007,0.008889291448299896,0.014724980101378241,9.380725190839696,9.4,0.07693385598979229,0.10572555769658822,0.2,2,6,12,4,0.5,87.0,92.0,63.0,22.0,110.0,75.0,47.0,25.0,5,2.28,9.4,37,16.89,7.945945945945946,127,57.99,6.456692913385827
org,Corporation,non-financial,industrial,"14,684",157.0,,12,2,0.09,0.23934426229508196,0.010180916592414673,0.006059503751140417,0.005257425327803611,5.111111111111111,5.5,0.008731088402623202,0.0056462867325202636,0.0,0,8,3,2,0.16666666666666666,169.0,184.0,179.0,194.0,128.0,133.0,184.0,187.0,2,0.91,5.5,11,5.02,6.2727272727272725,49,22.37,7.36734693877551
org,Corporation,financial,insurance,"8,701",268.0,,12,1,0.03571428571428571,0.23599137931034483,0.009521187177554923,0.0,0.0,8.0,8.0,0.01063511290431853,0.005371107647067942,0.0,0,7,1,1,0.08333333333333333,197.0,219.0,185.0,206.0,192.0,190.0,175.0,191.0,1,0.46,8.0,8,3.65,8.375,46,21.0,7.108695652173913
org,Corporation,non-financial,retail,"11,016",212.0,,12,3,0.14665286404416839,0.24886363636363637,0.012143840743787139,0.0022612538667584545,0.002450672363956265,5.698823529411764,6.0,0.012268544906504975,0.012524853037920374,0.3333333333333333,1,8,4,2,0.25,132.0,148.0,164.0,131.0,161.0,162.0,164.0,156.0,3,1.37,6.0,16,7.31,6.375,67,30.59,6.552238805970149
org,Corporation,non-financial,industrial,"16,230",142.0,,9,2,0.10263157894736842,0.2511467889908257,0.01154221164234955,0.0010678568960584799,0.0023878346110343092,6.384615384615385,6.5,0.012429936104943338,0.009870272540634162,0.0,0,8,3,2,0.2222222222222222,169.0,173.0,158.0,153.0,175.0,163.0,162.0,169.0,2,0.91,6.5,13,5.94,7.461538461538462,65,29.68,6.907692307692308
org,Corporation,non-financial,consumer products,"10,383",228.0,,10,7,0.324969474969475,0.30758426966292135,0.013876275159989017,0.01372748747937013,0.017859885774929134,7.840973135449935,8.0,0.06393881404819492,0.04156052059169732,0.14285714285714285,3,6,16,4,0.7,55.0,55.0,51.0,60.0,81.0,55.0,60.0,82.0,7,3.2,8.0,43,19.63,7.255813953488372,131,59.82,6.557251908396947
org,Corporation,non-financial,retail,"10,187",232.0,,9,1,0.047619047619047616,0.21987951807228914,0.010096430903991703,0.0,0.0,7.0,7.0,0.006456307040841431,0.005258015986307985,0.0,0,7,1,1,0.1111111111111111,197.0,204.0,200.0,198.0,192.0,190.0,192.0,192.0,1,0.46,7.0,7,3.2,6.285714285714286,31,14.16,7.548387096774194
org,Corporation,financial,bank,"150,450",5.0,,14,9,0.3453517044896355,0.3133047210300429,0.01403441315005287,0.026167014815424657,0.01677069805761524,7.088680026227941,7.0,0.07720505818151198,0.0645237778709484,0.16666666666666666,6,7,13,4,0.6428571428571429,25.0,46.0,43.0,50.0,34.0,60.0,46.0,45.0,9,4.11,7.0,48,21.92,6.979166666666667,146,66.67,5.904109589041096
org,Corporation,financial,bank,"8,345",274.0,,15,9,0.3703797576378221,0.29918032786885246,0.013280507772230197,0.030384890633420675,0.028270006842333092,5.018432712534937,5.111111111111111,0.06205005635809112,0.05732700364714182,0.027777777777777776,1,7,11,4,0.6,25.0,40.0,70.0,82.0,23.0,27.0,63.0,55.0,9,4.11,5.111111111111111,39,17.81,7.256410256410256,128,58.45,6.3671875
org,Corporation,non-financial,healthcare,"12,562",185.0,,13,2,0.07703703703703704,0.26838235294117646,0.011414870605405124,0.0010420868649657215,0.0004328822979068046,9.288461538461538,9.5,0.027079436843580162,0.017810563999911513,0.0,0,7,3,2,0.15384615384615385,169.0,189.0,130.0,159.0,177.0,188.0,123.0,141.0,2,0.91,9.5,18,8.22,7.666666666666667,84,38.36,7.261904761904762
org,Corporation,non-financial,holding,"112,493",11.0,,12,9,0.4809392057218144,0.2912234042553192,0.01403996153435196,0.038403169023412675,0.04961389691815731,4.964950317583936,4.888888888888889,0.04043128687801918,0.04179764434063979,0.05555555555555555,2,7,9,3,0.75,25.0,15.0,88.0,49.0,10.0,9.0,101.0,80.0,9,4.11,4.888888888888889,38,17.35,6.526315789473684,116,52.97,6.586206896551724
org,Corporation,non-financial,retail,"45,015",45.0,,12,1,0.043478260869565216,0.24065934065934066,0.010586699753460415,0.0,0.0,8.0,8.0,0.008912523339434115,0.005554875665502875,0.0,0,8,1,1,0.08333333333333333,197.0,212.0,177.0,186.0,192.0,190.0,183.0,188.0,1,0.46,8.0,8,3.65,9.0,51,23.29,6.803921568627451
org,Corporation,non-financial,industrial,"68,281",28.0,,13,12,0.531758273932187,0.34488188976377954,0.01593731806714535,0.030614404404187348,0.03138047561196989,9.607808841395688,9.583333333333334,0.21400092309258725,0.21408838223836957,0.18181818181818182,12,6,18,4,0.9230769230769231,7.0,9.0,7.0,7.0,21.0,21.0,3.0,5.0,12,5.48,9.583333333333334,70,31.96,7.357142857142857,169,77.17,5.946745562130178
org,Corporation,non-financial,transportation,"14,016",167.0,acquired by Berkshire Hathaway in 2009,11,10,0.460691996790395,0.32540861812778604,0.015128140182827144,0.03736368541804262,0.041650957228436175,7.199966240534043,7.3,0.08730459742485293,0.07456586851847861,0.06666666666666667,3,7,15,4,0.9090909090909091,17.0,21.0,15.0,16.0,12.0,14.0,39.0,40.0,10,4.57,7.3,60,27.4,6.983333333333333,154,70.32,6.142857142857143
org,Corporation,non-financial,media/communications,"13,015",177.0,,14,4,0.24519554519554518,0.27103960396039606,0.011865524060646013,0.004887932832460326,0.006409450798039462,4.720080278863421,6.5,0.03176026750175576,0.030515746047956323,0.16666666666666666,1,8,7,3,0.2857142857142857,109.0,93.0,121.0,141.0,140.0,125.0,114.0,109.0,4,1.83,6.5,23,10.5,7.3478260869565215,91,41.55,6.791208791208791
org,Corporation,non-financial,healthcare,"98,729",18.0,,13,3,0.16905832797886772,0.26417370325693607,0.01318575456835218,0.002443075000836126,0.005006074316115789,5.048986486486487,5.333333333333333,0.021313788874260397,0.027266366707436047,0.0,0,7,7,3,0.23076923076923078,132.0,133.0,136.0,87.0,157.0,136.0,137.0,114.0,3,1.37,5.333333333333333,16,7.31,7.6875,77,35.16,7.4935064935064934
org,Corporation,financial,bank,"15,980",144.0,,9,4,0.21112914862914864,0.25406032482598606,0.012339186778101231,0.023926173726663856,0.02974320304972561,4.022639897479709,4.0,0.010383464043948017,0.01165154153029476,0.16666666666666666,1,6,7,3,0.4444444444444444,109.0,110.0,153.0,124.0,42.0,24.0,177.0,158.0,4,1.83,4.0,14,6.39,5.642857142857143,57,26.03,6.56140350877193
org,Corporation,non-financial,healthcare,"99,613",17.0,,12,6,0.26160361377752683,0.29161118508655126,0.013607696529726706,0.006851621268097161,0.0064792705235083,6.56345780271962,6.666666666666667,0.05163124853557329,0.04946496124046255,0.2,3,7,12,4,0.5,70.0,86.0,86.0,73.0,120.0,124.0,79.0,66.0,6,2.74,6.666666666666667,32,14.61,8.15625,121,55.25,6.619834710743802
org,Corporation,non-financial,industrial,"32,396",66.0,,15,15,0.6200895400895401,0.3532258064516129,0.015811323025088742,0.05456304868241999,0.04186390739111614,7.442201160440022,7.333333333333333,0.18737929931029504,0.1593358070148534,0.09523809523809523,10,6,17,4,1.0,1.0,5.0,2.0,9.0,2.0,13.0,4.0,10.0,15,6.85,7.333333333333333,74,33.79,7.081081081081081,172,78.54,5.8895348837209305
org,Corporation,non-financial,energy,"163,527",3.0,,16,11,0.4711081814099055,0.3249258160237389,0.014322462504359958,0.026469039653865493,0.023047491377263907,8.286538537947951,8.363636363636363,0.12183724826284552,0.0910075001279741,0.16363636363636364,9,7,18,4,0.6875,10.0,18.0,18.0,35.0,31.0,38.0,17.0,33.0,11,5.02,8.363636363636363,58,26.48,6.810344827586207,152,69.41,6.118421052631579
org,Corporation,financial,insurance,"13,016",176.0,,10,4,0.17358469990048936,0.26838235294117646,0.011708516743000729,0.004512810020240766,0.0028765726893161853,7.010876393906079,7.25,0.03087948592849629,0.017720155719798524,0.3333333333333333,2,6,8,3,0.4,109.0,128.0,130.0,148.0,144.0,157.0,118.0,142.0,4,1.83,7.25,22,10.05,6.954545454545454,79,36.07,6.974683544303797
org,Corporation,financial,insurance,"18,414",129.0,,12,2,0.09545454545454546,0.22484599589322382,0.010121940886016468,0.0032461679555618305,0.004461480457458841,3.904761904761904,4.0,0.004128046337621352,0.0031621405289321432,0.0,0,8,3,2,0.16666666666666666,169.0,178.0,196.0,197.0,148.0,140.0,197.0,200.0,2,0.91,4.0,8,3.65,5.875,34,15.53,6.029411764705882
org,Corporation,non-financial,technology,"36,117",58.0,,13,4,0.16807359307359307,0.2673992673992674,0.0116999679452933,0.005846916729093902,0.004231075363411671,5.479072762395363,5.75,0.023016599613481372,0.014692630674221668,0.0,0,7,7,3,0.3076923076923077,109.0,136.0,132.0,149.0,129.0,144.0,136.0,148.0,4,1.83,5.75,22,10.05,7.090909090909091,79,36.07,7.025316455696203
org,Corporation,financial,bank,"108,785",12.0,,15,8,0.3405698005698006,0.30758426966292135,0.014497070797338894,0.013240562247525017,0.009244131652074345,9.234900451731638,8.5,0.10478705417091704,0.11045482104077815,0.25,7,6,15,4,0.5333333333333333,40.0,49.0,51.0,29.0,83.0,105.0,25.0,19.0,8,3.65,8.5,47,21.46,7.148936170212766,133,60.73,6.285714285714286
org,Corporation,non-financial,food/agriculture,"30,990",72.0,,15,8,0.3431005553586199,0.31693198263386396,0.01404536417470124,0.020229307422523005,0.023061455322357673,8.470385651212606,8.625,0.0942191216231501,0.06232820452397508,0.21428571428571427,6,7,17,4,0.5333333333333333,40.0,47.0,33.0,48.0,53.0,37.0,31.0,50.0,8,3.65,8.625,52,23.74,7.769230769230769,148,67.58,6.277027027027027
org,Corporation,non-financial,food/agriculture,"21,645",113.0,,12,5,0.21936758893280633,0.269041769041769,0.012829274960457715,0.009558720541449503,0.01508106070126932,5.783783783783783,5.8,0.02943192552461928,0.028902732194467894,0.2,2,7,11,4,0.4166666666666667,87.0,103.0,127.0,107.0,102.0,72.0,119.0,112.0,5,2.28,5.8,24,10.96,7.0,84,38.36,6.821428571428571
org,Corporation,non-financial,consumer products,"15,327",151.0,,10,3,0.13095238095238093,0.27238805970149255,0.012235776143030078,0.0030552145542217446,0.0033513468225042937,8.318181818181818,8.333333333333334,0.025637504021062574,0.01903620645436869,0.0,0,7,7,3,0.3,132.0,159.0,119.0,128.0,149.0,151.0,127.0,138.0,3,1.37,8.333333333333334,24,10.96,6.75,92,42.01,6.923913043478261
org,Corporation,non-financial,media/communications,"35,756",59.0,,13,3,0.11574074074074073,0.27581863979848864,0.01203406905394267,0.002846560493801188,0.001549997905408236,9.4,9.333333333333334,0.03129352432641737,0.023402803708108776,0.3333333333333333,1,7,7,3,0.23076923076923078,132.0,171.0,112.0,133.0,151.0,167.0,116.0,125.0,3,1.37,9.333333333333334,26,11.87,7.230769230769231,104,47.49,6.490384615384615
org,Corporation,non-financial,technology,"16,740",138.0,,9,2,0.11145510835913312,0.25465116279069766,0.012507257826554603,0.0091324200913242,0.0091324200913242,6.666666666666666,7.0,0.020874147887339958,0.032258297937412084,0.0,0,8,2,1,0.2222222222222222,169.0,172.0,152.0,118.0,105.0,106.0,138.0,105.0,2,0.91,7.0,14,6.39,8.428571428571429,68,31.05,7.147058823529412
org,Corporation,non-financial,food/agriculture,"12,981",178.0,,11,6,0.31681159420289856,0.2931726907630522,0.013385626241532113,0.01010058161401711,0.014683088266096935,6.361521369755588,7.0,0.04914283719094892,0.03561652693127927,0.13333333333333333,2,7,14,4,0.5454545454545454,70.0,59.0,83.0,79.0,97.0,76.0,83.0,98.0,6,2.74,7.0,34,15.53,7.323529411764706,118,53.88,6.576271186440678
org,Corporation,non-financial,energy,"139,515",6.0,,15,8,0.2931453254033899,0.3313161875945537,0.013804986184507737,0.026060621578664293,0.008692555820870512,8.263133733428878,8.375,0.09196158540514267,0.06014118200487622,0.03571428571428571,1,6,12,4,0.5333333333333333,40.0,71.0,12.0,65.0,35.0,111.0,36.0,53.0,8,3.65,8.375,63,28.77,7.365079365079365,159,72.6,6.119496855345912
org,Corporation,non-financial,utility,"13,032",175.0,,12,3,0.16450216450216448,0.27070457354758964,0.013004107081003512,0.0022107782305256767,0.005075894041584628,6.947368421052632,7.666666666666667,0.024093937510199566,0.02501553660808279,0.3333333333333333,1,7,7,3,0.25,132.0,138.0,122.0,94.0,163.0,134.0,132.0,121.0,3,1.37,7.666666666666667,20,9.13,7.75,91,41.55,6.813186813186813
org,Corporation,non-financial,utility,"15,599",149.0,,10,3,0.13749535488665923,0.2573443008225617,0.01136108181016445,0.006378546831397569,0.004377696786896234,5.435135135135135,5.666666666666667,0.016065112866448114,0.010970988984181435,0.3333333333333333,1,7,7,3,0.3,132.0,152.0,146.0,162.0,123.0,142.0,146.0,162.0,3,1.37,5.666666666666667,15,6.85,7.0,69,31.51,6.753623188405797
org,Corporation,non-financial,retail,"71,422",25.0,,15,3,0.15846153846153846,0.26353790613718414,0.012446128344778592,0.002357244596782111,0.0033513468225042937,7.747572815533981,7.333333333333333,0.017126245614302003,0.01600015420414113,0.3333333333333333,1,8,7,3,0.2,132.0,142.0,138.0,121.0,159.0,151.0,142.0,146.0,3,1.37,7.333333333333333,19,8.68,6.7894736842105265,87,39.73,6.597701149425287
org,Corporation,non-financial,industrial,"10,800",218.0,,10,3,0.12928571428571428,0.2687116564417178,0.012032416098164002,0.00040659197986449595,0.0006702693645008588,7.823204419889502,8.0,0.0335647816136499,0.021349450950604885,0.6666666666666666,2,8,7,3,0.3,132.0,163.0,128.0,134.0,188.0,180.0,111.0,127.0,3,1.37,8.0,18,8.22,8.88888888888889,92,42.01,7.032608695652174
org,Corporation,non-financial,industrial,"11,185",207.0,,10,1,0.047619047619047616,0.17042801556420234,0.007789898031776144,0.0,0.0,3.0,3.0,0.00015101576148829248,0.00011298810405188839,0.0,0,8,1,1,0.1,197.0,204.0,219.0,219.0,192.0,190.0,219.0,219.0,1,0.46,3.0,3,1.37,4.0,8,3.65,3.625
org,Corporation,non-financial,food/agriculture,"11,158",208.0,,10,1,0.05,0.2293193717277487,0.010771639600941083,0.0,0.0,9.0,9.0,0.0051207011458635964,0.004489507506858666,0.0,0,7,1,1,0.1,197.0,200.0,193.0,181.0,192.0,190.0,194.0,196.0,1,0.46,9.0,9,4.11,6.222222222222222,37,16.89,6.297297297297297
org,Corporation,non-financial,industrial,"23,112",107.0,,11,13,0.6734733048119774,0.34006211180124224,0.01633617206439983,0.05047134889465239,0.06350802228645638,8.660548950510606,8.153846153846153,0.16439770001780293,0.2263421314223263,0.1794871794871795,14,7,18,4,1.1818181818181819,3.0,3.0,11.0,5.0,4.0,2.0,9.0,3.0,13,5.94,8.153846153846153,68,31.05,6.985294117647059,166,75.8,5.86144578313253
org,Corporation,non-financial,technology,"52,902",38.0,,11,8,0.32811762311762305,0.3,0.013286550653710424,0.013882855664107829,0.012448857051094074,8.231683794662517,8.375,0.08041846384731285,0.05158263288678415,0.25,7,7,18,4,0.7272727272727273,40.0,53.0,63.0,81.0,78.0,83.0,43.0,64.0,8,3.65,8.375,41,18.72,7.341463414634147,128,58.45,6.359375
org,Corporation,non-financial,transportation,"28,063",84.0,,12,6,0.3061107008933096,0.3067226890756303,0.013947267863966373,0.009340403914072431,0.00890201499727703,7.657176262701748,8.333333333333334,0.0682241820804953,0.06086646438040917,0.13333333333333333,2,7,14,4,0.5,70.0,65.0,55.0,56.0,104.0,109.0,55.0,52.0,6,2.74,8.333333333333334,42,19.18,7.595238095238095,140,63.93,6.392857142857143
org,Corporation,non-financial,media/communications,"21,565",116.0,,10,9,0.42225702596411974,0.29958960328317374,0.013816308290836443,0.026303231254103332,0.026461675952690156,5.449252772630896,5.444444444444445,0.06486395097738976,0.07680622978403809,0.1111111111111111,4,7,11,4,0.9,25.0,25.0,67.0,64.0,33.0,31.0,59.0,39.0,9,4.11,5.444444444444445,36,16.44,7.138888888888889,127,57.99,6.590551181102362
org,Corporation,financial,financial services,"7,986",286.0,,11,9,0.4101407449233536,0.31647398843930635,0.014109461070128532,0.01921006786886507,0.022007177467778197,8.016798645706391,8.11111111111111,0.09229574463364004,0.06367736922384475,0.25,9,7,17,4,0.8181818181818182,25.0,31.0,35.0,46.0,59.0,41.0,34.0,47.0,9,4.11,8.11111111111111,49,22.37,7.387755102040816,147,67.12,6.115646258503402
org,Corporation,non-financial,utility,"15,131",153.0,,12,4,0.1730371078197165,0.24689966178128522,0.011311496578143157,0.021918680494628195,0.020715512546604666,4.174413253566498,4.25,0.007006796731220075,0.005549052286165803,0.16666666666666666,1,6,4,2,0.3333333333333333,109.0,129.0,166.0,164.0,46.0,46.0,188.0,189.0,4,1.83,4.25,15,6.85,4.533333333333333,51,23.29,6.745098039215686
org,Corporation,non-financial,industrial,"44,945",46.0,,12,7,0.32887959866220734,0.3137535816618911,0.014219548091074365,0.010650536905264754,0.007617332048650384,8.509855765156525,9.142857142857142,0.1031560916298538,0.10772245885257489,0.19047619047619047,4,7,14,4,0.5833333333333334,55.0,52.0,40.0,40.0,95.0,117.0,27.0,23.0,7,3.2,9.142857142857142,44,20.09,8.068181818181818,146,66.67,6.294520547945205
org,Corporation,non-financial,industrial,"27,328",86.0,,14,12,0.4697432388811699,0.34542586750788645,0.014814981847701084,0.05200822010776617,0.028744780975521207,7.358904220911387,7.416666666666667,0.11485718054784373,0.08482007759816736,0.10606060606060606,7,6,13,4,0.8571428571428571,7.0,19.0,6.0,21.0,3.0,26.0,21.0,34.0,12,5.48,7.416666666666667,70,31.96,6.828571428571428,169,77.17,5.93491124260355
org,Corporation,non-financial,utility,"12,731",181.0,,11,6,0.2701948051948052,0.2881578947368421,0.012921751615218954,0.019319913878761728,0.01985672992333794,6.449651526075462,6.5,0.03141983860713463,0.025044089359801937,0.2,3,7,12,4,0.5454545454545454,70.0,77.0,91.0,100.0,58.0,49.0,115.0,120.0,6,2.74,6.5,33,15.07,6.03030303030303,109,49.77,6.541284403669724
org,Corporation,non-financial,technology,"14,026",166.0,,13,2,0.07151979565772669,0.23986856516976998,0.0099210993242478,0.0,0.0,7.071428571428572,7.0,0.010930711995530442,0.007582003281053299,1.0,1,8,3,2,0.15384615384615385,169.0,193.0,178.0,202.0,192.0,190.0,173.0,179.0,2,0.91,7.0,12,5.48,5.75,50,22.83,7.34
org,Corporation,non-financial,industrial,"11,873",194.0,,11,2,0.09429824561403508,0.26071428571428573,0.011365798806331633,0.0019130407153531447,0.001424322399564325,6.418604651162791,7.0,0.01590934210802203,0.01071196171314135,0.0,0,7,3,2,0.18181818181818182,169.0,180.0,142.0,160.0,168.0,170.0,147.0,163.0,2,0.91,7.0,14,6.39,8.0,75,34.25,6.973333333333334
org,Corporation,non-financial,utility,"12,361",187.0,,12,3,0.1351449275362319,0.23599137931034483,0.010966541199642793,0.011696816761021193,0.01185538938460894,4.498659517426273,4.666666666666667,0.006690591879017727,0.005867212911360131,0.0,0,8,3,2,0.25,132.0,153.0,185.0,176.0,91.0,88.0,190.0,186.0,3,1.37,4.666666666666667,14,6.39,4.714285714285714,47,21.46,6.531914893617022
org,Corporation,non-financial,pharmaceutical,"21,836",112.0,,13,8,0.3231350855263898,0.3197080291970803,0.014475191680620428,0.022178118637288663,0.018579028947258183,8.465416453144961,8.5,0.12074553813658724,0.10641500893890973,0.10714285714285714,3,7,14,4,0.6153846153846154,40.0,56.0,30.0,30.0,45.0,51.0,18.0,24.0,8,3.65,8.5,54,24.66,7.62962962962963,147,67.12,6.346938775510204
org,Corporation,non-financial,industrial,"20,915",117.0,,15,5,0.190997150997151,0.28627450980392155,0.012785334812306615,0.004800038320224802,0.001124097580048315,7.806085918854415,7.8,0.045184475805330915,0.04131601816435438,0.3,3,7,12,4,0.3333333333333333,87.0,122.0,96.0,109.0,141.0,176.0,93.0,84.0,5,2.28,7.8,31,14.16,7.161290322580645,110,50.23,6.654545454545454
org,Corporation,non-financial,utility,"10,746",219.0,,12,5,0.23009768009768009,0.28627450980392155,0.012923149550541906,0.004553708370054564,0.0059695865275857735,6.517643937383922,7.0,0.052480660589142136,0.03865768006051627,0.2,2,7,9,3,0.4166666666666667,87.0,99.0,96.0,99.0,143.0,128.0,76.0,88.0,5,2.28,7.0,28,12.79,7.928571428571429,112,51.14,6.928571428571429
org,Corporation,non-financial,utility,"17,318",134.0,,17,8,0.32129383408582524,0.3084507042253521,0.012960624950682552,0.027967452068944115,0.018125200731710724,6.992879838043984,7.5,0.0850891487621139,0.05691404420988388,0.14285714285714285,4,6,12,4,0.47058823529411764,40.0,57.0,50.0,97.0,26.0,54.0,40.0,56.0,8,3.65,7.5,46,21.0,6.956521739130435,135,61.64,6.325925925925926
org,Corporation,non-financial,healthcare,"24,749",96.0,,13,1,0.045454545454545456,0.24551569506726456,0.011351365360194198,0.0,0.0,9.0,9.0,0.009859964882380891,0.008203707456245822,0.0,0,8,1,1,0.07692307692307693,197.0,208.0,168.0,163.0,192.0,190.0,181.0,176.0,1,0.46,9.0,9,4.11,8.444444444444445,55,25.11,7.4363636363636365
org,Corporation,non-financial,energy,"284,650",2.0,,11,9,0.4024609448522492,0.3206442166910688,0.01451372397415364,0.023188346529984687,0.02733442252105065,8.014649659187898,8.11111111111111,0.10505351257744419,0.08181255286135265,0.19444444444444445,7,7,15,4,0.8181818181818182,25.0,33.0,28.0,28.0,44.0,28.0,24.0,35.0,9,4.11,8.11111111111111,54,24.66,7.444444444444445,150,68.49,6.32
org,Corporation,non-financial,energy,"15,643",147.0,,13,3,0.13227513227513227,0.21282798833819241,0.010127714019253447,0.02009213620687795,0.019898621758619246,3.56,3.6666666666666665,0.0016373454984037422,0.001730517472096598,0.0,0,7,3,2,0.23076923076923078,132.0,158.0,204.0,196.0,55.0,48.0,210.0,209.0,3,1.37,3.6666666666666665,11,5.02,3.3636363636363638,25,11.42,4.64
org,Corporation,financial,bank,"29,065",81.0,,11,9,0.40987201204592516,0.3137535816618911,0.014125083310042353,0.019530269976813102,0.02138578191110553,7.7965008150988435,7.777777777777778,0.0740173148685939,0.049998690509952017,0.2777777777777778,10,7,15,4,0.8181818181818182,25.0,32.0,40.0,45.0,57.0,44.0,49.0,65.0,9,4.11,7.777777777777778,47,21.46,6.787234042553192,146,66.67,6.164383561643835
org,Corporation,non-financial,transportation,"35,497",60.0,,11,10,0.5062908423892405,0.34488188976377954,0.016438561813496132,0.048171585226231106,0.07516791643975257,10.239001960696394,10.1,0.17437129582374386,0.18324898178413532,0.2222222222222222,10,5,17,4,0.9090909090909091,17.0,12.0,7.0,4.0,5.0,1.0,7.0,7.0,10,4.57,10.1,67,30.59,6.955223880597015,167,76.26,5.958083832335329
org,Corporation,financial,bank,"9,450",248.0,,15,2,0.06703296703296703,0.1989100817438692,0.008595313787825267,0.0022377695150096817,0.0010054040467512883,3.426229508196722,3.5,0.0008781334610214147,0.0006362565097559058,0.0,0,8,3,2,0.13333333333333333,169.0,196.0,214.0,216.0,162.0,178.0,215.0,216.0,2,0.91,3.5,7,3.2,3.2857142857142856,18,8.22,4.111111111111111
org,Corporation,non-financial,utility,"12,967",179.0,,11,1,0.04,0.2305263157894737,0.009981616809225019,0.0,0.0,9.0,9.0,0.0077553868539717635,0.00605869844413329,0.0,0,8,1,1,0.09090909090909091,197.0,216.0,191.0,200.0,192.0,190.0,185.0,185.0,1,0.46,9.0,9,4.11,6.0,39,17.81,7.461538461538462
org,Corporation,non-financial,industrial,"21,990",111.0,,12,6,0.2560175331914462,0.27375,0.012903352514877151,0.015851268151280976,0.01714074260260009,5.880647236379832,5.833333333333333,0.03502454931432539,0.03622345162806609,0.13333333333333333,2,8,11,4,0.5,70.0,90.0,116.0,102.0,72.0,57.0,108.0,96.0,6,2.74,5.833333333333333,28,12.79,6.535714285714286,97,44.29,6.515463917525773
org,Corporation,non-financial,industrial,"118,308",8.0,,15,7,0.2688319088319089,0.29958960328317374,0.013278092158447856,0.013856208470174564,0.00939773504810579,6.369012293344635,6.285714285714286,0.046963439252843006,0.03595419723433644,0.14285714285714285,3,7,13,4,0.4666666666666667,55.0,82.0,67.0,83.0,80.0,103.0,89.0,97.0,7,3.2,6.285714285714286,36,16.44,7.25,127,57.99,6.519685039370079
org,Corporation,financial,bank,"37,614",54.0,,14,5,0.19891608391608392,0.2573443008225617,0.011623689681100448,0.019040914656112802,0.016582184798849372,3.704810452920841,3.6,0.01418444161204745,0.0106983558362063,0.0,0,7,7,3,0.35714285714285715,87.0,119.0,146.0,150.0,60.0,62.0,158.0,165.0,5,2.28,3.6,18,8.22,6.277777777777778,70,31.96,6.514285714285714
org,Corporation,non-financial,industrial,"15,040",154.0,,12,2,0.08514492753623187,0.2520138089758343,0.011061816528744729,0.0005118788635337142,0.0005445938586569477,6.957446808510639,7.0,0.011386261926828064,0.0068742367817450556,0.0,0,7,3,2,0.16666666666666666,169.0,186.0,155.0,172.0,187.0,184.0,171.0,181.0,2,0.91,7.0,13,5.94,7.230769230769231,66,30.14,6.681818181818182
org,Corporation,non-financial,retail,"14,197",162.0,,14,5,0.20609804848935284,0.2772151898734177,0.01264142230431771,0.01446376455215633,0.010375211204669542,5.9299603188154375,6.0,0.03306210119415236,0.030260537131722283,0.2,2,6,8,3,0.35714285714285715,87.0,114.0,108.0,115.0,76.0,96.0,112.0,110.0,5,2.28,6.0,25,11.42,6.84,94,42.92,6.531914893617022
org,Corporation,non-financial,industrial,"31,981",69.0,,11,8,0.3621869775578216,0.31924198250728864,0.014535237442063694,0.015328296082296562,0.0136986301369863,8.161823753121457,8.375,0.10432657657591395,0.09534888218742205,0.21428571428571427,6,7,16,4,0.7272727272727273,40.0,41.0,31.0,27.0,73.0,79.0,26.0,32.0,8,3.65,8.375,47,21.46,7.680851063829787,148,67.58,6.216216216216216
org,Corporation,non-financial,industrial,"156,779",4.0,,17,11,0.37759739145175575,0.3225331369661267,0.013022536718796456,0.02675341160991038,0.010808093502576348,7.097974408866167,7.181818181818182,0.09888252308004156,0.04620080878732704,0.14545454545454545,8,7,17,4,0.6470588235294118,10.0,37.0,23.0,93.0,29.0,95.0,29.0,69.0,11,5.02,7.181818181818182,55,25.11,7.4,150,68.49,6.213333333333333
org,Corporation,non-financial,food/agriculture,"14,691",155.0,,13,7,0.2969222243135287,0.2814910025706941,0.012797413247367958,0.015225128166741382,0.012920140198008741,5.343940982946104,5.428571428571429,0.05165719388622417,0.04178714116212162,0.047619047619047616,1,6,10,3,0.5384615384615384,55.0,69.0,104.0,108.0,74.0,80.0,78.0,81.0,7,3.2,5.428571428571429,31,14.16,7.354838709677419,102,46.58,6.46078431372549
org,Corporation,non-financial,industrial,"104,589",15.0,,12,11,0.46578334209518624,0.31693198263386396,0.014071083601940397,0.025373672384972838,0.01636574364989597,7.824677948625054,7.7272727272727275,0.11308603550007543,0.07848337155424448,0.16363636363636364,9,7,16,4,0.9166666666666666,10.0,20.0,33.0,47.0,38.0,64.0,22.0,37.0,11,5.02,7.7272727272727275,55,25.11,6.945454545454545,146,66.67,6.184931506849315
org,Corporation,non-financial,industrial,"10,058",236.0,,13,2,0.11858974358974358,0.24306326304106549,0.011156203834202169,0.01008204712622537,0.011687822043483726,5.7027027027027035,6.0,0.0068522321368601,0.006295749586841673,0.0,0,6,3,2,0.15384615384615385,169.0,169.0,173.0,170.0,98.0,90.0,189.0,184.0,2,0.91,6.0,12,5.48,5.75,47,21.46,6.468085106382978
org,Corporation,financial,insurance,"9,069",257.0,,12,2,0.08333333333333333,0.24971493728620298,0.010986070932896342,0.0007518706745802385,0.0004189183528130367,6.5,6.5,0.01094689926475718,0.00790230108428569,0.0,0,7,3,2,0.16666666666666666,169.0,187.0,163.0,174.0,182.0,189.0,172.0,178.0,2,0.91,6.5,13,5.94,6.923076923076923,60,27.4,6.733333333333333
org,Corporation,financial,bank,"51,673",39.0,,11,6,0.26136363636363635,0.3137535816618911,0.014126905627109899,0.014225421084892794,0.012197506039406251,8.819875776397517,8.833333333333334,0.05983315855745132,0.041805216740856736,0.13333333333333333,2,6,13,4,0.5454545454545454,70.0,87.0,40.0,44.0,77.0,86.0,67.0,79.0,6,2.74,8.833333333333334,45,20.55,7.4222222222222225,143,65.3,6.314685314685315
org,Corporation,non-financial,industrial,"16,301",141.0,,12,4,0.18737183868762816,0.2751256281407035,0.012934216613676407,0.01819086783114179,0.024730146761062933,5.9068247454020355,6.0,0.014186189975282043,0.01267614384022847,0.0,0,6,7,3,0.3333333333333333,109.0,125.0,114.0,98.0,65.0,33.0,157.0,153.0,4,1.83,6.0,24,10.96,5.666666666666667,90,41.1,6.3
org,Corporation,non-financial,technology,"23,651",102.0,,10,3,0.151010101010101,0.24717832957110608,0.011469671709015998,0.0018686355118036973,0.00307904989317582,5.066889632107023,5.0,0.013362281266102487,0.01057523706818969,0.0,0,8,7,3,0.3,132.0,145.0,165.0,156.0,170.0,154.0,160.0,167.0,3,1.37,5.0,15,6.85,6.866666666666666,61,27.85,7.065573770491803
org,Corporation,non-financial,food/agriculture,"10,148",233.0,,12,10,0.5616933388672518,0.3062937062937063,0.015143308248147424,0.02063454403669962,0.04811975479312416,7.2242640649014085,6.7,0.09476650741672793,0.15392743888823565,0.17777777777777778,8,7,13,4,0.8333333333333334,17.0,7.0,56.0,15.0,50.0,10.0,30.0,12.0,10,4.57,6.7,44,20.09,7.113636363636363,132,60.27,6.242424242424242
org,Corporation,non-financial,healthcare,"30,052",77.0,,16,4,0.14314134141720347,0.28777923784494086,0.012387344922508389,0.007590898962089738,0.002471618281596917,9.549966909331568,9.5,0.04608609190914596,0.03743562341190041,0.5,3,7,7,3,0.25,109.0,151.0,92.0,123.0,117.0,161.0,91.0,94.0,4,1.83,9.5,29,13.24,7.206896551724138,116,52.97,6.362068965517241
org,Corporation,non-financial,industrial,"14,675",158.0,,12,3,0.1324110671936759,0.24551569506726456,0.011219262295081966,0.005295470277561517,0.005578596064960272,5.2835820895522385,5.333333333333333,0.011720222474021606,0.009487465945477662,0.0,0,8,4,2,0.25,132.0,157.0,168.0,168.0,135.0,132.0,168.0,171.0,3,1.37,5.333333333333333,16,7.31,5.9375,60,27.4,6.983333333333333
org,Corporation,financial,insurance,"24,701",97.0,,9,4,0.20406162464985994,0.2822164948453608,0.013465874154539864,0.0026426937771230567,0.005592560010054041,7.723404255319148,7.75,0.0503778976110227,0.053359123289365144,0.16666666666666666,1,7,8,3,0.4444444444444444,109.0,115.0,101.0,77.0,155.0,131.0,81.0,59.0,4,1.83,7.75,26,11.87,8.26923076923077,108,49.32,6.935185185185185
org,Corporation,financial,insurance,"15,713",146.0,,9,1,0.05,0.19109947643979058,0.009001294706772892,0.0,0.0,3.0000000000000004,3.0,0.0008362753600317611,0.0007755488414060025,0.0,0,9,1,1,0.1111111111111111,197.0,200.0,216.0,214.0,192.0,190.0,216.0,215.0,1,0.46,3.0,3,1.37,5.333333333333333,14,6.39,4.857142857142857
org,Corporation,non-financial,energy,"29,569",79.0,,13,6,0.24397683636814071,0.2959459459459459,0.012847337648370127,0.01120170248868577,0.008294583385698127,6.81303547629625,6.833333333333333,0.0514807967958128,0.04604364476661126,0.13333333333333333,2,7,11,4,0.46153846153846156,70.0,94.0,78.0,105.0,92.0,114.0,80.0,70.0,6,2.74,6.833333333333333,34,15.53,7.176470588235294,124,56.62,6.580645161290323
org,Corporation,non-financial,technology,"114,552",10.0,,13,5,0.20659588398718834,0.2687116564417178,0.01248254438712987,0.0063213247114584405,0.006360576990211275,6.726765191084493,6.8,0.042464654664931635,0.04055380141335202,0.3,3,6,9,3,0.38461538461538464,87.0,113.0,128.0,119.0,124.0,126.0,98.0,87.0,5,2.28,6.8,26,11.87,6.461538461538462,86,39.27,6.465116279069767
org,Corporation,non-financial,retail,"66,176",29.0,,12,5,0.26498682476943347,0.2971506105834464,0.013963868225292242,0.009023045643804642,0.014948403222878527,7.085767557489124,7.8,0.05674295054851087,0.05283769361025942,0.1,1,7,9,3,0.4166666666666667,87.0,84.0,73.0,55.0,109.0,74.0,71.0,60.0,5,2.28,7.8,35,15.98,7.828571428571428,124,56.62,6.596774193548387
org,Corporation,non-financial,industrial,"30,908",74.0,,10,9,0.4174609448522492,0.3249258160237389,0.015106747450592657,0.03203915947127973,0.03975186069568374,7.542897334048702,7.555555555555555,0.07888471623536966,0.06828598251059238,0.08333333333333333,3,7,16,4,0.9,25.0,27.0,18.0,17.0,18.0,15.0,44.0,43.0,9,4.11,7.555555555555555,55,25.11,7.290909090909091,158,72.15,6.050632911392405
org,Corporation,non-financial,technology,"95,758",20.0,,14,15,0.687728969902883,0.36258278145695366,0.01680672268907563,0.045163531433565204,0.058212196109644905,9.498035224097151,9.466666666666667,0.26226051902528197,0.2672623843873942,0.2,21,6,17,4,1.0714285714285714,1.0,2.0,1.0,1.0,7.0,6.0,1.0,2.0,15,6.85,9.466666666666667,80,36.53,7.25,182,83.11,5.714285714285714
org,Corporation,non-financial,media/communications,"10,905",214.0,,11,5,0.22169678147939018,0.29395973154362415,0.013393403188323072,0.02111634561823094,0.02053398126038568,6.569457709858855,6.6,0.04296195826521723,0.03792872013945969,0.0,0,6,7,3,0.45454545454545453,87.0,102.0,80.0,78.0,48.0,47.0,96.0,91.0,5,2.28,6.6,30,13.7,7.433333333333334,117,53.42,6.487179487179487
org,Corporation,non-financial,industrial,"13,904",169.0,,11,6,0.26980101219231656,0.2971506105834464,0.013611502444683848,0.00566844900325925,0.006660801809727284,8.837422462856777,8.833333333333334,0.09199206114886642,0.09813010596979897,0.3333333333333333,5,7,11,4,0.5454545454545454,70.0,79.0,73.0,72.0,132.0,122.0,35.0,29.0,6,2.74,8.833333333333334,36,16.44,8.13888888888889,125,57.08,6.552
org,Corporation,non-financial,technology,"29,515",80.0,,11,4,0.16857216857216858,0.23004201680672268,0.01047880315161568,0.006627875668363612,0.008699537793417396,2.8089332748024582,2.75,0.006604924966637661,0.0051535479323924025,0.0,0,8,4,2,0.36363636363636365,109.0,135.0,192.0,187.0,122.0,110.0,191.0,193.0,4,1.83,2.75,11,5.02,5.181818181818182,39,17.81,6.6923076923076925
org,Corporation,non-financial,technology,"35,127",62.0,,11,5,0.2315643852714791,0.271712158808933,0.012324257402526753,0.00968017305698149,0.009446608855933979,5.492071905347982,5.6,0.025283243996973008,0.02125359484594483,0.1,1,7,8,3,0.45454545454545453,87.0,96.0,120.0,125.0,101.0,102.0,131.0,129.0,5,2.28,5.6,26,11.87,6.538461538461538,92,42.01,6.782608695652174
org,Corporation,non-financial,paper,"23,366",104.0,,10,6,0.29747474747474745,0.29836512261580383,0.01383944557959261,0.010915941855037163,0.015234664097300768,6.38370118845501,6.5,0.04815054739590178,0.04600241748233504,0.06666666666666667,1,7,11,4,0.6,70.0,67.0,71.0,62.0,93.0,71.0,85.0,71.0,6,2.74,6.5,35,15.98,7.571428571428571,131,59.82,6.404580152671755
org,Corporation,non-financial,retail,"17,556",133.0,,12,3,0.17536630036630035,0.2591715976331361,0.011908753931066983,0.003037303550594273,0.004175219583036599,5.028720626631854,6.0,0.015656474676840716,0.012621730779530408,0.0,0,8,7,3,0.25,132.0,127.0,143.0,140.0,150.0,145.0,148.0,154.0,3,1.37,6.0,18,8.22,6.777777777777778,75,34.25,6.92
org,Corporation,financial,bank,"115,632",9.0,,11,11,0.5515800865800865,0.3273542600896861,0.01561627229834924,0.03842354899069468,0.053377180120927764,7.5078287485774835,7.636363636363637,0.09917218841776608,0.10839382911178466,0.14545454545454545,8,6,17,4,1.0,10.0,8.0,13.0,10.0,9.0,8.0,28.0,22.0,11,5.02,7.636363636363637,58,26.48,6.810344827586207,150,68.49,6.093333333333334
org,Corporation,non-financial,services,"11,467",203.0,,11,2,0.09109730848861283,0.20936902485659656,0.009444200872546412,0.0010557452778138965,0.0010961696898607795,4.0,4.0,0.002358024029625383,0.0016511212323036927,0.0,0,8,3,2,0.18181818181818182,169.0,181.0,206.0,207.0,176.0,177.0,208.0,210.0,2,0.91,4.0,8,3.65,3.625,22,10.05,6.0
org,Corporation,non-financial,consumer products,"61,897",33.0,,12,7,0.302266139657444,0.3045897079276773,0.014378255350811922,0.024904530000080936,0.0258751902587519,6.659598116990672,6.571428571428571,0.05231214926234832,0.052706388977389385,0.047619047619047616,1,6,14,4,0.5833333333333334,55.0,66.0,58.0,32.0,41.0,32.0,77.0,61.0,7,3.2,6.571428571428571,36,16.44,7.333333333333333,131,59.82,6.297709923664122
org,Corporation,non-financial,industrial,"28,497",83.0,,11,1,0.047619047619047616,0.20817490494296578,0.009409709043775914,0.0,0.0,3.0,3.0,0.0029759654755091183,0.002430234930623892,0.0,0,8,1,1,0.09090909090909091,197.0,204.0,207.0,209.0,192.0,190.0,204.0,204.0,1,0.46,3.0,3,1.37,6.666666666666667,18,8.22,7.166666666666667
org,Corporation,non-financial,industrial,"12,105",193.0,,7,4,0.21199813258636788,0.27581863979848864,0.013065006860620041,0.000977694585918122,0.0027648611285660423,7.606914776480951,7.75,0.047577293810848506,0.044854880232498444,0.5,3,7,8,3,0.5714285714285714,109.0,108.0,112.0,92.0,179.0,158.0,88.0,72.0,4,1.83,7.75,23,10.5,7.478260869565218,93,42.47,7.279569892473118
org,Corporation,non-financial,food/agriculture,"12,575",184.0,,12,8,0.33861985840246706,0.31647398843930635,0.013973669098411213,0.027577732761298122,0.018411461606132964,8.056638333924445,8.125,0.07130728834413923,0.04834157014911992,0.17857142857142858,5,7,12,4,0.6666666666666666,40.0,50.0,35.0,54.0,27.0,52.0,53.0,68.0,8,3.65,8.125,51,23.29,6.666666666666667,144,65.75,6.194444444444445
org,Corporation,non-financial,consumer products,"19,115",126.0,,13,7,0.2971014492753623,0.2963464140730717,0.01337336522314386,0.02326640076838415,0.019050312094172846,5.7439024390243905,5.714285714285714,0.03610384882623217,0.02572855540843655,0.047619047619047616,1,6,9,3,0.5384615384615384,55.0,68.0,77.0,80.0,43.0,50.0,106.0,117.0,7,3.2,5.714285714285714,34,15.53,6.4411764705882355,118,53.88,6.389830508474576
org,Corporation,non-financial,retail,"17,178",135.0,,10,3,0.17214012041598248,0.23650107991360692,0.011266687816714825,0.008215851528363762,0.012525658749109799,3.6772655007949124,3.6666666666666665,0.004114397243090882,0.004367405737598646,0.0,0,7,5,2,0.3,132.0,132.0,184.0,166.0,113.0,82.0,198.0,197.0,3,1.37,3.6666666666666665,11,5.02,4.454545454545454,41,18.72,5.975609756097561
org,Corporation,non-financial,food/agriculture,"40,386",53.0,,12,7,0.3116925903996842,0.31107954545454547,0.014006736878011341,0.02817962610909345,0.023787580467233598,6.64601953539163,6.857142857142857,0.04764204846761411,0.034874483439561205,0.09523809523809523,2,6,10,3,0.5833333333333334,55.0,63.0,47.0,51.0,25.0,36.0,87.0,100.0,7,3.2,6.857142857142857,42,19.18,6.785714285714286,139,63.47,6.071942446043166
org,Corporation,non-financial,retail,"76,733",23.0,,14,7,0.2667114367114367,0.31647398843930635,0.013205631990995245,0.02574765352438051,0.010961696898607796,6.693381758251819,6.714285714285714,0.05748890411711803,0.035193325696948496,0.0,0,6,9,3,0.5,55.0,83.0,35.0,85.0,37.0,93.0,69.0,99.0,7,3.2,6.714285714285714,44,20.09,7.181818181818182,147,67.12,6.360544217687075
org,Corporation,non-financial,media/communications,"11,110",210.0,,11,2,0.21666666666666667,0.23599137931034483,0.011603366212481123,0.0,0.0,4.384615384615384,6.0,0.009915293770522124,0.02087790448850979,1.0,1,8,3,2,0.18181818181818182,169.0,105.0,185.0,152.0,192.0,190.0,180.0,132.0,2,0.91,6.0,10,4.57,6.5,42,19.18,7.119047619047619
org,Corporation,non-financial,media/communications,"10,398",227.0,,10,3,0.2692982456140351,0.2528868360277136,0.012001095990501413,0.001778411943576017,0.0050270202337564405,4.6677524429967425,6.666666666666667,0.014467054944313254,0.024365206657390975,0.3333333333333333,1,7,4,2,0.3,132.0,81.0,154.0,135.0,171.0,135.0,156.0,123.0,3,1.37,6.666666666666667,17,7.76,6.235294117647059,62,28.31,6.870967741935484
org,Corporation,financial,insurance,"31,094",71.0,,17,5,0.20229885057471264,0.27070457354758964,0.011980852518805561,0.006746072782267328,0.004461480457458841,5.9602272727272725,5.4,0.025405026489348732,0.02164439991206607,0.2,2,7,8,3,0.29411764705882354,87.0,117.0,122.0,136.0,121.0,140.0,128.0,126.0,5,2.28,5.4,23,10.5,6.217391304347826,85,38.81,6.952941176470588
org,Corporation,non-financial,industrial,"45,189",44.0,,11,3,0.1941959642188475,0.2372697724810401,0.011292152212024337,0.0021457577065292065,0.0030371580578945163,3.8955543652919125,4.333333333333333,0.007111044096304516,0.009034316476509341,0.3333333333333333,1,7,7,3,0.2727272727272727,132.0,121.0,182.0,165.0,165.0,155.0,187.0,172.0,3,1.37,4.333333333333333,11,5.02,6.0,43,19.63,6.651162790697675
org,Corporation,non-financial,holding,"14,123",165.0,,12,5,0.21176830415960848,0.29161118508655126,0.012612059201812142,0.0023890499822949826,0.0013195928113610656,9.5511609821131,9.6,0.055534903083780625,0.031813528975435004,0.6,6,8,16,4,0.4166666666666667,87.0,109.0,86.0,117.0,158.0,173.0,72.0,107.0,5,2.28,9.6,34,15.53,7.735294117647059,122,55.71,6.459016393442623
org,Corporation,non-financial,retail,"47,220",42.0,,12,3,0.12774725274725274,0.2697044334975369,0.011733295234353375,0.0019405891656739972,0.0013614846466423695,5.577060931899641,5.666666666666667,0.019191152380616926,0.013925161176543872,0.0,0,7,7,3,0.25,132.0,165.0,124.0,146.0,166.0,171.0,139.0,149.0,3,1.37,5.666666666666667,17,7.76,7.705882352941177,91,41.55,7.010989010989011
org,Corporation,non-financial,retail,"23,489",103.0,,10,5,0.2698851872764916,0.2822164948453608,0.01286885326177441,0.0098610829213418,0.01231619957270328,5.682892809819375,6.2,0.025318676076034247,0.021344679751811375,0.1,1,6,8,3,0.5,87.0,78.0,101.0,104.0,99.0,84.0,130.0,128.0,5,2.28,6.2,27,12.33,6.407407407407407,102,46.58,6.803921568627451
org,Corporation,non-financial,services,"16,039",143.0,,11,3,0.1577639751552795,0.26258992805755393,0.011713839982170715,0.025108166634495648,0.022872942063591806,5.574803149606299,6.0,0.023810471799504452,0.019314926425820812,0.0,0,7,3,2,0.2727272727272727,132.0,143.0,140.0,147.0,39.0,39.0,134.0,137.0,3,1.37,6.0,18,8.22,7.055555555555555,74,33.79,6.95945945945946
org,Corporation,non-financial,energy,"49,403",41.0,,12,13,0.6664436288349331,0.347068145800317,0.016038668570800836,0.04449172932829108,0.06299135631798697,8.502288314978331,8.615384615384615,0.17634301930462448,0.21740618782438484,0.20512820512820512,16,6,16,4,1.0833333333333333,3.0,4.0,3.0,6.0,8.0,3.0,6.0,4.0,13,5.94,8.615384615384615,70,31.96,7.1,171,78.08,5.9298245614035086
org,Corporation,non-financial,hospitality,"10,908",213.0,,10,6,0.3276407802723592,0.28552803129074317,0.013108016439886678,0.011909170149727153,0.01813916467680449,6.976297461244664,7.0,0.05328555691120453,0.043113075153943706,0.26666666666666666,4,6,11,4,0.6,70.0,54.0,99.0,90.0,90.0,53.0,75.0,78.0,6,2.74,7.0,29,13.24,7.344827586206897,108,49.32,6.703703703703703
org,Corporation,non-financial,services,"10,493",221.0,,12,3,0.13474025974025974,0.24118942731277532,0.01094507471637763,0.0025592342483130473,0.0014662142348456286,4.546184738955823,4.666666666666667,0.010436158500862516,0.008166270589684974,0.3333333333333333,1,8,7,3,0.25,132.0,154.0,176.0,178.0,156.0,169.0,176.0,177.0,3,1.37,4.666666666666667,12,5.48,6.833333333333333,52,23.74,7.230769230769231
org,Corporation,financial,insurance,"25,424",93.0,,12,1,0.045454545454545456,0.24579124579124578,0.011363439818738432,0.0,0.0,10.0,10.0,0.010911950428779653,0.008956963221547345,0.0,0,8,1,1,0.08333333333333333,197.0,208.0,167.0,161.0,192.0,190.0,174.0,173.0,1,0.46,10.0,10,4.57,8.2,60,27.4,7.133333333333334
org,Corporation,non-financial,retail,"22,745",108.0,,13,11,0.47468018599203,0.3206442166910688,0.014300328668132252,0.036002005166510496,0.03067180539846117,7.384501580304591,7.363636363636363,0.12073983958263661,0.0984712706300107,0.12727272727272726,7,6,17,4,0.8461538461538461,10.0,16.0,28.0,36.0,15.0,23.0,19.0,28.0,11,5.02,7.363636363636363,55,25.11,7.163636363636364,146,66.67,6.1506849315068495
org,Corporation,non-financial,pharmaceutical,"106,632",14.0,,9,3,0.14786967418546365,0.24524076147816348,0.011256264188118386,0.0021975325149925394,0.002953374387331909,4.677966101694915,4.666666666666667,0.01212716433653979,0.01069903575074812,0.0,0,7,7,3,0.3333333333333333,132.0,147.0,171.0,167.0,164.0,156.0,166.0,164.0,3,1.37,4.666666666666667,14,6.39,6.285714285714286,58,26.48,6.793103448275862
org,Corporation,non-financial,healthcare,"59,804",35.0,,9,1,0.05,0.21241513094083414,0.009545672483182473,0.0,0.0,3.0000000000000004,3.0,0.003371445687238517,0.002576830726368607,0.0,0,8,1,1,0.1111111111111111,197.0,200.0,205.0,205.0,192.0,190.0,201.0,203.0,1,0.46,3.0,3,1.37,7.0,19,8.68,8.31578947368421
org,Corporation,non-financial,industrial,"14,599",160.0,,11,9,0.417869030283218,0.32540861812778604,0.015366444083217363,0.019031571847639168,0.022321366232387972,8.808659371008797,9.0,0.14313146913753205,0.14270677508601856,0.2222222222222222,8,6,15,4,0.8181818181818182,25.0,26.0,15.0,13.0,61.0,40.0,10.0,13.0,9,4.11,9.0,54,24.66,7.481481481481482,151,68.95,6.158940397350993
org,Corporation,non-financial,pharmaceutical,"27,428",85.0,,18,5,0.168574326282237,0.2923898531375167,0.011970156595884233,0.005068924214142041,0.001131079552595199,8.71336484744306,8.8,0.05415218140464777,0.02687725594460998,0.1,1,7,15,4,0.2777777777777778,87.0,134.0,85.0,138.0,137.0,175.0,74.0,115.0,5,2.28,8.8,37,16.89,7.837837837837838,119,54.34,6.638655462184874
org,Corporation,financial,insurance,"41,098",51.0,,13,5,0.20064350303480738,0.3,0.01318218298555377,0.007604709910776568,0.003428148520520017,8.367975577156367,8.4,0.04480808277352062,0.03184129181456667,0.0,0,6,15,4,0.38461538461538464,87.0,118.0,63.0,89.0,116.0,150.0,94.0,106.0,5,2.28,8.4,36,16.44,7.333333333333333,125,57.08,6.784
org,Corporation,non-financial,technology,"58,437",36.0,,10,7,0.33354978354978354,0.29395973154362415,0.013640327201760578,0.016696110449323263,0.01776213815927276,7.870863075924724,7.857142857142857,0.04857888849438457,0.03805491660749738,0.23809523809523808,5,7,11,4,0.7,55.0,51.0,80.0,71.0,69.0,56.0,84.0,90.0,7,3.2,7.857142857142857,40,18.26,6.125,120,54.79,6.4
org,Corporation,non-financial,food/agriculture,"11,740",197.0,,10,3,0.20288220551378444,0.2383025027203482,0.011621736361706644,0.0027238596859130754,0.006807423233211847,4.2322421247683755,4.666666666666667,0.010353811032339727,0.01832562710233384,0.3333333333333333,1,8,7,3,0.3,132.0,116.0,181.0,151.0,154.0,120.0,178.0,139.0,3,1.37,4.666666666666667,12,5.48,6.416666666666667,51,23.29,7.019607843137255
org,Corporation,financial,bank,"31,515",70.0,,12,7,0.28899831552755095,0.297554347826087,0.013086867318686135,0.012526518467243699,0.008147961962213564,7.333372533680907,7.285714285714286,0.04624455226326576,0.030236868151219714,0.19047619047619047,4,7,14,4,0.5833333333333334,55.0,72.0,72.0,91.0,86.0,115.0,90.0,111.0,7,3.2,7.285714285714286,38,17.35,6.605263157894737,125,57.08,6.536
org,Corporation,non-financial,mining/steel,"10,298",231.0,,12,1,0.043478260869565216,0.2151277013752456,0.009960733182734728,0.0,0.0,6.0,6.0,0.004377523024622371,0.004161296736274578,0.0,0,9,1,1,0.08333333333333333,197.0,212.0,202.0,201.0,192.0,190.0,196.0,199.0,1,0.46,6.0,6,2.74,6.666666666666667,28,12.79,6.714285714285714
org,Corporation,non-financial,technology,"22,063",110.0,,12,2,0.08712121212121213,0.2446927374301676,0.010734855602303826,0.005405101187935954,0.0036445896694734196,6.304347826086955,6.5,0.015527662252867735,0.011203929998143413,0.0,0,7,3,2,0.16666666666666666,169.0,185.0,172.0,183.0,134.0,148.0,149.0,161.0,2,0.91,6.5,13,5.94,7.3076923076923075,57,26.03,7.140350877192983
org,Corporation,non-financial,energy,"12,712",182.0,,8,3,0.1597222222222222,0.237012987012987,0.010656675020072504,0.013067203321819858,0.014955385195425412,2.6521739130434785,3.0,0.012399155003720049,0.011305322033915726,0.0,0,8,3,2,0.375,132.0,141.0,183.0,185.0,84.0,73.0,163.0,159.0,3,1.37,3.0,9,4.11,7.0,44,20.09,7.9772727272727275
org,Corporation,non-financial,industrial,"11,569",202.0,,11,2,0.10101010101010101,0.2064090480678605,0.009419152276295133,0.0003750316682326234,0.0005027020233756441,2.55,2.5,0.0034905627715256463,0.003005455220072068,0.0,0,8,3,2,0.18181818181818182,169.0,174.0,208.0,208.0,189.0,185.0,200.0,202.0,2,0.91,2.5,5,2.28,4.6,19,8.68,7.578947368421052
org,Corporation,financial,insurance,"34,014",64.0,,13,6,0.2569222243135286,0.2744360902255639,0.012830778244312077,0.009035787317418926,0.00801530448382277,5.385431716896279,5.333333333333333,0.03687661131470507,0.0346824149399251,0.06666666666666667,1,7,11,4,0.46153846153846156,70.0,89.0,115.0,106.0,108.0,116.0,103.0,102.0,6,2.74,5.333333333333333,27,12.33,6.62962962962963,92,42.01,7.0978260869565215
org,Corporation,non-financial,media/communications,"30,423",76.0,,16,2,0.07333333333333333,0.2502857142857143,0.01076546203822804,0.00027424409472986364,0.0,8.09090909090909,8.0,0.013976950558149974,0.011284475317546961,0.0,0,8,3,2,0.125,169.0,192.0,161.0,182.0,190.0,190.0,159.0,160.0,2,0.91,8.0,15,6.85,6.6,60,27.4,7.083333333333333
org,Corporation,non-financial,consumer products,"19,176",124.0,,13,3,0.12347826086956523,0.2822164948453608,0.012636437947780929,0.0019204468625865214,0.0006632873919539747,8.732394366197182,8.666666666666666,0.04202633524930394,0.038220138427977876,0.0,0,6,7,3,0.23076923076923078,132.0,167.0,101.0,116.0,167.0,182.0,99.0,89.0,3,1.37,8.666666666666666,24,10.96,8.125,110,50.23,6.754545454545455
org,Corporation,non-financial,industrial,"35,291",61.0,,13,10,0.4444368785748096,0.32540861812778604,0.015020576131687243,0.021821280710198666,0.015499979054082359,9.12135617153564,8.6,0.13989207316514074,0.1593622828157684,0.2,9,7,18,4,0.7692307692307693,17.0,23.0,15.0,19.0,47.0,69.0,13.0,9.0,10,4.57,8.6,59,26.94,7.4576271186440675,154,70.32,6.0519480519480515
org,Corporation,financial,insurance,"21,603",115.0,,21,4,0.19545361247947454,0.22438524590163936,0.010791189658853869,0.016129733796568037,0.01642159943027104,2.534050932003151,2.25,0.0036571132404044884,0.004275554303731839,0.0,0,7,4,2,0.19047619047619047,109.0,120.0,197.0,180.0,71.0,63.0,199.0,198.0,4,1.83,2.25,9,4.11,3.6666666666666665,28,12.79,6.321428571428571
org,Corporation,non-financial,industrial,"11,190",206.0,,10,5,0.2387121650279545,0.27933673469387754,0.013186151530356249,0.007737105014788741,0.012064848561015458,5.599983847520595,5.6,0.03587126978799425,0.04429256899871976,0.1,1,7,11,4,0.5,87.0,95.0,106.0,86.0,115.0,87.0,107.0,73.0,5,2.28,5.6,25,11.42,7.44,103,47.03,6.815533980582524
org,Corporation,non-financial,energy,"15,531",150.0,,16,2,0.07417582417582418,0.2591715976331361,0.010895070685294972,0.0049785750705516425,0.0017175652465334507,7.851851851851851,8.0,0.018454961390542465,0.013106946857508985,0.0,0,8,3,2,0.125,169.0,190.0,143.0,179.0,139.0,166.0,140.0,152.0,2,0.91,8.0,16,7.31,7.4375,77,35.16,6.9480519480519485
org,Corporation,non-financial,retail,"12,145",192.0,,13,4,0.17226613965744397,0.2870249017038008,0.012910452160584802,0.00733639948865867,0.006618909974445979,7.065009560229446,7.0,0.025711888582646693,0.020344010545604193,0.0,0,6,8,3,0.3076923076923077,109.0,131.0,94.0,101.0,118.0,123.0,126.0,133.0,4,1.83,7.0,28,12.79,7.0,107,48.86,6.644859813084112
org,Corporation,non-financial,media/communications,"11,721",198.0,,12,4,0.1524327122153209,0.27340823970037453,0.012717893127111178,0.006226230182710077,0.005648415790429111,7.2308998302207135,6.75,0.023985543998107876,0.02531780312084227,0.16666666666666666,1,6,8,3,0.3333333333333333,109.0,144.0,117.0,112.0,126.0,130.0,133.0,118.0,4,1.83,6.75,25,11.42,6.6,88,40.18,6.7272727272727275
org,Corporation,non-financial,technology,"23,252",105.0,,12,1,0.045454545454545456,0.24306326304106549,0.01101323432038957,0.0,0.0,9.0,9.0,0.013130305520315544,0.009827325877781201,0.0,0,8,1,1,0.08333333333333333,197.0,208.0,173.0,173.0,192.0,190.0,161.0,170.0,1,0.46,9.0,9,4.11,9.0,54,24.66,7.592592592592593
org,Corporation,non-financial,utility,"13,399",173.0,,12,1,0.03125,0.18341708542713567,0.008030704917431642,0.0,0.0,4.0,4.0,0.00045708819599496784,0.0003530478244751872,0.0,0,8,1,1,0.08333333333333333,197.0,220.0,217.0,218.0,192.0,190.0,217.0,217.0,1,0.46,4.0,4,1.83,3.0,9,4.11,4.0
org,Corporation,financial,bank,"19,231",123.0,,17,4,0.2224257224257224,0.28005115089514065,0.013184166959313702,0.001888259197190263,0.0023668886933936577,9.14775846294602,9.25,0.04967630776440526,0.07804119141231895,0.5,3,7,11,4,0.23529411764705882,109.0,101.0,105.0,88.0,169.0,164.0,82.0,38.0,4,1.83,9.25,29,13.24,7.379310344827586,104,47.49,6.519230769230769
org,Corporation,non-financial,industrial,"12,239",190.0,,11,8,0.46024729656308605,0.29554655870445345,0.014236032112328144,0.02036845414765985,0.030720679206289358,6.444895018455593,6.375,0.0652931116477921,0.11192184671133135,0.14285714285714285,4,7,12,4,0.7272727272727273,40.0,22.0,79.0,39.0,52.0,22.0,58.0,18.0,8,3.65,6.375,40,18.26,6.775,119,54.34,6.529411764705882
org,Corporation,non-financial,industrial,"10,309",230.0,,12,1,0.045454545454545456,0.22741433021806853,0.01035591563948173,0.0,0.0,5.0,5.0,0.00536959755386031,0.004555260388448991,0.0,0,7,1,1,0.08333333333333333,197.0,208.0,194.0,192.0,192.0,190.0,193.0,195.0,1,0.46,5.0,5,2.28,7.4,30,13.7,7.566666666666666
org,Corporation,non-financial,food/agriculture,"43,232",50.0,,12,8,0.360060229625447,0.29958960328317374,0.013777917584145958,0.020903006718261685,0.02103668328376133,5.872713016204914,5.875,0.055447293541615546,0.04389905090449022,0.03571428571428571,1,7,12,4,0.6666666666666666,40.0,42.0,67.0,67.0,49.0,45.0,73.0,74.0,8,3.65,5.875,40,18.26,7.4,130,59.36,6.4
org,Corporation,non-financial,industrial,"9,985",238.0,,11,3,0.19090909090909092,0.26353790613718414,0.01275084423397896,0.003932488877136209,0.008322511275885663,6.476190476190477,6.666666666666667,0.015081205882852364,0.016858171848333985,0.0,0,7,7,3,0.2727272727272727,132.0,123.0,138.0,111.0,145.0,113.0,150.0,144.0,3,1.37,6.666666666666667,20,9.13,6.35,79,36.07,6.746835443037975
org,Corporation,non-financial,industrial,"50,009",40.0,,15,9,0.38264515178308284,0.31601731601731603,0.013985716262386514,0.020428000221931406,0.014480611062237301,7.390968293518906,7.333333333333333,0.07359159071007672,0.05541581596477919,0.1111111111111111,4,7,17,4,0.6,25.0,35.0,38.0,53.0,51.0,77.0,50.0,57.0,9,4.11,7.333333333333333,48,21.92,7.041666666666667,145,66.21,6.055172413793104
org,Corporation,non-financial,food/agriculture,"25,035",94.0,,10,1,0.05555555555555555,0.20410065237651445,0.01017492508188724,0.0,0.0,4.0,4.0,0.0014939827847185816,0.0018128349579619497,0.0,0,7,1,1,0.1,197.0,199.0,211.0,195.0,192.0,190.0,213.0,208.0,1,0.46,4.0,4,1.83,5.25,16,7.31,5.75
org,Corporation,non-financial,energy,"18,520",128.0,,9,1,0.0625,0.19176882661996497,0.009110385423383322,0.0,0.0,3.0,3.0,0.0015497301634967138,0.0018670076783924325,0.0,0,9,1,1,0.1111111111111111,197.0,197.0,215.0,212.0,192.0,190.0,212.0,207.0,1,0.46,3.0,3,1.37,3.6666666666666665,9,4.11,7.222222222222222
org,Corporation,non-financial,consumer products,"79,697",22.0,,11,11,0.5925801493192796,0.32111436950146627,0.01581912741982086,0.036569439254025886,0.059598117660201365,8.012098821245013,7.545454545454546,0.13812697993627512,0.1819810693729597,0.16363636363636364,9,5,16,4,1.0,10.0,6.0,26.0,8.0,13.0,4.0,14.0,8.0,11,5.02,7.545454545454546,53,24.2,6.9245283018867925,145,66.21,6.358620689655172
org,Corporation,non-financial,utility,"9,885",239.0,,15,4,0.14427111840904944,0.2730673316708229,0.011425987600107823,0.003654186021840233,0.002262159105190398,5.434081568131521,5.5,0.025383522725083086,0.014923165556200293,0.16666666666666666,1,7,7,3,0.26666666666666666,109.0,150.0,118.0,158.0,146.0,165.0,129.0,147.0,4,1.83,5.5,20,9.13,7.8,95,43.38,6.842105263157895
org,Corporation,financial,insurance,"14,564",161.0,,13,8,0.3420671518497605,0.3050139275766017,0.013800056712561832,0.01982453041820386,0.016142320528395683,6.942790765209816,7.0,0.0660313167049038,0.0433597663653557,0.21428571428571427,6,7,16,4,0.6153846153846154,40.0,48.0,57.0,66.0,56.0,66.0,57.0,76.0,8,3.65,7.0,43,19.63,7.325581395348837,136,62.1,6.375
org,Corporation,financial,insurance,"32,688",65.0,,14,8,0.35947541186671617,0.31510791366906477,0.01424467450810342,0.018910482310264418,0.016002681077458003,8.465389061851212,8.375,0.07431034834352895,0.06395747035342587,0.21428571428571427,6,6,17,4,0.5714285714285714,40.0,44.0,39.0,38.0,62.0,67.0,48.0,46.0,8,3.65,8.375,49,22.37,6.63265306122449,141,64.38,6.148936170212766
org,Corporation,non-financial,utility,"12,406",186.0,,9,7,0.35477932799914225,0.3101983002832861,0.015070881313942285,0.010807825506110917,0.015835113736332788,8.443794470584013,8.571428571428571,0.10807063591998996,0.12223406298175997,0.2857142857142857,6,6,12,4,0.7777777777777778,55.0,45.0,48.0,18.0,94.0,68.0,23.0,17.0,7,3.2,8.571428571428571,42,19.18,7.809523809523809,136,62.1,6.294117647058823
org,Corporation,non-financial,technology,"10,416",225.0,,13,1,0.038461538461538464,0.2048643592142189,0.008935553847932378,0.0,0.0,5.0,5.0,0.0017728847474529205,0.0010873409931905756,0.0,0,8,1,1,0.07692307692307693,197.0,218.0,210.0,215.0,192.0,190.0,209.0,213.0,1,0.46,5.0,5,2.28,4.4,18,8.22,6.5
org,Corporation,non-financial,media/communications,"12,311",188.0,,13,4,0.1660805860805861,0.2697044334975369,0.01183666483501635,0.005734665279904766,0.00486643486517811,5.121305690339655,5.25,0.02928006603086406,0.02097778436140785,0.0,0,7,7,3,0.3076923076923077,109.0,137.0,124.0,142.0,130.0,138.0,120.0,131.0,4,1.83,5.25,20,9.13,7.9,90,41.1,6.911111111111111
org,Corporation,non-financial,media/communications,"9,857",240.0,,9,4,0.213510101010101,0.256140350877193,0.012443535327708173,0.013343433123666351,0.016358761677349086,4.427557658190421,4.5,0.01195303081976862,0.012348294681143622,0.16666666666666666,1,6,7,3,0.4444444444444444,109.0,107.0,149.0,122.0,82.0,65.0,167.0,157.0,4,1.83,4.5,16,7.31,5.5625,61,27.85,6.885245901639344
org,Corporation,non-financial,industrial,"24,881",95.0,,9,2,0.09109730848861283,0.17590361445783131,0.008371612968991903,0.0091324200913242,0.0091324200913242,2.0454545454545454,2.0,0.0002078904354788085,0.0002206634498732295,0.0,0,8,2,1,0.2222222222222222,169.0,181.0,218.0,217.0,105.0,106.0,218.0,218.0,2,0.91,2.0,4,1.83,3.25,11,5.02,3.4545454545454546
org,Corporation,financial,bank,"9,087",254.0,,17,2,0.07037037037037036,0.2134502923976608,0.009144113737743476,0.001236804007948912,0.0006283775292195551,4.473684210526316,4.5,0.0025984454296469105,0.001446810087529562,0.0,0,7,3,2,0.11764705882352941,169.0,195.0,203.0,211.0,174.0,183.0,206.0,211.0,2,0.91,4.5,9,4.11,3.7777777777777777,26,11.87,6.153846153846154
org,Corporation,non-financial,technology,"10,847",215.0,,13,4,0.16433747412008282,0.2505720823798627,0.011117691852102545,0.012181302407555277,0.008573862287573486,3.4818897637795274,3.5,0.012260887262144731,0.00872617025344338,0.0,0,7,4,2,0.3076923076923077,109.0,139.0,159.0,171.0,89.0,112.0,165.0,174.0,4,1.83,3.5,13,5.94,6.076923076923077,57,26.03,6.666666666666667
org,Corporation,non-financial,retail,"40,851",52.0,,9,3,0.14665286404416839,0.25,0.011429565519940852,0.005674615971196506,0.006681747727367936,4.510588235294118,4.666666666666667,0.015074404733888247,0.013574018818072717,0.0,0,7,6,2,0.3333333333333333,132.0,148.0,162.0,157.0,131.0,121.0,151.0,150.0,3,1.37,4.666666666666667,14,6.39,6.857142857142857,60,27.4,7.2
org,Corporation,non-financial,food/agriculture,"12,881",180.0,,12,6,0.3131037078863166,0.3012379642365887,0.014697657770519675,0.009549533541074727,0.016875427645818498,8.932973453880926,8.5,0.06360909858769168,0.07927169043064708,0.2,3,7,12,4,0.5,70.0,62.0,62.0,23.0,103.0,59.0,61.0,36.0,6,2.74,8.5,42,19.18,7.333333333333333,128,58.45,6.1875
org,Corporation,non-financial,retail,"44,043",48.0,,7,2,0.12222222222222222,0.2390829694323144,0.012654570669132092,0.0012667905105381543,0.004272967198692974,5.181818181818182,5.0,0.009146235038727104,0.019964466807430834,0.0,0,7,3,2,0.2857142857142857,169.0,168.0,180.0,114.0,173.0,143.0,182.0,135.0,2,0.91,5.0,10,4.57,7.2,51,23.29,6.921568627450981
org,Corporation,non-financial,food/agriculture,"14,191",163.0,,12,3,0.1295588469501513,0.20524835988753515,0.009305158201852534,0.0091324200913242,0.0091324200913242,3.1942224953902887,3.3333333333333335,0.0012082337601833563,0.0008976769690880845,0.3333333333333333,1,7,3,2,0.25,132.0,162.0,209.0,210.0,105.0,106.0,214.0,214.0,3,1.37,3.3333333333333335,8,3.65,3.375,20,9.13,4.4
org,Corporation,non-financial,energy,"15,743",145.0,,13,2,0.07407407407407407,0.2505720823798627,0.010697102664506622,0.0,0.0,7.0,7.0,0.014633844418603825,0.0086311818015513,1.0,1,7,3,2,0.15384615384615385,169.0,191.0,159.0,184.0,192.0,190.0,155.0,175.0,2,0.91,7.0,12,5.48,7.75,65,29.68,7.015384615384615
org,Corporation,non-financial,media/communications,"32,260",67.0,,11,9,0.41564935064935066,0.2971506105834464,0.013712210546088262,0.03202486609803282,0.036414477818273214,5.257824298286725,5.333333333333333,0.040968234289226066,0.03397173342240377,0.1111111111111111,4,6,13,4,0.8181818181818182,25.0,29.0,73.0,69.0,19.0,20.0,100.0,103.0,9,4.11,5.333333333333333,37,16.89,6.081081081081081,118,53.88,6.372881355932203
org,Corporation,non-financial,retail,"24,276",101.0,,12,3,0.1289328063241107,0.2520138089758343,0.011162648453030225,0.005534794010350123,0.004768687249521735,4.562844880441446,4.666666666666667,0.014689973644134128,0.010072663140698539,0.0,0,7,4,2,0.25,132.0,164.0,155.0,169.0,133.0,139.0,154.0,168.0,3,1.37,4.666666666666667,13,5.94,6.461538461538462,61,27.85,7.213114754098361
org,Corporation,non-financial,retail,"9,775",241.0,,11,3,0.18871635610766047,0.2613365155131265,0.011937640816919835,0.0023543141395511932,0.004168237610489716,4.451453647833242,5.0,0.01479265346835067,0.01259218529337632,0.0,0,7,7,3,0.2727272727272727,132.0,124.0,141.0,139.0,160.0,146.0,152.0,155.0,3,1.37,5.0,15,6.85,7.266666666666667,76,34.7,7.197368421052632
org,Corporation,financial,insurance,"61,480",34.0,,14,4,0.15013227513227512,0.2847854356306892,0.012110599078341012,0.004763373302290493,0.0024925641992375688,7.911894273127754,8.0,0.04527581648431765,0.030693270545192216,0.0,0,6,8,3,0.2857142857142857,109.0,146.0,100.0,132.0,142.0,160.0,92.0,108.0,4,1.83,8.0,31,14.16,7.580645161290323,109,49.77,6.724770642201835
org,Corporation,financial,bank,"9,362",249.0,,15,1,0.043478260869565216,0.1496924128503076,0.0070251225653994,0.0,0.0,2.0,2.0,2.598293657736534e-05,2.5352234278919338e-05,0.0,0,9,1,1,0.06666666666666667,197.0,212.0,220.0,220.0,192.0,190.0,220.0,220.0,1,0.46,2.0,2,0.91,2.5,4,1.83,3.5
org,Corporation,financial,bank,"10,420",224.0,,15,5,0.22934472934472935,0.22346938775510203,0.010398695810449344,0.014881377916987078,0.01231619957270328,2.832298136645963,3.0,0.0025089573423455387,0.0024181794992751745,0.1,1,7,4,2,0.3333333333333333,87.0,100.0,198.0,189.0,75.0,84.0,207.0,205.0,5,2.28,3.0,13,5.94,3.3846153846153846,34,15.53,4.882352941176471
org,Corporation,non-financial,energy,"29,630",78.0,,9,5,0.27998619737750174,0.29395973154362415,0.013691065381609793,0.005066848833990604,0.011827461494421402,7.917796401281734,8.0,0.05714613541059782,0.051901981778050055,0.3,3,6,11,4,0.5555555555555556,87.0,76.0,80.0,70.0,138.0,89.0,70.0,63.0,5,2.28,8.0,33,15.07,7.363636363636363,118,53.88,6.677966101694915
org,Corporation,non-financial,retail,"44,564",47.0,,12,3,0.13012820512820514,0.2693726937269373,0.011785387554487235,0.009682567539062506,0.009279041514808763,5.901477832512314,6.333333333333333,0.02697400662565187,0.01950253701162463,0.0,0,7,3,2,0.25,132.0,160.0,126.0,143.0,100.0,104.0,124.0,136.0,3,1.37,6.333333333333333,19,8.68,8.210526315789474,92,42.01,7.141304347826087
org,Corporation,non-financial,food/agriculture,"36,853",55.0,,12,3,0.13474025974025974,0.26545454545454544,0.012236459807792593,0.005098574127583288,0.0031279237010040073,7.453815261044176,7.333333333333333,0.016173178776706456,0.01651882884519757,0.0,0,6,7,3,0.25,132.0,154.0,135.0,127.0,136.0,153.0,145.0,145.0,3,1.37,7.333333333333333,21,9.59,6.095238095238095,79,36.07,6.8354430379746836
org,Corporation,financial,insurance,"26,278",90.0,,31,3,0.07142857142857142,0.2591715976331361,0.009660841243116468,0.001451842637855616,0.0,5.666666666666666,5.666666666666667,0.016229501506267417,0.0070835697062777755,0.3333333333333333,1,6,7,3,0.0967741935483871,132.0,194.0,143.0,204.0,172.0,190.0,144.0,180.0,3,1.37,5.666666666666667,15,6.85,6.8,70,31.96,7.185714285714286
org,Corporation,non-financial,retail,"20,288",119.0,,11,2,0.09090909090909091,0.21640316205533597,0.009720588561663596,0.0005670857845044096,0.0005027020233756441,2.9999999999999996,3.0,0.0033008910479829716,0.0023494701718772973,0.0,0,8,3,2,0.18181818181818182,169.0,183.0,201.0,203.0,185.0,185.0,203.0,206.0,2,0.91,3.0,6,2.74,5.333333333333333,26,11.87,6.3076923076923075
org,Corporation,non-financial,industrial,"11,614",201.0,,9,1,0.04,0.24551569506726456,0.010383411827923001,0.0,0.0,10.0,10.0,0.017829297891386035,0.01313438893094951,0.0,0,7,1,1,0.1111111111111111,197.0,216.0,168.0,191.0,192.0,190.0,141.0,151.0,1,0.46,10.0,10,4.57,9.8,59,26.94,7.406779661016949
org,Corporation,non-financial,retail,"65,357",30.0,,12,9,0.4130545702284832,0.3220588235294118,0.014662069427241992,0.026706877978530795,0.027027215728987752,7.688000853860031,7.555555555555555,0.08438807282560477,0.07368238096480786,0.08333333333333333,3,6,15,4,0.75,25.0,30.0,24.0,26.0,30.0,30.0,41.0,41.0,9,4.11,7.555555555555555,52,23.74,7.423076923076923,146,66.67,6.13013698630137
org,Corporation,non-financial,energy,"16,589",139.0,,9,1,0.058823529411764705,0.20315398886827457,0.01032247928041164,0.0,0.0,2.0,2.0,0.002609071566634333,0.005014173066702937,0.0,0,9,1,1,0.1111111111111111,197.0,198.0,212.0,193.0,192.0,190.0,205.0,194.0,1,0.46,2.0,2,0.91,7.5,14,6.39,8.5
org,Corporation,non-financial,technology,"10,427",223.0,,11,5,0.26962544701675134,0.31152204836415365,0.014336839348841269,0.007249388882790416,0.01013782413807549,9.145631474604194,10.0,0.06647107547289614,0.06103690284131971,0.1,1,7,13,4,0.45454545454545453,87.0,80.0,46.0,34.0,119.0,100.0,56.0,51.0,5,2.28,10.0,46,21.0,7.739130434782608,142,64.84,6.394366197183099
org,Corporation,non-financial,industrial,"10,548",220.0,,12,3,0.12360646599777034,0.2789808917197452,0.012196933130360523,0.0027399106548203823,0.0012567550584391101,9.841037204058626,10.0,0.036806206803127316,0.025837550796007535,0.0,0,7,7,3,0.25,132.0,166.0,107.0,130.0,152.0,174.0,104.0,116.0,3,1.37,10.0,28,12.79,7.142857142857143,98,44.75,6.73469387755102
org,Corporation,non-financial,industrial,"10,110",234.0,,11,1,0.047619047619047616,0.2310126582278481,0.010398448937601392,0.0,0.0,8.0,8.0,0.010051870461413058,0.006492891597091489,0.0,0,8,1,1,0.09090909090909091,197.0,204.0,189.0,190.0,192.0,190.0,179.0,183.0,1,0.46,8.0,8,3.65,9.25,41,18.72,7.512195121951219
org,Corporation,non-financial,media/communications,"28,842",82.0,,12,7,0.29493694711086016,0.3071528751753156,0.014255646928634973,0.03772152871881632,0.03867314593719018,5.932035737077218,5.714285714285714,0.04480689543577761,0.0379245140718739,0.047619047619047616,1,5,9,3,0.5833333333333334,55.0,70.0,54.0,37.0,11.0,16.0,95.0,92.0,7,3.2,5.714285714285714,37,16.89,7.45945945945946,133,60.73,6.421052631578948
org,Corporation,non-financial,media/communications,"17,868",131.0,,12,4,0.23068121809540573,0.27616645649432536,0.013586591254536618,0.0033907229388662934,0.007414854844790751,6.60129721480351,6.5,0.029238984963565997,0.04373526927250732,0.3333333333333333,2,7,11,4,0.3333333333333333,109.0,97.0,111.0,74.0,147.0,118.0,121.0,75.0,4,1.83,6.5,21,9.59,7.666666666666667,102,46.58,6.892156862745098
org,Corporation,financial,insurance,"24,680",98.0,,12,6,0.23056110556110554,0.2912234042553192,0.013003721003879342,0.012350737191968744,0.009900437071481433,6.601191550821448,6.333333333333333,0.06105838295637233,0.049351063108269075,0.06666666666666667,1,7,11,4,0.5,70.0,98.0,88.0,95.0,88.0,101.0,64.0,67.0,6,2.74,6.333333333333333,35,15.98,8.17142857142857,118,53.88,6.737288135593221
org,Corporation,financial,bank,"19,490",121.0,,13,2,0.08166666666666667,0.26385542168674697,0.011733923899163267,0.0,0.0,10.46938775510204,10.5,0.042482529797582734,0.03472840930717861,1.0,1,7,3,2,0.15384615384615385,169.0,188.0,137.0,145.0,192.0,190.0,97.0,101.0,2,0.91,10.5,17,7.76,9.176470588235293,80,36.53,7.425
org,Corporation,non-financial,transportation,"16,335",140.0,,17,6,0.25775230516609826,0.30758426966292135,0.01416192446973616,0.027080606227891862,0.027334422521050648,9.10989280245023,9.166666666666666,0.09416334150654986,0.09587660815320168,0.2,3,7,12,4,0.35294117647058826,70.0,88.0,51.0,42.0,28.0,29.0,32.0,31.0,6,2.74,9.166666666666666,43,19.63,8.046511627906977,140,63.93,6.25
org,Corporation,non-financial,transportation,"10,458",222.0,,9,3,0.1608187134502924,0.2772151898734177,0.013275543297063014,0.0007025161303420102,0.0015290519877675841,8.290909090909091,8.333333333333334,0.034819200662207374,0.03696939363636751,0.3333333333333333,1,7,7,3,0.3333333333333333,132.0,140.0,108.0,84.0,183.0,168.0,109.0,95.0,3,1.37,8.333333333333334,23,10.5,8.391304347826088,98,44.75,6.938775510204081
org,Corporation,non-financial,transportation,"14,143",164.0,,12,5,0.21407773386034257,0.2765151515151515,0.012273147586000763,0.008701335225020385,0.006810914219485288,5.947595162630395,6.0,0.031084262005474518,0.02015492093391293,0.0,0,7,8,3,0.4166666666666667,87.0,106.0,110.0,126.0,112.0,119.0,117.0,134.0,5,2.28,6.0,29,13.24,6.896551724137931,98,44.75,6.581632653061225
org,Corporation,non-financial,transportation,"45,297",43.0,,11,8,0.35953227931488796,0.3273542600896861,0.015537608343482836,0.01785453068785343,0.02191990281094215,9.790113051285342,9.75,0.13483609256535614,0.13764516294596083,0.21428571428571427,6,7,15,4,0.7272727272727273,40.0,43.0,13.0,11.0,66.0,42.0,15.0,14.0,8,3.65,9.75,57,26.03,7.842105263157895,159,72.6,6.081761006289308
org,Corporation,financial,insurance,"17,558",132.0,,14,3,0.13012820512820514,0.2673992673992674,0.011970374689125545,0.0008992743787109997,0.0007121611997821625,7.054187192118227,7.333333333333333,0.03647123779482515,0.03262125914827982,0.3333333333333333,1,8,7,3,0.21428571428571427,132.0,160.0,132.0,137.0,180.0,179.0,105.0,104.0,3,1.37,7.333333333333333,19,8.68,8.947368421052632,82,37.44,7.2682926829268295
org,Corporation,non-financial,mining/steel,"11,048",211.0,,11,6,0.3141709015622059,0.30416666666666664,0.01466272387435139,0.010240050869250852,0.010954714926060911,10.517778083980856,10.0,0.07324605852247862,0.10851446863503791,0.26666666666666666,4,7,12,4,0.5454545454545454,70.0,61.0,59.0,25.0,96.0,94.0,51.0,21.0,6,2.74,10.0,47,21.46,6.76595744680851,132,60.27,6.363636363636363
org,Corporation,non-financial,industrial,"52,920",37.0,,13,12,0.4949007062125503,0.3421875,0.015251404429174983,0.0472438027931973,0.0365296803652968,7.961924633909148,8.0,0.14104877599839022,0.1333392438898156,0.09090909090909091,6,7,17,4,0.9230769230769231,7.0,13.0,9.0,14.0,6.0,19.0,12.0,15.0,12,5.48,8.0,72,32.88,7.041666666666667,169,77.17,5.93491124260355
org,Corporation,non-financial,healthcare,"87,138",21.0,,9,2,0.10025062656641603,0.256140350877193,0.012219959266802444,0.0006574041926065633,0.0013614846466423695,8.0,8.0,0.016413883967358666,0.021020529650892468,0.0,0,8,3,2,0.2222222222222222,169.0,175.0,149.0,129.0,184.0,171.0,143.0,130.0,2,0.91,8.0,16,7.31,7.4375,73,33.33,7.410958904109589
org,Corporation,financial,insurance,"10,091",235.0,,12,3,0.11858974358974358,0.22076612903225806,0.010062950879933833,0.008723965978584554,0.0061162079510703364,3.675675675675676,3.6666666666666665,0.003368746943651922,0.0030843020472514746,0.0,0,7,4,2,0.25,132.0,169.0,199.0,199.0,111.0,127.0,202.0,201.0,3,1.37,3.6666666666666665,11,5.02,4.090909090909091,35,15.98,5.628571428571429
org,Corporation,non-financial,energy,"70,035",26.0,,10,1,0.041666666666666664,0.2310126582278481,0.010416996987474234,0.0,0.0,6.999999999999999,7.0,0.01168321949883303,0.010621638063864278,0.0,0,9,1,1,0.1,197.0,215.0,189.0,188.0,192.0,190.0,169.0,166.0,1,0.46,7.0,7,3.2,9.0,41,18.72,7.902439024390244
org,Corporation,non-financial,media/communications,"107,808",13.0,,14,9,0.37943979933110367,0.3124108416547789,0.013512401793426844,0.03141814586513485,0.024178570929859096,6.150819359056286,6.444444444444445,0.06824835537616146,0.05196362356175455,0.08333333333333333,3,7,15,4,0.6428571428571429,25.0,36.0,45.0,76.0,20.0,34.0,54.0,62.0,9,4.11,6.444444444444445,48,21.92,7.333333333333333,142,64.84,6.380281690140845
org,Corporation,non-financial,media/communications,"13,619",170.0,,11,2,0.18181818181818182,0.24225663716814158,0.011507439550912093,0.000784333824424311,0.002722969293284739,4.499999999999999,5.0,0.01160112142039845,0.01692311767856468,0.0,0,8,3,2,0.18181818181818182,169.0,126.0,175.0,154.0,181.0,159.0,170.0,143.0,2,0.91,5.0,10,4.57,7.0,52,23.74,7.826923076923077
org,Corporation,non-financial,retail,"408,214",1.0,,18,8,0.3171814024755201,0.30248618784530384,0.012751215441197878,0.01238793957292161,0.005927694692304467,7.003283427747606,7.25,0.07132012342807276,0.04085807457740871,0.25,7,7,14,4,0.4444444444444444,40.0,58.0,60.0,110.0,87.0,129.0,52.0,86.0,8,3.65,7.25,39,17.81,7.205128205128205,129,58.9,6.5813953488372094
org,Corporation,non-financial,retail,"63,335",32.0,,10,2,0.09545454545454546,0.25143513203214696,0.011484407775136346,0.0,0.0,8.380952380952381,8.5,0.026589407517378445,0.02479376901869618,1.0,1,7,3,2,0.2,169.0,178.0,157.0,155.0,192.0,190.0,125.0,122.0,2,0.91,8.5,14,6.39,8.571428571428571,66,30.14,7.348484848484849
org,Corporation,non-financial,media/communications,"36,149",57.0,,13,7,0.2865958839871883,0.31285714285714283,0.013721947806472498,0.016917558896143842,0.011429489059249018,7.580964718056881,7.714285714285714,0.07737611503538716,0.0573950127631596,0.047619047619047616,1,7,14,4,0.5384615384615384,55.0,73.0,44.0,68.0,68.0,91.0,45.0,54.0,7,3.2,7.714285714285714,48,21.92,7.541666666666667,144,65.75,6.263888888888889
org,Corporation,non-financial,transportation,"11,791",196.0,,8,5,0.2858187134502924,0.2912234042553192,0.014132831406292014,0.0258856300282089,0.04721908033457612,5.718670076726342,5.8,0.0323132478813209,0.0374761343530248,0.1,1,5,8,3,0.625,87.0,74.0,88.0,43.0,36.0,11.0,113.0,93.0,5,2.28,5.8,26,11.87,7.423076923076923,112,51.14,6.392857142857143
org,Corporation,non-financial,healthcare,"65,028",31.0,,13,4,0.172266139657444,0.26674786845310594,0.012478988005356278,0.01629912694339506,0.01536033960314468,5.282982791586998,5.25,0.023565898494029673,0.025193674442935826,0.0,0,6,7,3,0.3076923076923077,109.0,130.0,134.0,120.0,70.0,70.0,135.0,119.0,4,1.83,5.25,21,9.59,7.142857142857143,87,39.73,6.528735632183908
org,Corporation,financial,bank,"98,636",19.0,,15,10,0.4430022595539837,0.3230088495575221,0.014669599097942462,0.035310160005050446,0.03665535587114072,7.893181233534102,7.5,0.09169516818085968,0.07325457461623637,0.1111111111111111,5,6,16,4,0.6666666666666666,17.0,24.0,22.0,24.0,16.0,18.0,37.0,42.0,10,4.57,7.5,59,26.94,6.796610169491525,147,67.12,6.142857142857143
org,Corporation,non-financial,industrial,"17,099",136.0,,14,4,0.2084782608695652,0.2931726907630522,0.013828522116163797,0.006193882978641157,0.003909904626255009,8.616266944734098,9.0,0.04808660297307347,0.06303399019537265,0.0,0,6,11,4,0.2857142857142857,109.0,112.0,83.0,63.0,127.0,147.0,86.0,49.0,4,1.83,9.0,33,15.07,7.545454545454546,115,52.51,6.721739130434782
org,Corporation,non-financial,technology,"15,179",152.0,,9,7,0.47413824416112743,0.2971506105834464,0.014992298476809858,0.01728160493237435,0.036878778992641,6.855858581989505,6.857142857142857,0.060908548865423316,0.10288780457694914,0.14285714285714285,3,6,13,4,0.7777777777777778,55.0,17.0,73.0,20.0,67.0,17.0,65.0,26.0,7,3.2,6.857142857142857,39,17.81,6.948717948717949,118,53.88,6.762711864406779
org,Corporation,non-financial,retail,"10,836",216.0,,12,4,0.26498682476943347,0.28777923784494086,0.013945639599673116,0.006300553931267482,0.012902685266641532,6.159105034182722,7.25,0.037054901170143956,0.04314787236610958,0.0,0,7,8,3,0.3333333333333333,109.0,84.0,92.0,57.0,125.0,81.0,102.0,77.0,4,1.83,7.25,29,13.24,8.137931034482758,117,53.42,6.581196581196581
