node,node_type,org_cat,corp_cat,corp_sub,rank,bipartite_degree,ppg_bipartite_degree,degree,degree_w,closeness,closeness_w,betweenness,betweenness_w,average_neighbour_degree_w,average_neighbour_degree,EVC,EVC_w,clustering_co_eff,triangles,eccentricity,onion_layer,core_no,corp_bipartite_degree,bipartite_degree/degree,degree_ranked,degree_w_ranked,closeness_ranked,closeness_w_ranked,betweenness_ranked,betweenness_w_ranked,EVC_ranked,EVC_w_ranked,no. 1 step nodes (degree),1 step % reached,1 step nodes average degree,no. 2 step nodes,2 step % reached,2 step nodes average degree,no. 3 step nodes,3 step % reached,3 step nodes average degree
Aetna Life Insurance Company,org,Corporation,financial,insurance,F-028,10,10,3,0.2008187134502924,0.3027027027027027,0.012160665031198541,0.00046261553494178975,0.0012011531069827032,6.736167734420501,9.666666666666666,0.006583653315251199,0.0014213603205196102,0.3333333333333333,1,5,3,2,10.0,0.3,180.0,162.0,188.0,186.0,174.0,145.0,186.0,199.0,3,1.34,9.666666666666666,27,12.05,15.703703703703704,136,60.71,13.852941176470589
Alleghany Corporation,org,Corporation,non-financial,industrial,NF-006,8,8,4,0.4229214340198322,0.3132867132867133,0.01549867071881346,0.0011064346835748394,0.010530108904548367,8.3915592028136,9.5,0.0062356735080013,0.004309261265043155,0.5,3,5,5,4,8.0,0.5,164.0,102.0,184.0,104.0,150.0,65.0,188.0,164.0,4,1.79,9.5,30,13.39,14.166666666666666,152,67.86,12.953947368421053
Allied Chemical & Dye Corporation,org,Corporation,non-financial,industrial,NF-078,11,11,1,0.04,0.23333333333333334,0.009832038105836122,0.0,0.0,5.0,5.0,0.0006060256728950539,0.00029774106345435193,0.0,0,7,1,1,11.0,0.09090909090909091,203.0,211.0,224.0,216.0,193.0,178.0,222.0,216.0,1,0.45,5.0,5,2.23,9.8,29,12.95,14.068965517241379
Allis-Chalmers Manufacturing Company,org,Corporation,non-financial,industrial,NF-184,15,15,6,0.25079916659381646,0.33990895295902884,0.01263542318326172,0.0048034126599355706,0.007447149263292761,9.772676440088652,11.0,0.010263118308647394,0.0017405599435754292,0.2,3,5,9,5,15.0,0.4,144.0,145.0,149.0,178.0,96.0,90.0,179.0,194.0,6,2.68,11.0,54,24.11,13.537037037037036,183,81.7,12.092896174863387
Aluminum Company of America,org,Corporation,non-financial,industrial,NF-084,9,9,11,0.6786795587453481,0.3714759535655058,0.01680923006829642,0.0032885746037045194,0.006886611146700832,15.162925575389579,16.90909090909091,0.044745103354809586,0.03546635522308108,0.5454545454545454,30,5,22,8,9.0,1.2222222222222223,84.0,52.0,96.0,67.0,124.0,96.0,89.0,52.0,11,4.91,16.90909090909091,87,38.84,15.091954022988507,198,88.39,11.464646464646465
American Can Company,org,Corporation,non-financial,industrial,NF-088,15,15,11,0.5650956149058616,0.3971631205673759,0.01712384555558124,0.002528093243462648,0.0070067264573991025,19.135225885766317,20.818181818181817,0.06883522896115261,0.029736451910373288,0.36363636363636365,20,5,34,8,15.0,0.7333333333333333,84.0,76.0,54.0,50.0,135.0,94.0,57.0,60.0,11,4.91,20.818181818181817,118,52.68,14.76271186440678,205,91.52,11.229268292682926
American Car & Foundry Company,org,Corporation,non-financial,industrial,NF-165,9,9,4,0.18223909435656505,0.3279648609077599,0.015488880126637407,0.00055736547827515,0.000360345932094811,14.94472184949737,15.25,0.01324298995595664,0.00869332302435353,0.5,3,6,5,4,9.0,0.4444444444444444,164.0,170.0,161.0,105.0,169.0,171.0,164.0,134.0,4,1.79,15.25,47,20.98,15.404255319148936,170,75.89,12.729411764705882
American Gas & Electric Company,org,Corporation,non-financial,utility,NF-052,11,11,7,0.6749717673630717,0.34514637904468415,0.016430155075464914,0.0026780038913937747,0.007520553064275038,12.862839415803968,13.571428571428571,0.02333209221431814,0.2772229623879277,0.3333333333333333,7,5,11,6,11.0,0.6363636363636364,128.0,53.0,143.0,81.0,134.0,88.0,132.0,4.0,7,3.12,13.571428571428571,58,25.89,14.844827586206897,186,83.04,11.983870967741936
American Power & Light Company,org,Corporation,non-financial,utility,NF-020,10,10,8,1.066565561631351,0.352755905511811,0.0170228265892972,0.010148966711403046,0.009782724749092461,12.820657289531834,14.125,0.029057867090716404,0.4275313099911038,0.42857142857142855,12,5,12,6,10.0,0.8,115.0,19.0,128.0,54.0,63.0,71.0,122.0,3.0,8,3.57,14.125,65,29.02,15.169230769230769,191,85.27,11.654450261780104
American Radiator & Standard Sanitary Corporation,org,Corporation,non-financial,industrial,NF-117,10,10,14,0.5632587990331996,0.39646017699115044,0.01729859174974116,0.0032629732501154537,0.0024423446508648303,21.137892074866286,21.285714285714285,0.09990357315397738,0.03690343487248949,0.4945054945054945,45,4,39,8,10.0,1.4,56.0,77.0,55.0,45.0,125.0,131.0,34.0,49.0,14,6.25,21.285714285714285,110,49.11,14.645454545454545,207,92.41,11.135265700483092
American Rolling Mill Company,org,Corporation,non-financial,industrial,NF-138,12,12,6,0.24,0.345679012345679,0.01516921462068497,0.0036800182923465044,0.007447149263292761,14.84567901234568,15.0,0.02168159938383207,0.010106587867066542,0.13333333333333333,2,5,8,5,12.0,0.5,144.0,149.0,141.0,115.0,118.0,90.0,137.0,126.0,6,2.68,15.0,65,29.02,15.738461538461538,182,81.25,12.159340659340659
American Smelting & Refining Company,org,Corporation,non-financial,industrial,NF-108,24,24,10,0.26580943996692136,0.3888888888888889,0.014231973270492679,0.003702563876391979,0.00048046124279308133,21.417675036213048,20.5,0.05642146664155655,0.025834778530567724,0.28888888888888886,13,5,21,8,24.0,0.4166666666666667,94.0,141.0,68.0,140.0,117.0,166.0,74.0,66.0,10,4.46,20.5,109,48.66,14.669724770642201,203,90.62,11.270935960591133
American Sugar Refining Company,org,Corporation,non-financial,industrial,NF-145,12,12,25,1.062188997799265,0.44356435643564357,0.019153051570935005,0.024288626097162962,0.04912716207559257,20.414542840157953,19.44,0.13679264669190017,0.04929126048367531,0.23,69,4,35,8,12.0,2.0833333333333335,10.0,20.0,10.0,17.0,19.0,10.0,11.0,33.0,25,11.16,19.44,152,67.86,13.296052631578947,214,95.54,10.799065420560748
American Telephone & Telegraph Company,org,Corporation,non-financial,utility,NF-001,19,19,36,1.752247383849024,0.4686192468619247,0.022667476219388787,0.03588085233379654,0.12976791052743966,21.936601563893944,19.63888888888889,0.21804629724959287,0.1213710141856605,0.23333333333333334,147,4,40,8,19.0,1.894736842105263,3.0,2.0,4.0,1.0,9.0,1.0,2.0,9.0,36,16.07,19.63888888888889,164,73.21,12.835365853658537,218,97.32,10.564220183486238
American Water Works & Electric Company,org,Corporation,non-financial,utility,NF-055,16,16,10,0.31326282019486884,0.36661211129296234,0.01465757423435037,0.0064905127236545585,0.001801729660474055,14.760912797695852,14.5,0.029504659302082223,0.00829611221027386,0.3111111111111111,14,5,16,7,16.0,0.625,94.0,123.0,104.0,128.0,89.0,138.0,121.0,135.0,10,4.46,14.5,81,36.16,14.802469135802468,197,87.95,11.593908629441625
American Woolen Company,org,Corporation,non-financial,industrial,NF-192,9,9,14,0.7098046102583307,0.38160136286201024,0.01800803700529101,0.00378294436268378,0.014914317745035233,16.71583099312968,16.285714285714285,0.0634712824339188,0.02596249720384403,0.3956043956043956,36,5,31,8,9.0,1.5555555555555556,56.0,45.0,79.0,34.0,116.0,54.0,64.0,65.0,14,6.25,16.285714285714285,95,42.41,15.284210526315789,202,90.18,11.326732673267326
Anaconda Copper Mining Company,org,Corporation,non-financial,industrial,NF-038,10,10,14,0.6431812180954057,0.3888888888888889,0.017991131794793242,0.012894555707825465,0.0319306534272902,17.85749684820886,17.142857142857142,0.07335432213721575,0.11002795242684192,0.3516483516483517,32,5,24,8,10.0,1.4,56.0,57.0,68.0,35.0,49.0,21.0,55.0,12.0,14,6.25,17.142857142857142,102,45.54,14.46078431372549,205,91.52,11.204878048780488
Anglo California National Bank,org,Corporation,financial,bank,F-049,24,24,7,0.232747153993284,0.3190883190883191,0.012865530184150204,0.01898587012081159,0.02488388853299167,7.271298206783353,7.428571428571429,0.011326502435624382,0.002437523131716854,0.23809523809523808,5,5,7,4,24.0,0.2916666666666667,128.0,155.0,176.0,175.0,30.0,29.0,174.0,184.0,7,3.12,7.428571428571429,36,16.07,15.11111111111111,157,70.09,12.993630573248408
Armour & Company,org,Corporation,non-financial,industrial,NF-070,21,21,14,0.6804819323935636,0.3882149046793761,0.018544453566426818,0.004253908075806517,0.002822709801409353,19.212654205589825,18.285714285714285,0.06688520568589469,0.04415341075325211,0.5054945054945055,46,5,26,8,21.0,0.6666666666666666,56.0,51.0,70.0,25.0,108.0,130.0,60.0,37.0,14,6.25,18.285714285714285,103,45.98,14.592233009708737,204,91.07,11.245098039215685
"Atchison, Topeka & Santa Fe Railway",org,Corporation,non-financial,railroad,NF-016,14,14,24,0.9695720957077936,0.43664717348927873,0.018749346074704427,0.019161817360394472,0.024223254324151185,20.27197245631254,20.083333333333332,0.15840616136819846,0.11348757608317009,0.3007246376811594,83,4,40,8,14.0,1.7142857142857142,12.0,22.0,13.0,24.0,28.0,30.0,10.0,10.0,24,10.71,20.083333333333332,143,63.84,13.657342657342657,216,96.43,10.685185185185185
Atlantic Coast Line Railroad,org,Corporation,non-financial,railroad,NF-022,12,12,2,0.06896551724137931,0.28607918263090676,0.010412029967345093,0.00015478495719527106,8.007687379884689e-05,9.5,9.5,0.0033592164855342495,0.0004096984957449426,0.0,0,6,2,2,12.0,0.16666666666666666,190.0,202.0,201.0,211.0,184.0,176.0,205.0,214.0,2,0.89,9.5,18,8.04,13.666666666666666,112,50.0,13.9375
B. F. Goodrich Company,org,Corporation,non-financial,industrial,NF-136,17,17,19,0.73508807981661,0.4028776978417266,0.01604024121554302,0.025313364253527204,0.02162742899850523,11.607230074660938,11.947368421052632,0.04260895293194391,0.009976174229635067,0.22807017543859648,39,5,17,7,17.0,1.1176470588235294,31.0,42.0,46.0,88.0,18.0,37.0,93.0,127.0,19,8.48,11.947368421052632,116,51.79,13.46551724137931,206,91.96,11.174757281553399
Baldwin Locomotive Works,org,Corporation,non-financial,industrial,NF-194,13,13,8,0.3464973706353016,0.35782747603833864,0.01519285937958087,0.005241691125549783,0.005545323510570147,13.98338143661422,14.25,0.026925486105310887,0.014567931275608199,0.21428571428571427,6,5,11,6,13.0,0.6153846153846154,115.0,115.0,124.0,113.0,95.0,110.0,127.0,106.0,8,3.57,14.25,77,34.38,14.38961038961039,191,85.27,11.842931937172775
Baltimore & Ohio Railroad,org,Corporation,non-financial,railroad,NF-014,12,12,14,0.596175740592907,0.41947565543071164,0.017305095567059173,0.011473844742225929,0.005785554131966688,19.022529555199284,20.214285714285715,0.08094643204999849,0.03572906163520496,0.26373626373626374,24,5,23,8,12.0,1.1666666666666667,56.0,68.0,33.0,44.0,56.0,108.0,49.0,51.0,14,6.25,20.214285714285715,136,60.71,14.227941176470589,213,95.09,10.863849765258216
Baltimore Transit Company,org,Corporation,non-financial,utility,NF-198,11,11,1,0.03571428571428571,0.265717674970344,0.009779090064400836,0.0,0.0,9.0,9.0,0.0019221928835737793,0.0002143233521125034,0.0,0,6,1,1,11.0,0.09090909090909091,203.0,215.0,211.0,219.0,193.0,178.0,211.0,218.0,1,0.45,9.0,9,4.02,15.11111111111111,75,33.48,15.52
Bank of America National Trust & Savings Association,org,Corporation,financial,bank,F-008,25,25,1,0.023255813953488372,0.29357798165137616,0.009341512717385281,0.0,0.0,16.0,16.0,0.004733056209387268,0.0005380178846555251,0.0,0,5,1,1,25.0,0.04,203.0,224.0,200.0,221.0,193.0,178.0,197.0,211.0,1,0.45,16.0,16,7.14,18.5625,127,56.7,13.952755905511811
Bank of the Manhattan Company,org,Corporation,financial,bank,F-025,14,14,7,0.2792843868743303,0.3739565943238731,0.015938642387384638,0.00456085855398033,0.004123959000640615,18.95994289398088,19.571428571428573,0.037718101646032946,0.013394234411332633,0.23809523809523808,5,5,11,6,14.0,0.5,128.0,137.0,89.0,91.0,100.0,119.0,107.0,114.0,7,3.12,19.571428571428573,91,40.62,15.593406593406593,200,89.29,11.405
Bankers Trust Company,org,Corporation,financial,bank,F-012,18,18,23,0.9143163813553294,0.42748091603053434,0.018125156052045094,0.01589627129626167,0.02045964125560538,16.455133269566975,17.304347826086957,0.12695629468158642,0.08463724102560805,0.20553359683794467,52,4,38,8,18.0,1.2777777777777777,14.0,28.0,24.0,30.0,40.0,39.0,16.0,16.0,23,10.27,17.304347826086957,135,60.27,13.755555555555556,214,95.54,10.794392523364486
Bethlehem Steel Corporation,org,Corporation,non-financial,industrial,NF-028,15,15,8,0.2803035761732559,0.3684210526315789,0.01427167146029781,0.00789539273082478,0.0033632286995515692,12.730937720492646,14.125,0.027743038909429422,0.012045620991007318,0.17857142857142858,5,5,11,6,15.0,0.5333333333333333,115.0,136.0,100.0,138.0,78.0,126.0,125.0,117.0,8,3.57,14.125,82,36.61,15.146341463414634,199,88.84,11.462311557788945
Borden Company,org,Corporation,non-financial,industrial,NF-140,13,13,4,0.1345527505064672,0.338368580060423,0.014247674778319704,5.26173861337228e-05,0.0,24.598807076468713,22.0,0.028267133408877584,0.005342043587692851,0.6666666666666666,4,5,5,4,13.0,0.3076923076923077,164.0,181.0,151.0,139.0,190.0,178.0,124.0,157.0,4,1.79,22.0,58,25.89,16.53448275862069,176,78.57,12.431818181818182
Boston & Maine Railroad,org,Corporation,non-financial,railroad,NF-073,21,21,12,0.3954617765220232,0.37333333333333335,0.014231473217662265,0.0017533866519973676,0.0005204996796925048,15.747950582337912,16.833333333333332,0.0605137442948819,0.013712742604119985,0.4393939393939394,29,5,24,8,21.0,0.5714285714285714,72.0,106.0,91.0,141.0,142.0,165.0,67.0,112.0,12,5.36,16.833333333333332,89,39.73,15.842696629213483,199,88.84,11.42713567839196
Boston Elevated Railway,org,Corporation,non-financial,railroad,NF-148,13,13,4,0.14917582417582415,0.3404255319148936,0.013981572204610678,0.00036544317364430983,0.0009208840486867392,19.656844689993864,19.25,0.020096658607897243,0.004356791781317272,0.5,3,5,5,4,13.0,0.3076923076923077,164.0,177.0,147.0,148.0,178.0,153.0,141.0,163.0,4,1.79,19.25,56,25.0,16.071428571428573,183,81.7,12.098360655737705
Brookings Institution,org,Policy-Planning Group,,,,14,14,7,0.22096755224365827,0.367816091954023,0.013407838947559269,0.000892198002905763,0.000360345932094811,16.94821293954112,18.428571428571427,0.03781278656424377,0.008075184758994198,0.3333333333333333,7,5,16,7,,0.5,128.0,157.0,102.0,159.0,155.0,171.0,106.0,137.0,7,3.12,18.428571428571427,83,37.05,16.14457831325301,199,88.84,11.557788944723619
Brooklyn Union Gas Company,org,Corporation,non-financial,utility,NF-139,8,8,2,0.175,0.26540284360189575,0.013029358447750763,0.0,0.0,9.285714285714286,9.5,0.004473845362196795,0.001787614043157692,1.0,1,6,2,2,8.0,0.25,190.0,171.0,212.0,169.0,193.0,178.0,199.0,191.0,2,0.89,9.5,10,4.46,17.9,76,33.93,15.342105263157896
Brooklyn-Manhattan Transit Corporation,org,Corporation,non-financial,utility,NF-071,17,17,20,0.6941867564129227,0.41869158878504675,0.016659158712485026,0.01638470694040731,0.015448163570360877,15.138046383490801,15.5,0.08848915726487372,0.03987504517695216,0.22631578947368422,43,4,33,8,17.0,1.1764705882352942,28.0,49.0,34.0,73.0,37.0,52.0,39.0,46.0,20,8.93,15.5,130,58.04,13.438461538461539,211,94.2,10.924170616113743
Business Advisory Council,org,Policy-Planning Group,,,,14,14,20,0.7723881055119755,0.42829827915869984,0.01644160686775172,0.02214493931957565,0.02315556267349989,15.38204680924726,16.5,0.0860104166435293,0.019945888723326685,0.22631578947368422,43,4,33,8,,1.4285714285714286,28.0,38.0,23.0,79.0,24.0,32.0,42.0,84.0,20,8.93,16.5,139,62.05,13.53956834532374,214,95.54,10.822429906542055
Carnegie Corporation of New York,org,Policy-Planning Group,,,Foundations-001,17,17,14,0.387256965241225,0.4,0.014224140277116732,0.004295552114651051,0.0007607303010890454,18.87046803327701,19.714285714285715,0.08863849885241193,0.019326654191314355,0.32967032967032966,30,5,35,8,,0.8235294117647058,56.0,109.0,50.0,143.0,107.0,157.0,38.0,88.0,14,6.25,19.714285714285715,111,49.55,14.936936936936936,212,94.64,10.88679245283019
Central Hanover Bank & Trust Company,org,Corporation,financial,bank,F-014,24,24,21,0.7009521394968548,0.4218455743879473,0.015856170705356904,0.016086792593320697,0.006266015374759769,16.056090087460365,17.333333333333332,0.10017874373404592,0.01927368814948472,0.2571428571428571,54,5,31,8,24.0,0.875,24.0,47.0,31.0,92.0,39.0,101.0,33.0,89.0,21,9.38,17.333333333333332,135,60.27,13.97037037037037,210,93.75,10.976190476190476
Chase National Bank,org,Corporation,financial,bank,F-003,25,25,35,1.252754436138595,0.45807770961145194,0.01900689488482597,0.04810595018254167,0.04738549007046765,17.24863892725625,16.942857142857143,0.18559989916928282,0.050241688085652415,0.15630252100840336,93,4,38,8,25.0,1.4,4.0,10.0,5.0,21.0,3.0,11.0,4.0,32.0,35,15.62,16.942857142857143,157,70.09,12.936305732484076,215,95.98,10.706976744186047
Chemical Bank & Trust Company,org,Corporation,financial,bank,F-020,20,20,21,0.7214695161132091,0.4349514563106796,0.01809377607182738,0.030884902512346955,0.0199791800128123,16.592002332510482,16.0,0.08793495107863485,0.02926915692098916,0.1523809523809524,32,4,29,8,20.0,1.05,24.0,44.0,14.0,32.0,15.0,40.0,40.0,61.0,21,9.38,16.0,143,63.84,13.62937062937063,217,96.88,10.668202764976959
Chicago & Eastern Illinois Railway,org,Corporation,non-financial,railroad,NF-171,11,11,4,0.16443199502023031,0.2955145118733509,0.01290734569256251,0.00038952434852498907,0.0004604420243433696,8.870305875227135,9.25,0.0053160390579286045,0.001422147373187851,0.5,3,6,5,4,11.0,0.36363636363636365,164.0,174.0,198.0,172.0,177.0,168.0,192.0,198.0,4,1.79,9.25,25,11.16,11.6,120,53.57,13.658333333333333
Chicago & North Western Railway,org,Corporation,non-financial,railroad,NF-035,15,15,12,0.474203366048113,0.3822525597269625,0.017318328287983475,0.009852846458630502,0.011370916079436258,17.796533344309246,16.25,0.04757291523616649,0.023534857987437527,0.24242424242424243,16,5,21,8,15.0,0.8,72.0,92.0,77.0,42.0,64.0,62.0,84.0,73.0,12,5.36,16.25,100,44.64,14.29,200,89.29,11.38
Chicago & Western Indiana Railroad,org,Corporation,non-financial,railroad,NF-167,7,7,5,0.2999832468872716,0.350547730829421,0.015938839508694146,0.002222090738093297,0.010049647661755284,15.347181857376139,16.2,0.020959521045484982,0.010654441164027065,0.4,4,5,6,4,7.0,0.7142857142857143,156.0,127.0,132.0,90.0,140.0,69.0,140.0,121.0,5,2.23,16.2,63,28.12,16.6984126984127,192,85.71,11.78125
Chicago Great Western Railroad,org,Corporation,non-financial,railroad,NF-125,14,14,15,0.612937332369381,0.3764705882352941,0.015395156253144937,0.007423836819964884,0.007367072389493913,14.525625836200817,15.0,0.058884336055982346,0.027870543480846444,0.3619047619047619,38,4,25,8,14.0,1.0714285714285714,51.0,64.0,87.0,108.0,82.0,93.0,70.0,62.0,15,6.7,15.0,89,39.73,15.168539325842696,197,87.95,11.573604060913706
Chicago Railways,org,Corporation,non-financial,utility,NF-147,8,8,4,0.15987711213517666,0.3002680965147453,0.012431358630690075,3.150643665537964e-05,8.007687379884689e-05,14.104150653343579,14.25,0.010951989706151025,0.0037589616282830093,0.6666666666666666,4,5,5,4,8.0,0.5,164.0,175.0,191.0,181.0,191.0,176.0,176.0,169.0,4,1.79,14.25,29,12.95,13.89655172413793,131,58.48,13.664122137404581
Chicago Union Station Company,org,Corporation,non-financial,railroad,NF-164,8,8,10,0.5540975667704633,0.39646017699115044,0.018043968153986366,0.006880631096907258,0.017556854580397182,19.17171762483218,19.6,0.046206436283980745,0.02211035013784176,0.28888888888888886,13,5,21,8,8.0,1.25,94.0,81.0,55.0,33.0,84.0,45.0,88.0,76.0,10,4.46,19.6,116,51.79,14.129310344827585,207,92.41,11.1256038647343
"Chicago, Milwaukee, St. Paul & Pacific Railroad",org,Corporation,non-financial,railroad,NF-024,10,10,11,0.44386770918211077,0.4036036036036036,0.01639155257865931,0.004250106442435521,0.010269859064702113,19.550947685273186,20.545454545454547,0.061191287853657995,0.014170670140038321,0.32727272727272727,18,5,25,8,10.0,1.1,84.0,97.0,45.0,82.0,109.0,68.0,66.0,109.0,11,4.91,20.545454545454547,123,54.91,14.097560975609756,208,92.86,11.110576923076923
"Chicago, Rock Island & Pacific Railway",org,Corporation,non-financial,railroad,NF-047,18,18,10,0.31654820416230156,0.3684210526315789,0.013832804212888742,0.00919590086696324,0.006266015374759769,11.769670768158727,12.1,0.025663807406165032,0.005322814210482794,0.24444444444444444,11,5,13,6,18.0,0.5555555555555556,94.0,121.0,100.0,150.0,66.0,101.0,130.0,158.0,10,4.46,12.1,79,35.27,14.569620253164556,200,89.29,11.5
Chrysler Corporation,org,Corporation,non-financial,industrial,NF-093,18,18,22,0.7234673507616066,0.4332688588007737,0.016107617713411224,0.0316914402969088,0.016475816784112748,15.899950072815992,16.272727272727273,0.09016103898625169,0.021126201141371072,0.21645021645021645,50,5,27,8,18.0,1.2222222222222223,21.0,43.0,16.0,87.0,12.0,47.0,36.0,80.0,22,9.82,16.272727272727273,144,64.29,13.402777777777779,214,95.54,10.785046728971963
Cities Service Company,org,Corporation,non-financial,industrial,NF-015,16,16,7,0.26505588250858103,0.36363636363636365,0.014089826839502672,0.008247253588674373,0.0058055733504163995,9.924499375930171,12.571428571428571,0.018361944172608374,0.0064986683306434605,0.09523809523809523,2,5,8,5,16.0,0.4375,128.0,142.0,107.0,146.0,75.0,107.0,149.0,145.0,7,3.12,12.571428571428571,76,33.93,14.039473684210526,198,88.39,11.494949494949495
Cleveland Trust Company,org,Corporation,financial,bank,F-034,25,25,8,0.2557628136597638,0.3584,0.012899160320603365,0.0034855417075444176,0.000720691864189622,14.04362470008815,16.5,0.04135198251510244,0.009776065302502215,0.5714285714285714,16,5,11,6,25.0,0.32,115.0,143.0,120.0,173.0,120.0,158.0,98.0,128.0,8,3.57,16.5,67,29.91,16.850746268656717,197,87.95,11.573604060913706
Cleveland-Cliffs Iron Company,org,Corporation,non-financial,industrial,NF-195,9,9,4,0.2340377014290058,0.3236994219653179,0.015075079761881683,0.008928571428571428,0.008928571428571428,11.736927573887625,13.0,0.014870997209733547,0.006438809321047252,0.5,3,5,4,3,9.0,0.4444444444444444,164.0,153.0,169.0,116.0,70.0,76.0,157.0,146.0,4,1.79,13.0,39,17.41,17.17948717948718,166,74.11,12.843373493975903
Columbia Gas & Electric Company,org,Corporation,non-financial,utility,NF-037,16,16,5,0.23938260813260812,0.34408602150537637,0.01289028283949584,0.011769123421611056,0.010490070467648943,8.40700292802997,13.4,0.01813619516988226,0.006014051273251641,0.0,0,5,4,3,16.0,0.3125,156.0,150.0,144.0,174.0,54.0,66.0,150.0,149.0,5,2.23,13.4,59,26.34,16.593220338983052,185,82.59,11.994594594594595
Columbia Oil & Gasoline Corporation,org,Corporation,non-financial,industrial,NF-190,4,4,2,0.11805555555555555,0.2994652406417112,0.01482850287916945,7.50978047944746e-05,0.003163036515054452,10.235294117647058,10.0,0.00574482384199485,0.003070466963297289,0.0,0,6,2,2,4.0,0.5,190.0,184.0,192.0,125.0,187.0,129.0,191.0,172.0,2,0.89,10.0,19,8.48,19.68421052631579,141,62.95,13.666666666666666
Commercial Investment Trust Corporation,org,Corporation,financial,bank,F-041,23,23,6,0.15744430922677927,0.3419847328244275,0.011313086419931234,0.0026830989512576773,0.00024023062139654066,10.191325424784322,10.833333333333334,0.016585164594699837,0.0024898729720244633,0.06666666666666667,1,5,7,4,23.0,0.2608695652173913,144.0,176.0,145.0,205.0,132.0,175.0,153.0,181.0,6,2.68,10.833333333333334,55,24.55,15.872727272727273,184,82.14,12.152173913043478
Commonwealth & Southern Corporation,org,Corporation,non-financial,utility,NF-010,14,14,3,0.0892489459750956,0.3516483516483517,0.012623109871102859,0.0,0.0,26.81433672068113,28.333333333333332,0.026160929194962674,0.006984538415326854,1.0,3,5,4,3,14.0,0.21428571428571427,180.0,191.0,131.0,179.0,193.0,178.0,128.0,142.0,3,1.34,28.333333333333332,66,29.46,17.62121212121212,192,85.71,11.880208333333334
Commonwealth Edison Company,org,Corporation,non-financial,utility,NF-056,9,9,16,1.086123742815778,0.37271214642262895,0.01835589123041834,0.004525376421223448,0.027966848174247275,14.445705776562475,15.4375,0.0645606605465606,0.05468822177600222,0.44166666666666665,53,5,25,8,9.0,1.7777777777777777,47.0,17.0,93.0,27.0,101.0,25.0,63.0,24.0,16,7.14,15.4375,87,38.84,15.068965517241379,193,86.16,11.751295336787564
Community Water Service Company,org,Corporation,non-financial,utility,NF-168,9,9,2,0.06797235023041474,0.3081155433287483,0.012111797763874785,0.0,0.0,13.881355932203391,13.5,0.005852441920532488,0.0012435101419666793,1.0,1,5,2,2,9.0,0.2222222222222222,190.0,203.0,186.0,188.0,193.0,178.0,190.0,201.0,2,0.89,13.5,25,11.16,15.88,148,66.07,13.486486486486486
Connecticut Mutual Life Insurance Company,org,Corporation,financial,insurance,F-044,11,11,2,0.1437246963562753,0.29906542056074764,0.01192564875186956,0.0,0.0,8.352112676056338,13.0,0.006067617058005835,0.0012856275588121469,1.0,1,5,2,2,11.0,0.18181818181818182,190.0,179.0,194.0,193.0,193.0,178.0,189.0,200.0,2,0.89,13.0,24,10.71,16.25,131,58.48,14.091603053435115
Consolidated Edison Company of New York,org,Corporation,non-financial,utility,NF-009,11,11,23,0.9432370492790049,0.42994241842610365,0.019025297295548325,0.02391658928363364,0.035600843476404014,19.153938140547254,19.217391304347824,0.1315301690013006,0.050989680425485975,0.23715415019762845,60,5,36,8,11.0,2.090909090909091,14.0,24.0,21.0,20.0,20.0,17.0,14.0,31.0,23,10.27,19.217391304347824,139,62.05,13.661870503597122,214,95.54,10.785046728971963
"Consolidated Gas, Electric Light & Power Company of Baltimore",org,Corporation,non-financial,utility,NF-115,18,18,9,0.28367893195479404,0.36129032258064514,0.013443750806475004,0.014649972726197294,0.012832319026265214,13.427291672724191,14.222222222222221,0.03432883725783383,0.0054320282109485,0.25,9,5,11,6,18.0,0.5,105.0,134.0,114.0,156.0,41.0,58.0,115.0,155.0,9,4.02,14.222222222222221,75,33.48,15.413333333333334,195,87.05,11.656410256410256
Consolidated Oil Corporation,org,Corporation,non-financial,industrial,NF-063,15,15,6,0.21217185592185592,0.34890965732087226,0.013376402848115974,0.003104206501486604,0.0010009609224855861,11.179872675610547,12.5,0.015452115825725104,0.0032130764459544175,0.2,3,5,8,5,15.0,0.4,144.0,158.0,136.0,161.0,128.0,151.0,154.0,170.0,6,2.68,12.5,60,26.79,15.05,191,85.27,11.837696335078535
Continental Can Company,org,Corporation,non-financial,industrial,NF-161,12,12,11,0.3754926247309862,0.3739565943238731,0.01391477052460922,0.006599879596491861,0.0036835361947469567,14.648179274729225,14.272727272727273,0.02891995903172383,0.006289464708830699,0.4,22,5,16,7,12.0,0.9166666666666666,84.0,112.0,89.0,149.0,86.0,122.0,123.0,147.0,11,4.91,14.272727272727273,89,39.73,13.314606741573034,199,88.84,11.407035175879397
Continental Illinois National Bank & Trust Company,org,Corporation,financial,bank,F-010,21,21,22,0.9368606021487229,0.4250474383301708,0.018337408312958433,0.031085158314034616,0.026925848814862267,15.282975840626445,15.5,0.08943685586926073,0.04340686477881739,0.18614718614718614,43,5,27,8,21.0,1.0476190476190477,21.0,25.0,26.0,28.0,14.0,27.0,37.0,39.0,22,9.82,15.5,137,61.16,13.781021897810218,211,94.2,10.924170616113743
Continental Oil Company,org,Corporation,non-financial,industrial,NF-163,11,11,14,0.6184435447593342,0.4050632911392405,0.018956944885221625,0.005262303097068462,0.007467168481742472,21.007407216728573,21.142857142857142,0.09422945264165003,0.09293032837984404,0.4175824175824176,38,5,32,8,11.0,1.2727272727272727,56.0,62.0,43.0,22.0,94.0,89.0,35.0,14.0,14,6.25,21.142857142857142,122,54.46,14.426229508196721,208,92.86,11.091346153846153
Corn Exchange Bank Trust Company,org,Corporation,financial,bank,F-039,15,15,1,0.029411764705882353,0.26540284360189575,0.01011523932626141,0.0,0.0,8.0,8.0,0.0020538434560038064,0.0004656224468841874,0.0,0,6,1,1,15.0,0.06666666666666667,203.0,220.0,212.0,215.0,193.0,178.0,209.0,213.0,1,0.45,8.0,8,3.57,15.75,73,32.59,16.34246575342466
Corn Products Refining Company,org,Corporation,non-financial,industrial,NF-142,13,13,6,0.2935185185185185,0.3393939393939394,0.015024498652378485,0.002848966633208934,0.0070067264573991025,13.56466876971609,11.666666666666666,0.009651241957997088,0.002765118679273529,0.3333333333333333,5,6,10,5,13.0,0.46153846153846156,144.0,132.0,150.0,121.0,129.0,94.0,181.0,176.0,6,2.68,11.666666666666666,54,24.11,12.444444444444445,183,81.7,11.939890710382514
Council on Foreign Relations,org,Policy-Planning Group,,,,25,25,17,0.6059414163424831,0.4125230202578269,0.017005416319090156,0.005531705509341536,0.0013613068545803972,24.26244870800039,21.058823529411764,0.12205427516463296,0.04572623609677319,0.4264705882352941,58,4,40,8,,0.68,39.0,66.0,39.0,56.0,92.0,144.0,18.0,35.0,17,7.59,21.058823529411764,124,55.36,14.483870967741936,212,94.64,10.915094339622641
Crown Zellerbach Corporation,org,Corporation,non-financial,industrial,NF-155,14,14,3,0.07898384214173687,0.2574712643678161,0.008919020921304146,0.008928571428571428,0.008928571428571428,5.00092357423228,5.0,0.001336982435794249,0.0001289848695646137,0.3333333333333333,1,6,2,2,14.0,0.21428571428571427,180.0,195.0,216.0,223.0,70.0,76.0,214.0,221.0,3,1.34,5.0,11,4.91,8.818181818181818,60,26.79,15.95
Crucible Steel Company of America,org,Corporation,non-financial,industrial,NF-150,15,15,11,0.4054514606352175,0.36245954692556637,0.015059095030284724,0.003958719938079805,0.004944746957078795,15.598036145076854,16.363636363636363,0.042892323964629255,0.012618551497339363,0.5636363636363636,31,5,23,8,15.0,0.7333333333333333,84.0,104.0,109.0,117.0,113.0,114.0,92.0,116.0,11,4.91,16.363636363636363,79,35.27,15.227848101265822,190,84.82,11.873684210526315
Cudahy Packing Company,org,Corporation,non-financial,industrial,NF-180,7,7,1,0.037037037037037035,0.2986666666666667,0.012283081152416216,0.0,0.0,22.0,22.0,0.005007870582554336,0.001776095341505807,0.0,0,6,1,1,7.0,0.14285714285714285,203.0,214.0,195.0,182.0,193.0,178.0,195.0,192.0,1,0.45,22.0,22,9.82,16.454545454545453,137,61.16,13.934306569343066
Deere & Company,org,Corporation,non-financial,industrial,NF-174,17,17,1,0.029411764705882353,0.2650887573964497,0.01056902065913257,0.0,0.0,10.0,10.0,0.0011099438372764007,0.00029971669612802507,0.0,0,7,1,1,17.0,0.058823529411764705,203.0,220.0,214.0,210.0,193.0,178.0,215.0,215.0,1,0.45,10.0,10,4.46,11.0,74,33.04,15.094594594594595
Delaware & Hudson Company,org,Corporation,non-financial,railroad,NF-080,13,13,11,0.39343714942862734,0.3916083916083916,0.0161471726915061,0.0026791133404841343,0.0006005765534913516,21.580318075645618,20.363636363636363,0.0696503786772823,0.023227996433382764,0.2909090909090909,16,5,31,8,13.0,0.8461538461538461,84.0,107.0,67.0,86.0,133.0,161.0,56.0,75.0,11,4.91,20.363636363636363,108,48.21,15.453703703703704,206,91.96,11.199029126213592
"Delaware, Lackawanna & Western Railroad",org,Corporation,non-financial,railroad,NF-105,14,14,14,0.5255030859363293,0.398576512455516,0.015816727702625346,0.0027053077556681137,0.002148729446935725,19.67333357349629,21.857142857142858,0.10184815904545592,0.030798831955978892,0.4065934065934066,37,4,39,8,14.0,1.0,56.0,84.0,53.0,95.0,130.0,135.0,28.0,57.0,14,6.25,21.857142857142858,115,51.34,14.591304347826087,205,91.52,11.21951219512195
Denver & Rio Grande Western Railroad,org,Corporation,non-financial,railroad,NF-082,9,9,6,0.7459611698930584,0.3404255319148936,0.016516100037568513,0.0031469681514379095,0.02768657911595131,9.193665947531787,12.166666666666666,0.013998257478215915,0.007670790903480101,0.4,6,5,7,4,9.0,0.6666666666666666,144.0,41.0,147.0,76.0,127.0,26.0,162.0,140.0,6,2.68,12.166666666666666,53,23.66,14.49056603773585,181,80.8,11.994475138121548
Detroit Edison Company,org,Corporation,non-financial,utility,NF-065,8,8,6,0.38334733893557427,0.35,0.015671161464933775,0.001689296103274868,0.012285127055306426,11.113696978553941,13.666666666666666,0.021131613956984284,0.010228782659942502,0.13333333333333333,2,5,8,5,8.0,0.75,144.0,110.0,134.0,98.0,144.0,59.0,139.0,124.0,6,2.68,13.666666666666666,65,29.02,16.03076923076923,190,84.82,11.921052631578947
Duke Power Company,org,Corporation,non-financial,utility,NF-086,14,14,2,0.07248157248157248,0.3303834808259587,0.013037330861487917,0.0,0.0,21.06779661016949,24.5,0.014198191821343712,0.005992080493638746,1.0,1,5,2,2,14.0,0.14285714285714285,190.0,198.0,159.0,168.0,193.0,178.0,161.0,150.0,2,0.89,24.5,46,20.54,17.91304347826087,176,78.57,12.3125
E. I. du Pont de Nemours & Company,org,Corporation,non-financial,industrial,NF-039,35,35,8,0.29785283685067687,0.3714759535655058,0.015471055657813398,0.0026944146137463645,0.000360345932094811,18.91381757179542,18.125,0.04131898252748973,0.013721699029455803,0.32142857142857145,9,5,11,6,35.0,0.22857142857142856,115.0,129.0,96.0,106.0,131.0,171.0,99.0,111.0,8,3.57,18.125,87,38.84,15.873563218390805,201,89.73,11.368159203980099
Eastman Kodak Company,org,Corporation,non-financial,industrial,NF-112,13,13,1,0.03571428571428571,0.24347826086956523,0.009581038342993637,0.0,0.0,7.0,7.0,0.0005013153019773731,9.81933843818212e-05,0.0,0,7,1,1,13.0,0.07692307692307693,203.0,215.0,221.0,220.0,193.0,178.0,223.0,222.0,1,0.45,7.0,7,3.12,7.428571428571429,36,16.07,15.055555555555555
Edison Electric Illuminating Company of Boston,org,Corporation,non-financial,utility,NF-102,12,12,9,0.49395737126549144,0.36187399030694667,0.01663984741146724,0.0006095604940018373,0.005084881486226777,17.398496149387242,18.88888888888889,0.04829090842986856,0.018945997344324523,0.7222222222222222,26,5,22,8,12.0,0.75,105.0,89.0,112.0,75.0,167.0,113.0,82.0,92.0,9,4.02,18.88888888888889,78,34.82,16.256410256410255,192,85.71,11.802083333333334
Electric Power & Light Corporation,org,Corporation,non-financial,utility,NF-030,10,10,12,1.282170060692476,0.3822525597269625,0.017399854621228575,0.003857117781659447,0.03220424941276959,14.033417849838164,18.75,0.06822038407921359,0.47083854331346636,0.45454545454545453,30,5,24,8,10.0,1.2,72.0,8.0,77.0,39.0,114.0,20.0,59.0,2.0,12,5.36,18.75,94,41.96,15.52127659574468,205,91.52,11.229268292682926
Equitable Life Assurance Society of the United States,org,Corporation,financial,insurance,F-007,34,34,21,0.42932525289390744,0.4332688588007737,0.013388091067376838,0.01914415926770375,0.0003803651505445227,18.879847380839163,18.523809523809526,0.11702155277085752,0.019334248580138012,0.20952380952380953,44,4,37,8,34.0,0.6176470588235294,24.0,99.0,16.0,160.0,29.0,169.0,21.0,87.0,21,9.38,18.523809523809526,144,64.29,13.54861111111111,214,95.54,10.80373831775701
F. W. Woolworth Company,org,Corporation,non-financial,industrial,NF-094,24,24,4,0.09737726857292074,0.33482810164424515,0.012101033244048142,0.0005086978464128473,0.0,16.099053046174475,15.75,0.014744019320244835,0.003782336300183564,0.5,3,6,5,4,24.0,0.16666666666666666,164.0,189.0,155.0,190.0,172.0,178.0,158.0,168.0,4,1.79,15.75,52,23.21,15.884615384615385,177,79.02,12.203389830508474
Federal Water Service Corporation,org,Corporation,non-financial,utility,NF-104,7,7,1,0.041666666666666664,0.2982689747003995,0.011220712293392571,0.0,0.0,18.0,18.0,0.004644987109881065,0.0008184269956998155,0.0,0,6,1,1,7.0,0.14285714285714285,203.0,209.0,196.0,207.0,193.0,178.0,198.0,206.0,1,0.45,18.0,18,8.04,18.666666666666668,138,61.61,13.44927536231884
First National Bank (Boston),org,Corporation,financial,bank,F-017,26,26,17,0.950246942320113,0.3929824561403509,0.0183622432618589,0.004054249952892058,0.03151024983984625,15.237113123981855,16.705882352941178,0.08291986121230224,0.03386379232803861,0.4338235294117647,59,5,25,8,26.0,0.6538461538461539,39.0,23.0,64.0,26.0,110.0,22.0,48.0,55.0,17,7.59,16.705882352941178,106,47.32,15.160377358490566,205,91.52,11.185365853658537
First National Bank (Chicago),org,Corporation,financial,bank,F-013,24,24,18,0.6189389774323285,0.3848797250859107,0.01580413356710281,0.018700688011973277,0.009288917360666239,12.593153813678148,12.61111111111111,0.05763965372778453,0.01948731117651121,0.23529411764705882,36,4,24,8,24.0,0.75,35.0,61.0,74.0,96.0,31.0,74.0,71.0,86.0,18,8.04,12.61111111111111,93,41.52,15.204301075268818,203,90.62,11.31527093596059
First National Bank (New York),org,Corporation,financial,bank,F-024,11,11,17,1.1292272647605446,0.4057971014492754,0.022191531694522062,0.007943959565814002,0.10346265748451845,23.907379002291904,20.058823529411764,0.11144834335925906,0.09892200305653563,0.36764705882352944,50,4,38,8,11.0,1.5454545454545454,39.0,16.0,42.0,2.0,77.0,3.0,23.0,13.0,17,7.59,20.058823529411764,116,51.79,14.724137931034482,211,94.2,10.938388625592417
First National Bank (St. Louis),org,Corporation,financial,bank,F-046,25,25,7,0.19658613744077716,0.32653061224489793,0.012115085586615197,0.012006698369623767,0.00952914798206278,7.798890013074602,8.142857142857142,0.011271742649017986,0.0020461831055917897,0.09523809523809523,2,5,6,4,25.0,0.28,128.0,163.0,166.0,187.0,52.0,73.0,175.0,187.0,7,3.12,8.142857142857142,45,20.09,13.222222222222221,165,73.66,12.648484848484848
Florida East Coast Railway,org,Corporation,non-financial,railroad,NF-137,5,5,1,0.07142857142857142,0.26107226107226106,0.01375853620065936,0.0,0.0,8.0,8.0,0.0016269806896004127,0.033732023531261965,0.0,0,6,1,1,5.0,0.2,203.0,200.0,215.0,151.0,193.0,178.0,212.0,56.0,1,0.45,8.0,8,3.57,15.0,65,29.02,15.276923076923078
General Electric Company,org,Corporation,non-financial,industrial,NF-054,20,20,32,1.1463522687228835,0.4497991967871486,0.019347622358596092,0.0712501238603145,0.04710522101217168,17.611137777143302,17.375,0.16943130292394504,0.05376148485668925,0.18951612903225806,94,4,40,8,20.0,1.6,7.0,14.0,7.0,15.0,1.0,12.0,9.0,27.0,32,14.29,17.375,151,67.41,12.814569536423841,215,95.98,10.716279069767442
General Foods Corporation,org,Corporation,non-financial,industrial,NF-197,15,15,23,0.8285426176340175,0.42994241842610365,0.016840739553344496,0.023073236468353818,0.020906737134315605,17.022021113943794,17.304347826086957,0.10527920124689019,0.026626277323066744,0.233201581027668,59,4,32,8,15.0,1.5333333333333334,14.0,32.0,21.0,63.0,23.0,38.0,26.0,63.0,23,10.27,17.304347826086957,137,61.16,14.021897810218977,215,95.98,10.762790697674419
General Motors Corporation,org,Corporation,non-financial,industrial,NF-008,35,35,24,0.7975969215973804,0.4409448818897638,0.017375475757074293,0.012926138547360085,0.00998959000640615,20.35608202405897,22.333333333333332,0.17219335584840378,0.05461179284997645,0.35507246376811596,98,4,40,8,35.0,0.6857142857142857,12.0,35.0,11.0,40.0,47.0,70.0,8.0,25.0,24,10.71,22.333333333333332,150,66.96,13.406666666666666,214,95.54,10.794392523364486
Gimbel Brothers,org,Corporation,non-financial,industrial,NF-173,19,19,8,0.24788213984664184,0.3584,0.013305239865171821,0.0023667698647587775,0.0,14.978176000669539,14.875,0.023738830421208418,0.004114806562473996,0.6428571428571429,18,5,14,6,19.0,0.42105263157894735,115.0,147.0,120.0,162.0,138.0,178.0,131.0,165.0,8,3.57,14.875,69,30.8,15.08695652173913,196,87.5,11.66326530612245
Goodyear Tire & Rubber Company,org,Corporation,non-financial,industrial,NF-095,17,17,14,0.5774876035605347,0.37966101694915255,0.015261298641131245,0.021092257675597813,0.013152626521460604,10.429959191535808,12.714285714285714,0.05025732334924932,0.017787596537516017,0.24175824175824176,22,5,16,7,17.0,0.8235294117647058,56.0,74.0,81.0,111.0,26.0,55.0,81.0,97.0,14,6.25,12.714285714285714,86,38.39,15.174418604651162,207,92.41,11.130434782608695
Great Atlantic & Pacific Tea Company,org,Corporation,non-financial,industrial,NF-097,12,12,6,0.19489602903396006,0.37966101694915255,0.014040026611581054,0.0007284922102759645,0.000360345932094811,24.053176106970067,24.833333333333332,0.043177900001890424,0.010249113507222372,0.3333333333333333,5,5,11,6,12.0,0.5,144.0,164.0,81.0,147.0,163.0,171.0,90.0,123.0,6,2.68,24.833333333333332,98,43.75,15.316326530612244,203,90.62,11.330049261083744
Great Northern Railway,org,Corporation,non-financial,railroad,NF-011,12,12,14,0.5193440486971342,0.4,0.017171643425567637,0.016160265845631006,0.013092568866111466,16.028746690986335,16.857142857142858,0.0686746282858179,0.02122811818025518,0.2087912087912088,19,5,21,8,12.0,1.1666666666666667,56.0,85.0,50.0,47.0,38.0,56.0,58.0,78.0,14,6.25,16.857142857142858,116,51.79,14.551724137931034,208,92.86,11.052884615384615
Guaranty Trust Company of New York,org,Corporation,financial,bank,F-006,24,24,38,1.540366970170936,0.4765957446808511,0.021206010713904138,0.06845430169595108,0.07014734144778988,19.95211678935875,17.81578947368421,0.20882859475053733,0.14104370091587842,0.16927453769559034,119,4,40,8,24.0,1.5833333333333333,2.0,4.0,2.0,5.0,2.0,4.0,3.0,5.0,38,16.96,17.81578947368421,172,76.79,12.244186046511627,216,96.43,10.643518518518519
Gulf Oil Corporation,org,Corporation,non-financial,industrial,NF-050,7,7,10,0.761021068079555,0.352755905511811,0.019107057811644776,0.0009349428523542905,0.01593529788597053,15.793835205033933,15.1,0.0341537173722732,0.0409170214500491,0.6888888888888889,31,6,21,8,7.0,1.4285714285714286,94.0,40.0,128.0,18.0,154.0,50.0,116.0,44.0,10,4.46,15.1,69,30.8,15.333333333333334,188,83.93,11.819148936170214
Harris Trust & Savings Bank,org,Corporation,financial,bank,F-050,18,18,12,0.42758269566874474,0.36245954692556637,0.014912704092671791,0.00827707086940048,0.00884849455477258,13.936377274505613,14.75,0.043133449495662474,0.016439461193195906,0.3333333333333333,22,5,23,8,18.0,0.6666666666666666,72.0,101.0,109.0,123.0,74.0,82.0,91.0,102.0,12,5.36,14.75,81,36.16,13.88888888888889,188,83.93,11.877659574468085
Hearst Consolidated Publications,org,Corporation,non-financial,industrial,NF-131,11,11,1,0.030303030303030304,0.28354430379746837,0.009810051493954492,0.0,0.0,16.0,16.0,0.002671132156016894,0.0020228532936384653,0.0,0,6,1,1,11.0,0.09090909090909091,203.0,218.0,203.0,217.0,193.0,178.0,207.0,188.0,1,0.45,16.0,16,7.14,13.0625,108,48.21,14.37962962962963
Hudson & Manhattan Railroad,org,Corporation,non-financial,railroad,NF-134,10,10,12,0.5287472024542962,0.4,0.01689294520390077,0.004683240473685121,0.00674647661755285,19.02465786737396,19.416666666666668,0.059549305311112105,0.016888561536769615,0.3787878787878788,25,5,30,8,10.0,1.2,72.0,83.0,50.0,61.0,99.0,99.0,69.0,101.0,12,5.36,19.416666666666668,118,52.68,14.40677966101695,208,92.86,11.10576923076923
Illinois Central Railroad,org,Corporation,non-financial,railroad,NF-029,13,13,14,0.7080108426431955,0.4148148148148148,0.01907536777564544,0.011043060784593389,0.022595024556907966,23.43657647414299,21.785714285714285,0.08714596805145537,0.041614572944668395,0.32967032967032966,30,5,30,8,13.0,1.0769230769230769,56.0,46.0,35.0,19.0,58.0,34.0,41.0,42.0,14,6.25,21.785714285714285,133,59.38,13.977443609022556,210,93.75,11.019047619047619
Inland Steel Company,org,Corporation,non-financial,industrial,NF-144,15,15,4,0.13766255511525366,0.3251088534107402,0.013049430543823378,0.0004134334123110884,0.0,16.043381309547943,17.0,0.015189944851245484,0.005664322677872403,0.5,3,5,5,4,15.0,0.26666666666666666,164.0,180.0,168.0,167.0,176.0,178.0,156.0,152.0,4,1.79,17.0,46,20.54,15.608695652173912,165,73.66,12.745454545454546
Interborough Rapid Transit Company,org,Corporation,non-financial,utility,NF-041,18,18,18,0.6132188747489603,0.42424242424242425,0.01533082898782322,0.0238990544199259,0.012131646380525303,16.01561661186574,17.72222222222222,0.08295595056932537,0.01778006945892231,0.1830065359477124,28,5,28,8,18.0,1.0,35.0,63.0,27.0,110.0,21.0,60.0,47.0,98.0,18,8.04,17.72222222222222,138,61.61,13.326086956521738,213,95.09,10.830985915492958
Interlake Iron Corporation,org,Corporation,non-financial,industrial,NF-199,15,15,5,0.20103906875085378,0.3039348710990502,0.013017457063008202,0.00901213285054404,0.009589205637411915,8.81351544310752,9.0,0.010823791368057832,0.0067384103418564115,0.4,4,6,5,4,15.0,0.3333333333333333,156.0,161.0,187.0,170.0,69.0,72.0,177.0,143.0,5,2.23,9.0,29,12.95,13.931034482758621,135,60.27,13.696296296296296
International Harvester Company,org,Corporation,non-financial,industrial,NF-059,18,18,12,0.5472112285511719,0.35331230283911674,0.016250287592781073,0.003973861533743451,0.006185938500960922,15.133934573746474,14.083333333333334,0.03593674264214089,0.019725231159892116,0.4393939393939394,29,5,22,8,18.0,0.6666666666666666,72.0,82.0,127.0,85.0,112.0,105.0,111.0,85.0,12,5.36,14.083333333333334,66,29.46,13.545454545454545,186,83.04,11.994623655913978
International Paper & Power Company,org,Corporation,non-financial,industrial,NF-023,10,10,12,0.5861356854310145,0.3922942206654991,0.017117072369300837,0.009026837432942447,0.02202781336749946,18.569590410818833,19.5,0.06172468270014736,0.02022074304336946,0.3939393939393939,26,5,31,8,10.0,1.2,72.0,70.0,66.0,51.0,68.0,35.0,65.0,83.0,12,5.36,19.5,109,48.66,14.339449541284404,205,91.52,11.22439024390244
International Shoe Company,org,Corporation,non-financial,industrial,NF-169,25,25,1,0.02040816326530612,0.24642464246424642,0.007614814083359066,0.0,0.0,7.0,7.0,0.000631136412484116,4.613042328453764e-05,0.0,0,6,1,1,25.0,0.04,203.0,225.0,219.0,224.0,193.0,178.0,221.0,224.0,1,0.45,7.0,7,3.12,9.0,45,20.09,13.355555555555556
International Telephone & Telegraph Corporation,org,Corporation,non-financial,utility,NF-046,23,23,9,0.3011399932896099,0.3790186125211506,0.015553552212768893,0.0011895556925959573,0.0015414798206278026,19.97690584746805,20.444444444444443,0.05743485982039318,0.015486109217827693,0.3611111111111111,13,5,27,8,23.0,0.391304347826087,105.0,126.0,84.0,101.0,149.0,141.0,72.0,104.0,9,4.02,20.444444444444443,97,43.3,15.010309278350515,200,89.29,11.405
Irving Trust Company,org,Corporation,financial,bank,F-018,23,23,16,0.4512007014616937,0.3950617283950617,0.014475218566526766,0.023862951295183295,0.017256566303651504,11.86183912522168,12.125,0.04770503847121062,0.06043277678417284,0.14166666666666666,17,5,19,7,23.0,0.6956521739130435,47.0,96.0,58.0,132.0,22.0,46.0,83.0,21.0,16,7.14,12.125,108,48.21,14.24074074074074,207,92.41,11.120772946859903
J. P. Morgan & Company,org,Corporation,financial,bank,F-026,17,17,23,1.1505587520763918,0.43410852713178294,0.02054244904509709,0.01974921563044031,0.04164664744821696,18.100107498441577,17.652173913043477,0.13311279841995358,0.07753730425891545,0.23715415019762845,60,4,40,8,17.0,1.3529411764705883,14.0,13.0,15.0,7.0,27.0,14.0,13.0,17.0,23,10.27,17.652173913043477,142,63.39,13.528169014084508,215,95.98,10.753488372093024
John Hancock Mutual Life Insurance Company,org,Corporation,financial,insurance,F-016,16,16,10,0.3703829870731003,0.3607085346215781,0.01450789730481265,0.0006980280997129302,0.0,17.63568502773768,18.6,0.05309312224879849,0.014512540811761664,0.6888888888888889,31,5,23,8,16.0,0.625,94.0,114.0,115.0,131.0,164.0,178.0,77.0,107.0,10,4.46,18.6,76,33.93,16.25,191,85.27,11.853403141361257
Jones & Laughlin Steel Corporation,org,Corporation,non-financial,industrial,NF-099,17,17,3,0.11756211857018309,0.2943495400788436,0.013568265927942965,0.0,0.0,13.122132097334879,12.666666666666666,0.006412894252351149,0.0051637504849751615,1.0,3,6,4,3,17.0,0.17647058823529413,180.0,185.0,199.0,154.0,193.0,178.0,187.0,159.0,3,1.34,12.666666666666666,22,9.82,15.136363636363637,125,55.8,14.184
Kansas City Southern Railway,org,Corporation,non-financial,railroad,NF-129,15,15,3,0.10434472934472934,0.33185185185185184,0.013009576799929973,0.00012869220890140658,0.0,18.09556313993174,20.0,0.018399205504794153,0.007437684750325628,0.3333333333333333,1,5,4,3,15.0,0.2,180.0,187.0,157.0,171.0,185.0,178.0,148.0,141.0,3,1.34,20.0,50,22.32,17.34,173,77.23,12.341040462427745
Kennecott Copper Corporation,org,Corporation,non-financial,industrial,NF-066,18,18,18,0.667858372604655,0.4332688588007737,0.017949615155519454,0.011554978593658895,0.00884849455477258,21.224265765341514,20.88888888888889,0.1120944891849865,0.04173087721728385,0.3006535947712418,46,4,38,8,18.0,1.0,35.0,55.0,16.0,36.0,55.0,82.0,22.0,41.0,18,8.04,20.88888888888889,147,65.62,13.428571428571429,214,95.54,10.813084112149532
Koppers Company (Delaware),org,Corporation,non-financial,industrial,NF-064,10,10,11,0.5732058003551692,0.36541598694942906,0.017055281009684217,0.004517072027833733,0.016355701473414478,14.335573758515869,15.545454545454545,0.038813191109938916,0.023658528589590735,0.509090909090909,28,6,22,8,10.0,1.1,84.0,75.0,105.0,53.0,102.0,49.0,102.0,72.0,11,4.91,15.545454545454545,83,37.05,14.493975903614459,194,86.61,11.628865979381443
Lehigh Coal & Navigation Company,org,Corporation,non-financial,industrial,NF-170,12,12,8,0.601384800332907,0.32230215827338127,0.017314013717233474,0.0014015827173934306,0.01777706598334401,12.931177838174698,11.5,0.020019639481526633,0.13924804103181204,0.42857142857142855,12,6,12,6,12.0,0.6666666666666666,115.0,67.0,172.0,43.0,145.0,43.0,142.0,6.0,8,3.57,11.5,44,19.64,14.159090909090908,158,70.54,12.968354430379748
Lehigh Valley Railroad,org,Corporation,non-financial,railroad,NF-085,13,13,25,0.9798677393675892,0.4471057884231537,0.019881120168795882,0.035233315810975455,0.057652012598761466,16.673060653642924,16.96,0.10960694032835289,0.04356077823123828,0.17333333333333334,52,5,33,8,13.0,1.9230769230769231,10.0,21.0,9.0,9.0,10.0,5.0,25.0,38.0,25,11.16,16.96,155,69.2,12.748387096774193,216,96.43,10.685185185185185
Loew's,org,Corporation,non-financial,industrial,NF-130,12,12,7,0.23794520198931965,0.3584,0.014933504001950499,0.0010090153122938154,0.002222133247918001,20.43201223566679,19.857142857142858,0.040169888975718354,0.01072486578877524,0.7142857142857143,15,5,11,6,12.0,0.5833333333333334,128.0,151.0,120.0,122.0,152.0,134.0,100.0,120.0,7,3.12,19.857142857142858,74,33.04,16.472972972972972,194,86.61,11.675257731958762
Lone Star Gas Corporation,org,Corporation,non-financial,utility,NF-128,6,6,1,0.1,0.2562929061784897,0.011424240153848379,0.0,0.0,5.0,5.0,0.0010154916073182598,0.0006643633943313061,0.0,0,6,1,1,6.0,0.16666666666666666,203.0,188.0,217.0,204.0,193.0,178.0,217.0,208.0,1,0.45,5.0,5,2.23,14.2,59,26.34,16.661016949152543
Manufacturers Trust Company,org,Corporation,financial,bank,F-019,26,26,10,0.27706531905518555,0.3708609271523179,0.013175195509790297,0.006528654354573166,0.002081998718770019,12.228865898929635,12.8,0.032770080258440776,0.0053819126377585074,0.1111111111111111,5,5,12,6,26.0,0.38461538461538464,94.0,138.0,98.0,165.0,87.0,136.0,117.0,156.0,10,4.46,12.8,83,37.05,14.493975903614459,202,90.18,11.287128712871286
Marine Midland Corporation,org,Corporation,financial,bank,F-029,23,23,8,0.31512399256964474,0.356120826709062,0.013474180320697164,0.004745884027475258,0.0011210762331838565,10.077578363118409,11.75,0.022925803091653745,0.005584719328724918,0.14285714285714285,4,5,11,6,23.0,0.34782608695652173,115.0,122.0,125.0,155.0,98.0,148.0,134.0,153.0,8,3.57,11.75,72,32.14,15.722222222222221,188,83.93,11.96808510638298
Marshall Field & Company,org,Corporation,non-financial,industrial,NF-156,9,9,12,0.5790413731622172,0.3777403035413153,0.016880256577029167,0.0034043185617173,0.010650224215246636,15.464485422915562,16.833333333333332,0.05411240933607923,0.0257821706838148,0.3484848484848485,23,5,23,8,9.0,1.3333333333333333,72.0,72.0,85.0,62.0,123.0,64.0,76.0,67.0,12,5.36,16.833333333333332,91,40.62,15.593406593406593,202,90.18,11.356435643564357
Massachusetts Mutual Life Insurance Company,org,Corporation,financial,insurance,F-027,20,20,3,0.07208921304370805,0.327007299270073,0.00978181934013364,0.0,0.0,14.452712609970671,15.333333333333334,0.011563779898783173,0.002358392912254217,1.0,3,5,4,3,20.0,0.15,180.0,199.0,165.0,218.0,193.0,178.0,173.0,185.0,3,1.34,15.333333333333334,39,17.41,16.974358974358974,175,78.12,12.325714285714286
McKesson & Robbins (Maryland),org,Corporation,non-financial,industrial,NF-191,25,25,9,0.23682119362921453,0.35,0.011875672014337653,0.007582336024436326,0.001801729660474055,11.367448711997387,11.666666666666666,0.01954506124567499,0.002473961808430865,0.4444444444444444,16,5,12,6,25.0,0.36,105.0,152.0,134.0,194.0,81.0,138.0,146.0,183.0,9,4.02,11.666666666666666,61,27.23,14.524590163934427,188,83.93,11.920212765957446
Mellon National Bank,org,Corporation,financial,bank,F-035,22,22,15,1.2176279436860247,0.3777403035413153,0.01783327009112048,0.00873148600668765,0.022972053171044202,13.065393529575717,13.8,0.04691783430302531,0.052308265284665714,0.3523809523809524,37,6,23,8,22.0,0.6818181818181818,51.0,11.0,85.0,38.0,72.0,33.0,87.0,28.0,15,6.7,13.8,95,42.41,14.631578947368421,197,87.95,11.527918781725889
Metropolitan Life Insurance Company,org,Corporation,financial,insurance,F-001,25,25,18,0.5870411716181693,0.4226415094339623,0.01672761504761214,0.01382392559061289,0.0032831518257527225,18.997088287047273,16.666666666666668,0.08327415011882114,0.02347193232063741,0.17647058823529413,27,5,27,8,25.0,0.72,35.0,69.0,30.0,68.0,44.0,127.0,46.0,74.0,18,8.04,16.666666666666668,138,61.61,13.847826086956522,211,94.2,10.943127962085308
Middle West Corporation,org,Corporation,non-financial,industrial,NF-053,7,7,2,0.09259259259259259,0.3141654978962132,0.013440641310599676,0.00018386005596171827,0.0003803651505445227,13.000000000000002,14.5,0.007138167741294226,0.002619421667935115,0.0,0,5,2,2,7.0,0.2857142857142857,190.0,190.0,181.0,157.0,183.0,169.0,185.0,179.0,2,0.89,14.5,28,12.5,17.5,158,70.54,13.164556962025317
Minneapolis & St. Louis Railroad,org,Corporation,non-financial,railroad,NF-189,12,12,1,0.058823529411764705,0.25310734463276835,0.012095276953768592,0.0,0.0,5.999999999999999,6.0,0.001103551978272227,0.000773107588008716,0.0,0,6,1,1,12.0,0.08333333333333333,203.0,206.0,218.0,191.0,193.0,178.0,216.0,207.0,1,0.45,6.0,6,2.68,15.0,58,25.89,15.706896551724139
Minnesota & Ontario Paper Company,org,Corporation,non-financial,industrial,NF-178,9,9,1,0.05,0.28607918263090676,0.012796517954298148,0.0,0.0,14.0,14.0,0.0038452735243775077,0.0011725845817305625,0.0,0,6,1,1,9.0,0.1111111111111111,203.0,208.0,201.0,176.0,193.0,178.0,204.0,202.0,1,0.45,14.0,14,6.25,17.785714285714285,116,51.79,14.663793103448276
Missouri Pacific Railroad,org,Corporation,non-financial,railroad,NF-034,15,15,6,0.5561355622306385,0.3137254901960784,0.01573537540862555,0.010368745359903786,0.008928571428571428,6.32794546218823,8.166666666666666,0.0076242547978311185,0.004438379564134515,0.26666666666666666,4,6,6,4,15.0,0.4,144.0,79.0,183.0,97.0,60.0,76.0,183.0,162.0,6,2.68,8.166666666666666,37,16.52,12.594594594594595,146,65.18,13.068493150684931
Missouri-Kansas-Texas Railroad,org,Corporation,non-financial,railroad,NF-079,15,15,13,0.4158950548673269,0.3875432525951557,0.014458209044679367,0.013761675444141667,0.005371823617339313,12.543243678311706,13.153846153846153,0.03573228933167724,0.007731400528940065,0.19230769230769232,15,5,18,7,15.0,0.8666666666666667,68.0,103.0,72.0,133.0,45.0,111.0,113.0,139.0,13,5.8,13.153846153846153,100,44.64,13.67,206,91.96,11.097087378640778
Montgomery Ward & Company,org,Corporation,non-financial,industrial,NF-110,11,11,15,0.86321928973525,0.39646017699115044,0.019839541801058413,0.008169116540934307,0.005291746743540466,20.364401633041965,19.2,0.07492076586034385,0.05760517119322623,0.4380952380952381,46,5,27,8,11.0,1.3636363636363635,51.0,30.0,55.0,10.0,76.0,112.0,53.0,23.0,15,6.7,19.2,115,51.34,14.060869565217391,204,91.07,11.235294117647058
Mutual Benefit Life Insurance Company,org,Corporation,financial,insurance,F-023,12,12,1,0.038461538461538464,0.28354430379746837,0.01193158665625527,0.0,0.0,15.0,15.0,0.004253967552769456,0.0014481906424652692,0.0,0,5,1,1,12.0,0.08333333333333333,203.0,213.0,203.0,192.0,193.0,178.0,200.0,197.0,1,0.45,15.0,15,6.7,16.866666666666667,108,48.21,14.87037037037037
Mutual Life Insurance Company of New York,org,Corporation,financial,insurance,F-009,34,34,39,1.3474505203241718,0.4817204301075269,0.02051255663683027,0.04294137819914712,0.006873265001067691,20.87796630600128,18.82051282051282,0.2349927705942601,0.12415113291171213,0.21592442645074225,160,4,40,8,34.0,1.1470588235294117,1.0,6.0,1.0,8.0,6.0,97.0,1.0,7.0,39,17.41,18.82051282051282,174,77.68,12.379310344827585,218,97.32,10.555045871559633
National Association of Manufacturers,org,Policy-Planning Group,,,,16,16,7,0.22961503375296477,0.321377331420373,0.013072267770287683,0.010437384184123428,0.010430012812299808,6.554579982836985,6.571428571428571,0.008953056078327196,0.0024887059726308534,0.09523809523809523,2,6,9,5,,0.4375,128.0,156.0,173.0,166.0,59.0,67.0,182.0,182.0,7,3.12,6.571428571428571,36,16.07,14.88888888888889,166,74.11,12.728915662650602
National Bank of Detroit,org,Corporation,financial,bank,F-032,14,14,4,0.1924266674497942,0.33532934131736525,0.014835435939947385,0.00043486958818814175,0.0011210762331838565,18.12458507675285,18.25,0.023017021937213434,0.010149383695333091,0.5,3,5,5,4,14.0,0.2857142857142857,164.0,168.0,154.0,124.0,175.0,148.0,133.0,125.0,4,1.79,18.25,52,23.21,17.596153846153847,177,79.02,12.491525423728813
National Biscuit Company,org,Corporation,non-financial,industrial,NF-135,15,15,15,0.77121284619499,0.3950617283950617,0.017263040999905874,0.02140016391900547,0.024003042921204355,14.874574287630079,15.933333333333334,0.07597564059403304,0.03408328432133568,0.26666666666666666,28,4,35,8,15.0,1.0,51.0,39.0,58.0,46.0,25.0,31.0,51.0,53.0,15,6.7,15.933333333333334,108,48.21,14.74074074074074,206,91.96,11.135922330097088
National City Bank of New York,org,Corporation,financial,bank,F-005,19,19,16,0.49961706653065646,0.4148148148148148,0.015566380985189109,0.018402722285990054,0.010970531710442023,16.587852295896727,17.625,0.0845312763332695,0.020942030542275638,0.16666666666666666,20,4,34,8,19.0,0.8421052631578947,47.0,88.0,35.0,100.0,33.0,63.0,44.0,81.0,16,7.14,17.625,127,56.7,13.834645669291339,213,95.09,10.863849765258216
National Dairy Products Corporation,org,Corporation,non-financial,industrial,NF-096,30,30,9,0.2938783437220579,0.36187399030694667,0.013743900304237585,0.0007663852054376486,0.0,15.822582124419897,14.777777777777779,0.026040232632751143,0.004778118616887517,0.75,27,5,15,6,30.0,0.3,105.0,131.0,112.0,152.0,162.0,178.0,129.0,161.0,9,4.02,14.777777777777779,72,32.14,14.73611111111111,197,87.95,11.624365482233502
National Fuel Gas Company,org,Corporation,non-financial,industrial,NF-188,5,5,4,0.19128100423472472,0.3279648609077599,0.014188269040225734,0.000867473827709041,0.0032631326073030106,12.319035382486659,12.5,0.010583033598078858,0.0028672078457263484,0.16666666666666666,1,5,5,4,5.0,0.8,164.0,169.0,161.0,144.0,156.0,128.0,178.0,175.0,4,1.79,12.5,44,19.64,15.022727272727273,167,74.55,12.688622754491018
National Lead Company,org,Corporation,non-financial,industrial,NF-153,15,15,3,0.08189102564102564,0.3279648609077599,0.011625065356450387,0.0003400912183370893,0.0,17.59882583170254,18.333333333333332,0.014497590565487073,0.004111772684691154,0.3333333333333333,1,5,4,3,15.0,0.2,180.0,193.0,161.0,199.0,179.0,178.0,160.0,166.0,3,1.34,18.333333333333332,45,20.09,17.266666666666666,170,75.89,12.670588235294117
National Power & Light Company,org,Corporation,non-financial,utility,NF-042,14,14,17,1.5425894649827099,0.4043321299638989,0.017359801752567024,0.018408319707858212,0.045323510570147336,11.858141030842662,16.11764705882353,0.07588111624968873,0.48871076324472634,0.27205882352941174,37,5,23,8,14.0,1.2142857142857142,39.0,3.0,44.0,41.0,32.0,13.0,52.0,1.0,17,7.59,16.11764705882353,117,52.23,14.222222222222221,209,93.3,11.019138755980862
National Steel Corporation,org,Corporation,non-financial,industrial,NF-103,10,10,1,0.041666666666666664,0.28354430379746837,0.012221938873936957,0.0,0.0,15.0,15.0,0.004253967552769456,0.0015688731960040413,0.0,0,5,1,1,10.0,0.1,203.0,209.0,203.0,185.0,193.0,178.0,200.0,196.0,1,0.45,15.0,15,6.7,16.866666666666667,108,48.21,14.87037037037037
Natural Gas Pipeline Company of America,org,Corporation,non-financial,utility,NF-200,9,9,3,0.19293478260869565,0.3141654978962132,0.015441075097983856,0.0002925775777713638,0.008047725816784113,11.140845070422536,11.666666666666666,0.007348605560888795,0.005728915327049042,0.0,0,5,4,3,9.0,0.3333333333333333,180.0,166.0,181.0,107.0,180.0,84.0,184.0,151.0,3,1.34,11.666666666666666,31,13.84,15.935483870967742,158,70.54,13.044303797468354
New England Mutual Life Insurance Company,org,Corporation,financial,insurance,F-033,10,10,7,0.29833333333333334,0.37520938023450584,0.016694470081000477,0.00048746486304339023,0.0005605381165919282,25.66241021548284,24.428571428571427,0.05179439234523013,0.01925124415834024,0.6190476190476191,13,4,16,7,10.0,0.7,128.0,128.0,88.0,69.0,173.0,162.0,78.0,90.0,7,3.12,24.428571428571427,93,41.52,16.387096774193548,199,88.84,11.467336683417086
New York Central Railroad,org,Corporation,non-financial,railroad,NF-003,15,15,29,1.3806111380205055,0.45252525252525255,0.021046979865771812,0.039668205803646314,0.057481849241938936,19.47374297871745,19.275862068965516,0.1731524424320645,0.09217733465020495,0.229064039408867,93,4,39,8,15.0,1.9333333333333333,9.0,5.0,6.0,6.0,8.0,6.0,7.0,15.0,29,12.95,19.275862068965516,156,69.64,13.134615384615385,216,96.43,10.685185185185185
New York Life Insurance Company,org,Corporation,financial,insurance,F-004,27,27,23,0.6213170125394495,0.42585551330798477,0.01561368089041796,0.030790611401303892,0.0023222293401665597,15.264924566030151,15.0,0.1015457970491097,0.02398842219570693,0.13438735177865613,34,4,35,8,27.0,0.8518518518518519,14.0,60.0,25.0,99.0,16.0,133.0,31.0,71.0,23,10.27,15.0,134,59.82,13.828358208955224,213,95.09,10.84037558685446
New York Trust Company,org,Corporation,financial,bank,F-031,20,20,21,0.6357738850138321,0.42105263157894735,0.016657598356053686,0.018224333047950403,0.006666399743754004,15.869912204786703,16.38095238095238,0.10344847710075628,0.024910877547865164,0.1761904761904762,37,4,34,8,20.0,1.05,24.0,58.0,32.0,74.0,34.0,100.0,27.0,70.0,21,9.38,16.38095238095238,128,57.14,14.2890625,215,95.98,10.762790697674419
"New York, New Haven & Hartford Railroad",org,Corporation,non-financial,railroad,NF-044,16,16,23,0.8016974414560625,0.42344045368620037,0.016932438884928347,0.03471689116840045,0.03058936579115951,15.521541991435106,15.869565217391305,0.1017791413834847,0.026367224219027065,0.24110671936758893,61,4,32,8,16.0,1.4375,14.0,34.0,28.0,59.0,11.0,23.0,29.0,64.0,23,10.27,15.869565217391305,130,58.04,13.946153846153846,214,95.54,10.80841121495327
Niagara Hudson Power Corporation,org,Corporation,non-financial,utility,NF-031,12,12,7,0.34643065268065265,0.3328380386329866,0.014675409725037008,0.0022674811391203693,0.007447149263292761,10.99121073215863,11.714285714285714,0.01735914373218371,0.009401232306821506,0.3333333333333333,7,6,11,6,12.0,0.5833333333333334,128.0,116.0,156.0,127.0,139.0,90.0,152.0,131.0,7,3.12,11.714285714285714,48,21.43,15.5625,173,77.23,12.560693641618498
Norfolk & Western Railway,org,Corporation,non-financial,railroad,NF-049,11,11,7,0.4003919483426124,0.36482084690553745,0.016896397789479375,0.0012957152253657155,0.004844650864830237,18.55432317347221,19.714285714285715,0.032389028026503335,0.018530591354193094,0.5238095238095238,11,5,12,6,11.0,0.6363636363636364,128.0,105.0,106.0,60.0,148.0,115.0,118.0,94.0,7,3.12,19.714285714285715,80,35.71,15.3875,197,87.95,11.532994923857869
North American Company,org,Corporation,non-financial,utility,NF-018,13,13,7,0.37503374693724645,0.350547730829421,0.015514053922220964,0.009125306236524819,0.017770392910527438,9.59811793822532,11.571428571428571,0.021375907463037955,0.01909023896278087,0.09523809523809523,2,5,9,5,13.0,0.5384615384615384,128.0,113.0,132.0,103.0,67.0,44.0,138.0,91.0,7,3.12,11.571428571428571,65,29.02,15.615384615384615,188,83.93,11.952127659574469
Northern Pacific Railway,org,Corporation,non-financial,railroad,NF-012,16,16,17,0.6458825210285165,0.4148148148148148,0.018105277338093154,0.004441384294205966,0.003663516976297245,21.538209911168487,21.941176470588236,0.11803197534173482,0.042716051095001685,0.3235294117647059,44,5,39,8,16.0,1.0625,39.0,56.0,35.0,31.0,104.0,123.0,19.0,40.0,17,7.59,21.941176470588236,128,57.14,14.3125,212,94.64,10.891509433962264
Northern Trust Company,org,Corporation,financial,bank,F-038,9,9,11,0.687980469187563,0.3584,0.016679688808918108,0.0024825914002215947,0.0011811338885329916,15.129734711882158,16.272727272727273,0.04753788233752117,0.037981821305581774,0.5272727272727272,29,5,23,8,9.0,1.2222222222222223,84.0,50.0,120.0,71.0,136.0,146.0,85.0,47.0,11,4.91,16.272727272727273,75,33.48,15.52,188,83.93,11.904255319148936
Northwestern Mutual Life Insurance Company,org,Corporation,financial,insurance,F-011,35,35,6,0.1927028492556443,0.3409436834094368,0.01150398035519273,0.0034194684099784936,0.0018417680973734783,9.256169468199133,11.166666666666666,0.015233235853573673,0.002512611679257404,0.2,3,6,9,5,35.0,0.17142857142857143,144.0,167.0,146.0,202.0,122.0,137.0,155.0,180.0,6,2.68,11.166666666666666,55,24.55,15.672727272727272,182,81.25,12.159340659340659
Pacific Gas & Electric Company,org,Corporation,non-financial,utility,NF-032,13,13,4,0.1447773279352227,0.28,0.011569737119290413,0.0024704487205560806,0.004784593209481102,4.5665548098433995,4.75,0.0020580933451489532,0.00091866411110163,0.0,0,5,4,3,13.0,0.3076923076923077,164.0,178.0,207.0,200.0,137.0,116.0,208.0,204.0,4,1.79,4.75,18,8.04,9.5,96,42.86,13.958333333333334
Pacific Lighting Corporation,org,Corporation,non-financial,utility,NF-092,13,13,3,0.10702702702702704,0.28211586901763225,0.010376182954340162,0.0010850960031073195,0.00048046124279308133,6.383838383838383,6.666666666666667,0.0020322907326407306,0.0002468881494036628,0.0,0,5,4,3,13.0,0.23076923076923078,180.0,186.0,206.0,212.0,151.0,166.0,210.0,217.0,3,1.34,6.666666666666667,19,8.48,10.421052631578947,99,44.2,13.969696969696969
Pacific Mutual Life Insurance Company,org,Corporation,financial,insurance,F-048,26,26,7,0.29726353429360947,0.321377331420373,0.011632496209052576,0.012605529049659406,0.004384208840486867,7.718097036676159,8.857142857142858,0.01247703893764708,0.0019802985829979395,0.42857142857142855,9,5,6,4,26.0,0.2692307692307692,128.0,130.0,173.0,198.0,50.0,118.0,166.0,189.0,7,3.12,8.857142857142858,43,19.2,15.116279069767442,158,70.54,12.569620253164556
Paramount Pictures,org,Corporation,non-financial,industrial,NF-141,17,17,10,0.3446698613756003,0.3855421686746988,0.014288754622533898,0.0039971698121019986,0.0007006726457399103,16.648852450972925,17.8,0.041983534761687195,0.008224285110217973,0.3111111111111111,14,5,25,8,17.0,0.5882352941176471,94.0,117.0,73.0,137.0,111.0,159.0,95.0,136.0,10,4.46,17.8,103,45.98,15.21359223300971,204,91.07,11.303921568627452
Penn Mutual Life Insurance Company,org,Corporation,financial,insurance,F-021,26,26,13,0.5801075827922058,0.3929824561403509,0.016677900709859916,0.0066703721970102214,0.005625400384368994,14.30698992588336,16.615384615384617,0.05566684649714277,0.051392467011283464,0.28205128205128205,22,5,21,8,26.0,0.5,68.0,71.0,64.0,72.0,85.0,109.0,75.0,30.0,13,5.8,16.615384615384617,106,47.32,14.773584905660377,208,92.86,11.08173076923077
Pennsylvania Company for Insurances on Lives & Granting Annuities,org,Corporation,financial,insurance,F-047,18,18,7,0.30946267900732893,0.3227665706051873,0.014439753391203042,0.0006287420860710859,0.0010009609224855861,10.669993157718299,11.0,0.0176545658695899,0.036772781151548035,0.47619047619047616,10,6,11,6,18.0,0.3888888888888889,128.0,124.0,170.0,134.0,166.0,151.0,151.0,50.0,7,3.12,11.0,42,18.75,16.19047619047619,161,71.88,12.894409937888199
Pennsylvania Railroad,org,Corporation,non-financial,railroad,NF-002,17,17,30,1.2727528796531893,0.4383561643835616,0.01959597577338425,0.0442088571739481,0.05155949711723254,14.994671287723925,15.866666666666667,0.127296904025833,0.06271997368060053,0.167816091954023,73,5,34,8,17.0,1.7647058823529411,8.0,9.0,12.0,11.0,5.0,9.0,15.0,20.0,30,13.39,15.866666666666667,146,65.18,13.17123287671233,210,93.75,10.923809523809524
People's Gas Light & Coke Company,org,Corporation,non-financial,utility,NF-087,8,8,17,1.17340456578813,0.3950617283950617,0.019524525506090518,0.007752422372070765,0.05600042707666025,17.321709143595683,17.470588235294116,0.0778770079083806,0.06659000164266864,0.4632352941176471,63,5,26,8,8.0,2.125,39.0,12.0,58.0,13.0,79.0,7.0,50.0,19.0,17,7.59,17.470588235294116,109,48.66,14.495412844036696,204,91.07,11.264705882352942
Phelps Dodge Corporation,org,Corporation,non-financial,industrial,NF-098,20,20,8,0.27529418826232965,0.3607085346215781,0.015381652343919883,0.010313994254974646,0.008928571428571428,15.600509608896154,14.875,0.03668158541563579,0.014330388184122314,0.21428571428571427,6,5,16,7,20.0,0.4,115.0,139.0,115.0,109.0,61.0,76.0,109.0,108.0,8,3.57,14.875,73,32.59,16.246575342465754,195,87.05,11.661538461538461
Philadelphia & Reading Coal & Iron Corporation,org,Corporation,non-financial,industrial,NF-162,6,6,6,0.2923252129134482,0.338368580060423,0.015208479526792433,0.009447079774983566,0.008928571428571428,13.054168501643009,14.166666666666666,0.019708876514611933,0.01189715948032674,0.3333333333333333,5,5,6,4,6.0,1.0,144.0,133.0,151.0,112.0,65.0,76.0,145.0,118.0,6,2.68,14.166666666666666,58,25.89,15.620689655172415,177,79.02,12.23728813559322
Philadelphia National Bank,org,Corporation,financial,bank,F-030,22,22,19,0.9182432425422105,0.4021543985637343,0.016815519140887643,0.026569027022310367,0.028887732222934014,10.819951686302488,11.578947368421053,0.0513266936017869,0.07086567995839373,0.18128654970760233,31,5,22,8,22.0,0.8636363636363636,31.0,27.0,47.0,66.0,17.0,24.0,79.0,18.0,19,8.48,11.578947368421053,113,50.45,14.300884955752212,208,92.86,11.052884615384615
Philadelphia Rapid Transit Company,org,Corporation,non-financial,utility,NF-186,11,11,2,0.06971153846153846,0.30229419703103916,0.011475219859936632,0.0,0.0,12.379310344827587,13.0,0.0039020867219514525,0.002722366855001849,1.0,1,5,2,2,11.0,0.18181818181818182,190.0,201.0,190.0,203.0,193.0,178.0,202.0,178.0,2,0.89,13.0,24,10.71,12.666666666666666,139,62.05,13.553956834532373
Phillips Petroleum Company,org,Corporation,non-financial,industrial,NF-107,14,14,8,0.30324782081361035,0.37271214642262895,0.015030770902165785,0.00446973624355013,0.018097373478539396,15.654259485003065,16.5,0.036617488495570664,0.00973710012981833,0.39285714285714285,11,5,12,6,14.0,0.5714285714285714,115.0,125.0,93.0,120.0,103.0,42.0,110.0,129.0,8,3.57,16.5,88,39.29,15.329545454545455,201,89.73,11.417910447761194
Pittsburgh Coal Company,org,Corporation,non-financial,industrial,NF-124,14,14,5,0.24937469937469936,0.3279648609077599,0.015042348029594558,0.00023081331596972306,0.0,16.108592921207446,16.8,0.018953955110668778,0.014984879913797397,0.8,8,6,8,5,14.0,0.35714285714285715,156.0,146.0,161.0,119.0,182.0,178.0,147.0,105.0,5,2.23,16.8,50,22.32,17.2,166,74.11,12.939759036144578
Pittsburgh Plate Glass Company,org,Corporation,non-financial,industrial,NF-149,11,11,8,0.3831364795566334,0.34782608695652173,0.015834597251575502,3.0153857723910706e-05,0.0,16.777873001683158,17.75,0.031999032232216985,0.02124004327414297,0.9285714285714286,26,6,21,8,11.0,0.7272727272727273,115.0,111.0,139.0,93.0,192.0,178.0,119.0,77.0,8,3.57,17.75,66,29.46,15.636363636363637,184,82.14,12.03804347826087
Provident Mutual Life Insurance Company,org,Corporation,financial,insurance,F-040,15,15,4,0.24193172418978873,0.3186344238975818,0.014804751185247027,0.0002761183279577073,0.0,16.03123591664206,15.75,0.012226226140651683,0.018296703773059145,0.6666666666666666,4,6,5,4,15.0,0.26666666666666666,164.0,148.0,177.0,126.0,181.0,178.0,170.0,96.0,4,1.79,15.75,44,19.64,14.5,157,70.09,12.97452229299363
Prudential Insurance Company,org,Corporation,financial,insurance,F-002,19,19,15,0.5549344807146656,0.40875912408759124,0.01682473536540417,0.00438344754599786,0.006245996156310057,20.793940610669182,20.8,0.10050235926736398,0.03396311431521758,0.3523809523809524,37,4,37,8,19.0,0.7894736842105263,51.0,80.0,41.0,65.0,106.0,103.0,32.0,54.0,15,6.7,20.8,123,54.91,14.560975609756097,210,93.75,10.980952380952381
Public Service Company of Northern Illinois,org,Corporation,non-financial,utility,NF-083,8,8,9,0.6108336069074609,0.358974358974359,0.01701655695798659,0.000842544088149654,0.003463324791800128,16.228986171591913,18.0,0.041584590775038566,0.0300602380662891,0.5833333333333334,21,5,22,8,8.0,1.125,105.0,65.0,119.0,55.0,158.0,125.0,97.0,59.0,9,4.02,18.0,74,33.04,15.567567567567568,191,85.27,11.806282722513089
Public Service Corporation of New Jersey,org,Corporation,non-financial,utility,NF-025,12,12,5,0.2822727107624132,0.352755905511811,0.017129707946821907,0.00011960659701101073,0.0008808456117873158,17.559658999517453,22.0,0.03130204595952618,0.017384809621484434,0.5,5,5,8,5,12.0,0.4166666666666667,156.0,135.0,128.0,49.0,186.0,154.0,120.0,100.0,5,2.23,22.0,76,33.93,15.921052631578947,185,82.59,11.978378378378379
Pullman Inc.,org,Corporation,non-financial,industrial,NF-077,14,14,35,1.924539619273633,0.4497991967871486,0.021836437931062488,0.046486289469513185,0.12386224108477471,17.050301851938375,17.114285714285714,0.17643413120635162,0.12296881293937786,0.20504201680672268,122,5,39,8,14.0,2.5,4.0,1.0,7.0,3.0,4.0,2.0,5.0,8.0,35,15.62,17.114285714285714,151,67.41,13.311258278145695,213,95.09,10.751173708920188
Pure Oil Company,org,Corporation,non-financial,industrial,NF-118,11,11,2,0.08333333333333333,0.3159379407616361,0.013270613884379782,6.749712463345753e-05,0.0,19.5,19.5,0.012166420885177642,0.006506562115241178,0.0,0,5,2,2,11.0,0.18181818181818182,190.0,192.0,179.0,163.0,188.0,178.0,171.0,144.0,2,0.89,19.5,37,16.52,18.675675675675677,154,68.75,13.311688311688311
R. H. Macy & Company,org,Corporation,non-financial,industrial,NF-166,12,12,5,0.19384635832004254,0.34890965732087226,0.014378914948526335,0.0008390068391655428,0.0007807495195387571,16.61570106273569,17.2,0.022161952925024608,0.005121099774735006,0.3,3,5,8,5,12.0,0.4166666666666667,156.0,165.0,136.0,135.0,159.0,156.0,136.0,160.0,5,2.23,17.2,66,29.46,16.5,186,83.04,12.053763440860216
Radio Corporation of America,org,Corporation,non-financial,industrial,NF-154,12,12,13,0.5021843295756339,0.4007155635062612,0.0169715092232071,0.0034533516593190333,0.006866591928251121,20.67701460522594,21.23076923076923,0.08485965399226297,0.05192568392959679,0.41025641025641024,32,5,34,8,12.0,1.0833333333333333,68.0,87.0,49.0,57.0,121.0,98.0,43.0,29.0,13,5.8,21.23076923076923,112,50.0,14.544642857142858,213,95.09,10.854460093896714
Reading Company,org,Corporation,non-financial,railroad,NF-045,8,8,10,0.45421575918167484,0.3882149046793761,0.016837258447621954,0.003608858800790189,0.0024423446508648303,19.836773877206475,22.0,0.0655219691263493,0.030284290842828163,0.26666666666666666,12,5,21,8,8.0,1.25,94.0,95.0,70.0,64.0,119.0,131.0,61.0,58.0,10,4.46,22.0,106,47.32,15.641509433962264,204,91.07,11.269607843137255
Republic Steel Corporation,org,Corporation,non-financial,industrial,NF-072,15,15,8,0.2698856469017759,0.34728682170542635,0.013604653409859504,0.012154212715844841,0.009288917360666239,10.176130955594523,10.25,0.0135075120812456,0.0029947898199382027,0.17857142857142858,5,5,12,6,15.0,0.5333333333333333,115.0,140.0,140.0,153.0,51.0,74.0,163.0,174.0,8,3.57,10.25,62,27.68,13.290322580645162,186,83.04,11.951612903225806
Rockefeller Foundation,org,Policy-Planning Group,,,Foundations-002,28,28,17,0.4282455116585737,0.42344045368620037,0.015832645170866518,0.01713512103477765,0.0013813260730301089,19.853286745776018,19.647058823529413,0.1017201107129697,0.021139873770856837,0.22794117647058823,31,4,36,8,,0.6071428571428571,39.0,100.0,28.0,94.0,36.0,143.0,30.0,79.0,17,7.59,19.647058823529413,137,61.16,13.861313868613138,213,95.09,10.87793427230047
"Sears, Roebuck & Company",org,Corporation,non-financial,industrial,NF-081,13,13,8,0.3179477443437399,0.345679012345679,0.014224806009221795,0.0008342718264248994,0.0008007687379884688,14.119566771060821,13.0,0.019839019556642093,0.004103663669132025,0.6785714285714286,19,5,13,6,13.0,0.6153846153846154,115.0,120.0,141.0,142.0,160.0,155.0,143.0,167.0,8,3.57,13.0,57,25.45,15.280701754385966,185,82.59,12.021621621621621
Security-First National Bank,org,Corporation,financial,bank,F-022,25,25,5,0.1669595151738009,0.3181818181818182,0.010910826722433112,0.0005298819634081483,0.0,9.917478147883196,11.4,0.01229702323450967,0.0017417973215278484,0.8,8,5,6,4,25.0,0.2,156.0,173.0,178.0,209.0,170.0,178.0,167.0,193.0,5,2.23,11.4,40,17.86,16.05,156,69.64,12.66025641025641
Shell Union Oil Corporation,org,Corporation,non-financial,industrial,NF-061,12,12,6,0.2332512315270936,0.3483670295489891,0.014122936802259671,0.0017445344998533886,0.004063901345291479,13.632523759239705,14.5,0.022376523836451834,0.0055040234506256005,0.4,6,5,8,5,12.0,0.5,144.0,154.0,138.0,145.0,143.0,121.0,135.0,154.0,6,2.68,14.5,61,27.23,16.508196721311474,190,84.82,11.910526315789474
Socony-Vacuum Oil Company,org,Corporation,non-financial,industrial,NF-021,9,9,2,0.059714795008912656,0.3227665706051873,0.01183258145804712,6.275873290560331e-05,0.0,22.686567164179106,22.5,0.012227066286151762,0.0018568022083111655,0.0,0,5,2,2,9.0,0.2222222222222222,190.0,205.0,170.0,196.0,189.0,178.0,169.0,190.0,2,0.89,22.5,42,18.75,16.857142857142858,165,73.66,12.715151515151515
Southern California Edison Company,org,Corporation,non-financial,utility,NF-060,13,13,7,0.3422023809523809,0.32989690721649484,0.012691769425300817,0.00571545252670595,0.016415759128763613,8.627123557720184,10.0,0.014691906703439865,0.0029967792932575872,0.38095238095238093,8,5,7,4,13.0,0.5384615384615384,128.0,118.0,160.0,177.0,91.0,48.0,159.0,173.0,7,3.12,10.0,50,22.32,15.68,168,75.0,12.339285714285714
Southern Pacific Company,org,Corporation,non-financial,railroad,NF-007,15,15,22,0.8665085080426953,0.4332688588007737,0.018774084977878393,0.03140294942093607,0.038456918641896216,19.122605022435135,18.818181818181817,0.1228047186158122,0.045225373167682444,0.23809523809523808,55,4,36,8,15.0,1.4666666666666666,21.0,29.0,16.0,23.0,13.0,15.0,17.0,36.0,22,9.82,18.818181818181817,141,62.95,13.453900709219859,216,96.43,10.717592592592593
Southern Railway,org,Corporation,non-financial,railroad,NF-036,11,11,9,0.3905574046953356,0.37271214642262895,0.016363395390629105,0.0018607549918503456,0.00804105274396754,17.798264402989407,18.22222222222222,0.050705833062125,0.018824561341238884,0.5277777777777778,19,4,21,8,11.0,0.8181818181818182,105.0,108.0,93.0,83.0,141.0,85.0,80.0,93.0,9,4.02,18.22222222222222,83,37.05,15.783132530120483,203,90.62,11.280788177339902
St. Louis Public Service Company,org,Corporation,non-financial,utility,NF-187,13,13,2,0.06548856548856549,0.2994652406417112,0.012111589251217348,0.0006451426551922665,0.0005605381165919282,12.873015873015872,12.0,0.004879813463404675,0.020823699268761816,0.0,0,6,2,2,13.0,0.15384615384615385,190.0,204.0,192.0,189.0,165.0,162.0,196.0,82.0,2,0.89,12.0,24,10.71,14.625,135,60.27,13.466666666666667
St. Louis-San Francisco Railway,org,Corporation,non-financial,railroad,NF-051,2,2,1,0.05555555555555555,0.266984505363528,0.011858520996708411,0.0,0.0,12.0,12.0,0.0015105209290820576,0.0004853815996007617,0.0,0,7,1,1,2.0,0.5,203.0,207.0,209.0,195.0,193.0,178.0,213.0,212.0,1,0.45,12.0,12,5.36,12.166666666666666,76,33.93,13.828947368421053
St. Regis Paper Company,org,Corporation,non-financial,industrial,NF-183,9,9,4,0.20155631013016412,0.33185185185185184,0.014577292944807424,0.0008219193591616129,0.001581518257527226,12.949178716832794,13.5,0.012291502364708485,0.006048653936725055,0.5,3,6,5,4,9.0,0.4444444444444444,164.0,160.0,157.0,129.0,161.0,140.0,168.0,148.0,4,1.79,13.5,45,20.09,16.022222222222222,177,79.02,12.350282485875706
Standard Gas & Electric Company (Delaware),org,Corporation,non-financial,utility,NF-033,14,14,2,0.07417582417582418,0.2660332541567696,0.010287953442557016,0.0008519261757762172,0.0006406149903907751,5.925925925925926,6.0,0.0008715824677892728,0.00015719105250671983,0.0,0,6,2,2,14.0,0.14285714285714285,190.0,197.0,210.0,214.0,157.0,160.0,218.0,220.0,2,0.89,6.0,12,5.36,9.083333333333334,74,33.04,12.81081081081081
Standard Oil Company (California),org,Corporation,non-financial,industrial,NF-040,10,10,1,0.030303030303030304,0.24216216216216216,0.009043246963980713,0.0,0.0,7.0,7.0,0.0006341925549551349,8.160148399702912e-05,0.0,0,6,1,1,10.0,0.1,203.0,218.0,222.0,222.0,193.0,178.0,220.0,223.0,1,0.45,7.0,7,3.12,8.285714285714286,36,16.07,15.277777777777779
Standard Oil Company (Indiana),org,Corporation,non-financial,industrial,NF-026,11,11,1,0.029411764705882353,0.2782608695652174,0.010296243545558742,0.0,0.0,18.0,18.0,0.0032274265282116943,0.000633225867399556,0.0,0,5,1,1,11.0,0.09090909090909091,203.0,220.0,208.0,213.0,193.0,178.0,206.0,209.0,1,0.45,18.0,18,8.04,13.555555555555555,93,41.52,15.387096774193548
Stone & Webster,org,Corporation,non-financial,utility,NF-057,14,14,23,0.9190602769811763,0.41100917431192663,0.01917282936181868,0.014223855910398658,0.021780909673286355,17.473553503510335,17.043478260869566,0.1112644936478196,0.03704657556830522,0.28063241106719367,71,5,34,8,14.0,1.6428571428571428,14.0,26.0,40.0,16.0,43.0,36.0,24.0,48.0,23,10.27,17.043478260869566,121,54.02,14.330578512396695,208,92.86,11.01923076923077
Sun Oil Company,org,Corporation,non-financial,industrial,NF-152,7,7,2,0.08116883116883117,0.29747675962815406,0.011766318914381532,0.0005101859236113834,0.0011210762331838565,11.16,12.0,0.0038894451889391465,0.0030977033238992935,0.0,0,6,2,2,7.0,0.2857142857142857,190.0,194.0,197.0,197.0,171.0,148.0,203.0,171.0,2,0.89,12.0,24,10.71,12.791666666666666,130,58.04,14.1
Swift & Company,org,Corporation,non-financial,industrial,NF-067,9,9,4,0.1717948717948718,0.32,0.012271447870412048,0.0013138556248199831,0.001521460602178091,8.15174129353234,9.5,0.009732232483666921,0.0017385234069243025,0.16666666666666666,1,5,4,3,9.0,0.4444444444444444,164.0,172.0,175.0,183.0,147.0,142.0,180.0,195.0,4,1.79,9.5,36,16.07,17.22222222222222,164,73.21,12.853658536585366
Terminal Railroad Association of St. Louis,org,Corporation,non-financial,railroad,NF-179,17,17,12,0.4871923783986206,0.36363636363636365,0.015058448177500407,0.017970998127991862,0.013072549647661755,9.762446286154816,11.25,0.026975753903372958,0.007908845749015367,0.21212121212121213,14,6,16,7,17.0,0.7058823529411765,72.0,91.0,107.0,118.0,35.0,57.0,126.0,138.0,12,5.36,11.25,76,33.93,13.68421052631579,197,87.95,11.461928934010153
Texas Corporation,org,Corporation,non-financial,industrial,NF-048,15,15,11,0.45873134820108696,0.36721311475409835,0.01517860268765169,0.0070724702276218545,0.007667360666239589,13.440405003337457,14.0,0.035001034415499836,0.010547138760903805,0.2545454545454545,14,5,21,8,15.0,0.7333333333333333,84.0,93.0,103.0,114.0,83.0,87.0,114.0,122.0,11,4.91,14.0,86,38.39,15.19767441860465,193,86.16,11.7720207253886
Third Avenue Railway,org,Corporation,non-financial,railroad,NF-151,13,13,10,0.45705567580567574,0.36012861736334406,0.014348461073199663,0.00539165138791026,0.0005605381165919282,15.362719110731081,17.1,0.04227892381641783,0.009668586341114092,0.6666666666666666,30,5,22,8,13.0,0.7692307692307693,94.0,94.0,117.0,136.0,93.0,162.0,94.0,130.0,10,4.46,17.1,76,33.93,15.236842105263158,190,84.82,11.805263157894737
Tide Water Associated Oil Company,org,Corporation,non-financial,industrial,NF-101,12,12,7,0.32116479925303454,0.38030560271646857,0.01600901732404375,0.008609987121547652,0.036535073670723894,17.480514147412183,19.714285714285715,0.038045567477445405,0.013740864931456093,0.2857142857142857,6,5,8,5,12.0,0.5833333333333334,128.0,119.0,80.0,89.0,73.0,16.0,105.0,110.0,7,3.12,19.714285714285715,95,42.41,15.821052631578947,206,91.96,11.174757281553399
Travelers Insurance Company,org,Corporation,financial,insurance,F-015,15,15,9,0.2549693762155062,0.37333333333333335,0.013206529314831279,0.0032144723947998667,0.004604420243433696,17.314001944446897,17.555555555555557,0.041797779197376844,0.01126509022389753,0.3333333333333333,12,5,20,7,15.0,0.6,105.0,144.0,91.0,164.0,126.0,117.0,96.0,119.0,9,4.02,17.555555555555557,87,38.84,15.402298850574713,201,89.73,11.417910447761194
Union Carbide & Carbon Corporation,org,Corporation,non-financial,industrial,NF-075,8,8,14,0.6943863348454571,0.3848797250859107,0.01650220459139463,0.004415578127792992,0.015274663677130044,16.553062481662106,16.714285714285715,0.05960834810800736,0.016410437299474157,0.45054945054945056,41,5,26,8,8.0,1.75,56.0,48.0,74.0,77.0,105.0,53.0,68.0,103.0,14,6.25,16.714285714285715,102,45.54,14.77450980392157,199,88.84,11.452261306532664
Union Oil Company of California,org,Corporation,non-financial,industrial,NF-121,13,13,4,0.12459281650071125,0.3159379407616361,0.01227118216953405,0.0,0.0,12.836580040244893,12.75,0.011696457295431886,0.00209802121398464,1.0,6,5,5,4,13.0,0.3076923076923077,164.0,182.0,179.0,184.0,193.0,178.0,172.0,186.0,4,1.79,12.75,37,16.52,16.56756756756757,155,69.2,12.735483870967743
Union Pacific Railroad,org,Corporation,non-financial,railroad,NF-017,15,15,19,0.781706093444455,0.43159922928709055,0.018140893890232553,0.011450405945087921,0.011891415759128762,21.111365801188096,21.36842105263158,0.11719361701587211,0.04065535534776368,0.28654970760233917,49,5,35,8,15.0,1.2666666666666666,31.0,36.0,20.0,29.0,57.0,61.0,20.0,45.0,19,8.48,21.36842105263158,145,64.73,13.26896551724138,214,95.54,10.80373831775701
Union Trust Company of Pittsburgh,org,Corporation,financial,bank,F-036,15,15,13,1.0810511336525623,0.36245954692556637,0.017948995008560155,0.004763672401814834,0.006245996156310057,13.243121759308014,13.307692307692308,0.03810358627221636,0.04919935372968543,0.46153846153846156,36,6,22,8,15.0,0.8666666666666667,68.0,18.0,109.0,37.0,97.0,103.0,104.0,34.0,13,5.8,13.307692307692308,80,35.71,15.1875,191,85.27,11.774869109947645
United Fruit Company,org,Corporation,non-financial,industrial,NF-100,16,16,20,0.8301146856841687,0.3950617283950617,0.016950133607108918,0.010292859482667433,0.015554932735426009,14.884014899257762,15.35,0.0841684232843949,0.040967731695866136,0.2894736842105263,55,5,26,8,16.0,1.25,28.0,31.0,58.0,58.0,62.0,51.0,45.0,43.0,20,8.93,15.35,105,46.88,15.285714285714286,205,91.52,11.22439024390244
United Gas Improvement Company,org,Corporation,non-financial,utility,NF-019,14,14,12,0.8215609189147187,0.3848797250859107,0.01947665706051874,0.007659011822566934,0.05311432308349348,16.301121187476504,15.916666666666666,0.04751109307179209,0.059328532678795155,0.24242424242424243,16,5,16,7,14.0,0.8571428571428571,72.0,33.0,74.0,14.0,80.0,8.0,86.0,22.0,12,5.36,15.916666666666666,103,45.98,14.533980582524272,201,89.73,11.388059701492537
United Light & Power Company,org,Corporation,non-financial,utility,NF-043,18,18,10,0.4408375430093615,0.36012861736334406,0.01645604802619254,0.014412943492394996,0.01858450779414905,10.64835592141712,10.1,0.019822307343202283,0.009223827139782313,0.15555555555555556,7,6,13,6,18.0,0.5555555555555556,94.0,98.0,117.0,78.0,42.0,41.0,144.0,132.0,10,4.46,10.1,74,33.04,14.972972972972974,195,87.05,11.656410256410256
United Shoe Machinery Corporation,org,Corporation,non-financial,industrial,NF-157,20,20,9,0.5790391366882042,0.3373493975903614,0.016441309348967453,0.0005575625972602639,0.0,14.130263984304241,14.88888888888889,0.03593377138302424,0.017630239855992085,0.5555555555555556,20,5,21,8,20.0,0.45,105.0,73.0,153.0,80.0,168.0,178.0,112.0,99.0,9,4.02,14.88888888888889,55,24.55,16.6,174,77.68,12.35632183908046
United States Rubber Company,org,Corporation,non-financial,industrial,NF-116,5,5,3,0.12286324786324784,0.32558139534883723,0.013431877551760485,0.0,0.0,17.834782608695658,16.333333333333332,0.012921880901447122,0.0027595093528137806,1.0,3,5,4,3,5.0,0.6,180.0,183.0,167.0,158.0,193.0,178.0,165.0,177.0,3,1.34,16.333333333333332,40,17.86,17.725,170,75.89,12.823529411764707
"United States Smelting, Refining & Mining Company",org,Corporation,non-financial,industrial,NF-185,19,19,11,0.7772623802402547,0.36902800658978585,0.01707536154918251,0.0009823294783207492,0.0035634208840486866,15.036659163430707,18.363636363636363,0.05656379167470453,0.025435851740130144,0.6545454545454545,36,5,23,8,19.0,0.5789473684210527,84.0,37.0,99.0,52.0,153.0,124.0,73.0,69.0,11,4.91,18.363636363636363,85,37.95,15.741176470588234,195,87.05,11.671794871794871
United States Steel Corporation,org,Corporation,non-financial,industrial,NF-005,16,16,19,1.1376979043560083,0.4148148148148148,0.021493241097599144,0.00606497455420394,0.025451099722400172,25.22212617930158,22.526315789473685,0.13518210906610412,0.11138468274977786,0.4093567251461988,70,5,40,8,16.0,1.1875,31.0,15.0,35.0,4.0,90.0,28.0,12.0,11.0,19,8.48,22.526315789473685,128,57.14,14.3671875,210,93.75,10.966666666666667
Virginian Railway,org,Corporation,non-financial,railroad,NF-120,10,10,9,0.503068358656594,0.353870458135861,0.014537955283397202,0.0038438657417865377,0.008928571428571428,13.057381504835924,16.77777777777778,0.03761621537354632,0.009077708752247298,0.8055555555555556,29,5,21,8,10.0,0.9,105.0,86.0,126.0,130.0,115.0,76.0,108.0,133.0,9,4.02,16.77777777777778,70,31.25,15.614285714285714,186,83.04,11.96236559139785
Wabash Railway,org,Corporation,non-financial,railroad,NF-069,15,15,16,0.5622730581668919,0.3936731107205624,0.015527253933093125,0.006510183109527835,0.0040705744181080495,16.522752409324895,17.6875,0.07402040266954771,0.01837716024715187,0.4,48,5,27,8,15.0,1.0666666666666667,47.0,78.0,63.0,102.0,88.0,120.0,54.0,95.0,16,7.14,17.6875,110,49.11,14.409090909090908,202,90.18,11.287128712871286
Warner Brothers Pictures,org,Corporation,non-financial,industrial,NF-111,11,11,1,0.03571428571428571,0.3027027027027027,0.011116369530861236,0.0,0.0,22.0,22.0,0.005048531256284554,0.000833520471717334,0.0,0,6,1,1,11.0,0.09090909090909091,203.0,215.0,188.0,208.0,193.0,178.0,194.0,205.0,1,0.45,22.0,22,9.82,17.227272727272727,144,64.29,13.54861111111111
Wells Fargo Bank & Union Trust Company,org,Corporation,financial,bank,F-045,25,25,1,0.02631578947368421,0.20494053064958828,0.00666887686629136,0.0,0.0,3.0,3.0,7.485819474943668e-05,3.7499494960884195e-06,0.0,0,7,1,1,25.0,0.04,203.0,223.0,225.0,225.0,193.0,178.0,225.0,225.0,1,0.45,3.0,3,1.34,5.666666666666667,11,4.91,9.0
Western Pacific Railroad Corporation,org,Corporation,non-financial,railroad,NF-090,12,12,12,0.6699240208223264,0.37966101694915255,0.017152452264659713,0.011986682445648694,0.03538063207345718,10.16497364725574,12.583333333333334,0.038270753059430014,0.013410545094087796,0.15151515151515152,10,5,17,7,12.0,1.0,72.0,54.0,81.0,48.0,53.0,18.0,103.0,113.0,12,5.36,12.583333333333334,92,41.07,14.75,203,90.62,11.236453201970443
Western Union Telegraph Company,org,Corporation,non-financial,utility,NF-062,21,21,35,1.3381685311984286,0.469601677148847,0.019563306573108827,0.04258003024202713,0.03255124919923126,18.712876829110275,17.685714285714287,0.17399914350734108,0.05432700271207204,0.2,119,4,35,8,21.0,1.6666666666666667,4.0,7.0,3.0,12.0,7.0,19.0,6.0,26.0,35,15.62,17.685714285714287,164,73.21,12.695121951219512,220,98.21,10.486363636363636
Westinghouse Electric & Manufacturing Company,org,Corporation,non-financial,industrial,NF-091,16,16,17,0.6326823778121009,0.4014336917562724,0.0166797487593502,0.012992612058332341,0.0061258808456117865,14.610982666362274,14.647058823529411,0.06501488214490529,0.0254654480302499,0.19117647058823528,26,5,23,8,16.0,1.0625,39.0,59.0,48.0,70.0,46.0,106.0,62.0,68.0,17,7.59,14.647058823529411,118,52.68,14.23728813559322,205,91.52,11.195121951219512
Wheeling Steel Corporation,org,Corporation,non-financial,industrial,NF-146,19,19,1,0.07692307692307693,0.2448087431693989,0.012614061863338808,0.0,0.0,4.0,4.0,0.0008326368444613779,0.0005471764833233718,0.0,0,6,1,1,19.0,0.05263157894736842,203.0,196.0,220.0,180.0,193.0,178.0,219.0,210.0,1,0.45,4.0,4,1.79,13.75,39,17.41,17.256410256410255
Wilson & Company,org,Corporation,non-financial,industrial,NF-176,12,12,12,0.4879259456075801,0.39436619718309857,0.016270184679047773,0.012919254846392236,0.007840860559470423,14.94776435536322,15.416666666666666,0.039486344245747276,0.012643221384229056,0.24242424242424243,16,4,21,8,12.0,1.0,72.0,90.0,62.0,84.0,48.0,86.0,101.0,115.0,12,5.36,15.416666666666666,108,48.21,13.787037037037036,208,92.86,11.067307692307692
Wisconsin Bankshares Corporation,org,Corporation,financial,bank,F-042,29,29,5,0.20724336845588623,0.30982019363762103,0.011557449911574699,0.0013924654253705798,0.0011811338885329916,6.742604978280355,7.4,0.005063743531658373,0.0011583313541246793,0.1,1,5,8,5,29.0,0.1724137931034483,156.0,159.0,185.0,201.0,146.0,146.0,193.0,203.0,5,2.23,7.4,31,13.84,12.35483870967742,148,66.07,13.324324324324325
Youngstown Sheet & Tube Company,org,Corporation,non-financial,industrial,NF-089,11,11,1,0.04,0.2390608324439701,0.011307169079315465,0.0,0.0,6.0,6.0,0.00042690776344749427,0.00019613279207081842,0.0,0,7,1,1,11.0,0.09090909090909091,203.0,211.0,223.0,206.0,193.0,178.0,224.0,219.0,1,0.45,6.0,6,2.68,9.0,37,16.52,12.72972972972973
