node_type,org_cat,corp_cat,corp_sub,revenue_or_assets_$M,fortune_500_rank,Unnamed: 7,bipartite_degree,corp_bipartite_degree,degree,degree_w,closeness,closeness_w,betweenness,betweenness_w,average_neighbour_degree_w,average_neighbour_degree,EVC,EVC_w,clustering_co_eff,triangles,eccentricity,onion_layer,core_no,bipartite_degree/degree,degree_ranked,degree_w_ranked,closeness_ranked,closeness_w_ranked,betweenness_ranked,betweenness_w_ranked,EVC_ranked,EVC_w_ranked,no. 1 step nodes (degree),1 step % reached,1 step nodes average degree,no. 2 step nodes,2 step % reached,2 step nodes average degree,no. 3 step nodes,3 step % reached,3 step nodes average degree
org,Corporation,non-financial,industrial,"23,123",106.0,,10,10.0,13,0.6926900140286868,0.3445121951219512,0.01665009024938299,0.025366370977224603,0.053549655850540806,10.500269615878711,10.23076923076923,0.13874331209575724,0.19606422781531405,0.21794871794871795,17,7,19,5,1.3,10.0,5.0,19.0,5.0,26.0,8.0,12.0,4.0,13,5.75,10.23076923076923,76,33.63,8.513157894736842,173,76.55,6.485549132947977
org,Corporation,non-financial,utility,"14,690",156.0,,11,11.0,6,0.25559947299077734,0.30581867388362655,0.013511359107214028,0.013234159418084547,0.012940019665683382,9.556701030927835,9.5,0.0459487238862761,0.037758899099100844,0.2,3,7,12,4,0.5454545454545454,78.0,95.0,80.0,80.0,80.0,84.0,74.0,77.0,6,2.65,9.5,47,20.8,8.425531914893616,143,63.27,6.909090909090909
org,Corporation,non-financial,transportation,"19,917",120.0,,12,12.0,12,0.5070456717195848,0.33681073025335323,0.014394140438405605,0.028977574696879504,0.026224188790560477,7.431689290503484,8.0,0.07764415926787092,0.05322135137175296,0.12121212121212122,8,7,17,5,1.0,15.0,16.0,25.0,36.0,20.0,30.0,37.0,43.0,12,5.31,8.0,68,30.09,8.073529411764707,170,75.22,6.594117647058823
org,Corporation,non-financial,media/communications,"123,018",7.0,,13,13.0,9,0.37488592727723163,0.32471264367816094,0.014302741358760428,0.02437569753887714,0.021615863651261877,7.26368632118085,7.222222222222222,0.03710017395694303,0.030020629417677643,0.027777777777777776,1,6,16,5,0.6923076923076923,35.0,45.0,42.0,42.0,30.0,39.0,88.0,91.0,9,3.98,7.222222222222222,56,24.78,7.303571428571429,159,70.35,6.773584905660377
org,Corporation,non-financial,industrial,"30,765",75.0,,14,14.0,10,0.5115595898354519,0.34662576687116564,0.01638433097315193,0.030553455465334396,0.05500819403474271,10.801930362137625,10.7,0.08328273081618584,0.12125536088992768,0.17777777777777778,8,7,18,5,0.7142857142857143,25.0,15.0,15.0,8.0,18.0,6.0,32.0,17.0,10,4.42,10.7,77,34.07,7.779220779220779,178,78.76,6.398876404494382
org,Corporation,financial,insurance,"34,764",63.0,,15,15.0,8,0.3104539024945757,0.31966053748231965,0.01393284287534421,0.016304487503787032,0.009419862340216323,7.723147044296537,7.875,0.042770253412188874,0.05297616229512752,0.14285714285714285,4,6,14,4,0.5333333333333333,49.0,68.0,51.0,59.0,64.0,103.0,79.0,45.0,8,3.54,7.875,50,22.12,7.92,153,67.7,6.8431372549019605
org,Corporation,non-financial,mining/steel,"18,745",127.0,,12,12.0,12,0.4543771034063388,0.3413897280966767,0.014353003440063508,0.01803918874718821,0.012946574893477546,10.488936268653378,11.833333333333334,0.1786354710554837,0.16308099705195866,0.25757575757575757,17,6,19,5,1.0,15.0,28.0,20.0,38.0,59.0,83.0,9.0,7.0,12,5.31,11.833333333333334,73,32.3,8.643835616438356,170,75.22,6.605882352941176
org,Corporation,financial,insurance,"32,013",68.0,,13,13.0,13,0.528615971457051,0.34822804314329736,0.015315976732365729,0.05637342634805072,0.044126515896427396,8.27371969792478,8.307692307692308,0.08901995871454299,0.09258946299349136,0.15384615384615385,12,6,17,5,1.0,10.0,13.0,14.0,19.0,2.0,12.0,28.0,27.0,13,5.75,8.307692307692308,70,30.97,8.142857142857142,179,79.2,6.402234636871508
org,Corporation,non-financial,food/agriculture,"16,824",137.0,,10,10.0,2,0.10025062656641603,0.23395445134575568,0.010966703599763842,0.0024401102653748854,0.004660766961651917,5.05,5.0,0.003682614818868581,0.005639135695027311,0.0,0,6,3,2,0.2,177.0,180.0,200.0,183.0,155.0,139.0,199.0,179.0,2,0.88,5.0,10,4.42,6.7,42,18.58,7.190476190476191
org,Corporation,non-financial,technology,"24,509",100.0,,7,7.0,1,0.05,0.26968973747016706,0.01298763492869252,0.0,0.0,16.0,16.0,0.01878455615290452,0.041384124234191084,0.0,0,7,1,1,0.14285714285714285,203.0,206.0,144.0,104.0,199.0,197.0,131.0,67.0,1,0.44,16.0,16,7.08,11.375,91,40.27,8.274725274725276
org,Corporation,non-financial,utility,"13,489",172.0,,13,13.0,3,0.13474025974025974,0.26968973747016706,0.011916688636962826,0.00037144765962053393,0.0003736479842674533,7.148594377510039,7.333333333333333,0.026104452897726164,0.024345053270787266,0.3333333333333333,1,7,7,3,0.23076923076923078,139.0,160.0,144.0,144.0,195.0,193.0,116.0,107.0,3,1.33,7.333333333333333,19,8.41,10.789473684210526,94,41.59,8.202127659574469
org,Corporation,financial,bank,"26,730",88.0,,13,13.0,11,0.4541351563090694,0.33933933933933935,0.014680249867379749,0.02491691674223501,0.014795149131432319,9.41488202530677,9.545454545454545,0.09879425117597787,0.14724776500135972,0.2,11,6,17,5,0.8461538461538461,19.0,29.0,23.0,29.0,28.0,70.0,21.0,12.0,11,4.87,9.545454545454545,66,29.2,8.257575757575758,170,75.22,6.641176470588236
org,Corporation,financial,insurance,"103,189",16.0,,12,12.0,6,0.22556298773690078,0.3138888888888889,0.01317284994025588,0.01600234150164584,0.01012127171419207,8.975189047595512,11.0,0.06488569519874131,0.023624978670092882,0.13333333333333333,2,7,16,5,0.5,78.0,105.0,68.0,94.0,65.0,96.0,49.0,111.0,6,2.65,11.0,55,24.34,8.290909090909091,149,65.93,7.02013422818792
org,Corporation,financial,insurance,"7,946",288.0,,9,9.0,1,0.05,0.23061224489795917,0.011121317498851781,0.0,0.0,9.0,9.0,0.002991646981445396,0.004425728915666338,0.0,0,8,1,1,0.1111111111111111,203.0,206.0,203.0,178.0,199.0,197.0,203.0,191.0,1,0.44,9.0,9,3.98,6.111111111111111,41,18.14,8.21951219512195
org,Corporation,non-financial,pharmaceutical,"71,789",24.0,,9,9.0,2,0.1,0.22944162436548224,0.009045789305155299,0.0002811680835279655,0.0007079646017699115,2.5,2.5,0.004655572049774688,0.0010826173510868392,0.0,0,8,3,2,0.2222222222222222,177.0,182.0,205.0,220.0,198.0,182.0,187.0,215.0,2,0.88,2.5,5,2.21,10.0,41,18.14,8.804878048780488
org,Corporation,non-financial,industrial,"14,642",159.0,,15,15.0,8,0.33216542522389597,0.32471264367816094,0.013863613127492076,0.022282478655180914,0.021219272369714846,9.404790397425405,10.875,0.08413861295947044,0.05737281672028333,0.21428571428571427,6,7,17,5,0.5333333333333333,49.0,57.0,42.0,65.0,37.0,41.0,30.0,39.0,8,3.54,10.875,62,27.43,8.548387096774194,155,68.58,6.935483870967742
org,Corporation,financial,insurance,"7,595",298.0,,17,17.0,10,0.3959840542599163,0.3308931185944363,0.013990487294037535,0.020213964084158643,0.01504424778761062,9.404632543487347,9.3,0.0731318117974063,0.06895997973432494,0.2222222222222222,10,6,18,5,0.5882352941176471,25.0,41.0,29.0,56.0,47.0,69.0,40.0,34.0,10,4.42,9.3,63,27.88,8.333333333333334,163,72.12,6.674846625766871
org,Corporation,non-financial,technology,"36,537",56.0,,9,9.0,6,0.2838750862663906,0.2927461139896373,0.012833738725522672,0.006568985478052396,0.009872173058013765,8.111551411866243,8.5,0.044539797083193895,0.02361239321265477,0.2,3,7,16,5,0.6666666666666666,78.0,82.0,108.0,118.0,121.0,98.0,76.0,112.0,6,2.65,8.5,37,16.37,8.513513513513514,120,53.1,7.366666666666666
org,Corporation,non-financial,services,"12,298",189.0,,3,3.0,3,0.21726190476190474,0.26248548199767713,0.012864420769019133,0.00040243036334930524,0.0035004916420845623,5.821917808219179,6.0,0.012756480840678224,0.012736041462432535,0.3333333333333333,1,7,7,3,1.0,139.0,111.0,157.0,113.0,193.0,149.0,148.0,138.0,3,1.33,6.0,16,7.08,9.0625,83,36.73,8.096385542168674
org,Corporation,non-financial,food/agriculture,"69,207",27.0,,10,10.0,7,0.3236077289247299,0.31520223152022314,0.01507722072117148,0.016766312838425314,0.02473942969518191,9.662865051484406,9.285714285714286,0.061628891429544544,0.11928577558349644,0.14285714285714285,3,6,13,4,0.7,63.0,62.0,64.0,23.0,62.0,31.0,52.0,18.0,7,3.1,9.285714285714286,47,20.8,8.76595744680851,146,64.6,6.986301369863014
org,Corporation,non-financial,industrial,"14,684",157.0,,12,12.0,2,0.09,0.2404255319148936,0.01017330632455548,0.0011649860027441157,0.005113077679449361,5.111111111111111,5.5,0.006203995096899016,0.0032582843860270508,0.0,0,8,3,2,0.16666666666666666,177.0,190.0,187.0,200.0,176.0,134.0,178.0,197.0,2,0.88,5.5,11,4.87,6.909090909090909,52,23.01,8.5
org,Corporation,financial,insurance,"8,701",268.0,,12,12.0,1,0.03571428571428571,0.2361546499477534,0.009476685675947668,0.0,0.0,8.0,8.0,0.003275559546521259,0.0023397507458369033,0.0,0,7,1,1,0.08333333333333333,203.0,225.0,197.0,212.0,199.0,197.0,202.0,205.0,1,0.44,8.0,8,3.54,8.375,46,20.35,7.326086956521739
org,Corporation,non-financial,retail,"11,016",212.0,,12,12.0,3,0.14665286404416839,0.2516703786191537,0.012171805574256093,0.002094828703279163,0.0011406096361848575,5.698823529411764,6.0,0.006537434719767849,0.009357253465121215,0.3333333333333333,1,8,4,2,0.25,139.0,153.0,173.0,134.0,161.0,175.0,174.0,157.0,3,1.33,6.0,16,7.08,6.6875,70,30.97,7.557142857142857
org,Corporation,non-financial,industrial,"16,230",142.0,,9,9.0,2,0.10263157894736842,0.2582857142857143,0.011496299310730727,0.0008388547573456749,0.0016912487708947886,6.871794871794872,7.0,0.00882407302216812,0.007226006327000747,0.0,0,8,3,2,0.2222222222222222,177.0,178.0,162.0,160.0,183.0,168.0,163.0,172.0,2,0.88,7.0,14,6.19,8.642857142857142,76,33.63,8.157894736842104
org,Corporation,non-financial,consumer products,"10,383",228.0,,10,10.0,7,0.324969474969475,0.3100137174211248,0.013829819783985555,0.009193535529744216,0.017594231399541135,8.452470411422132,8.714285714285714,0.04834369047480372,0.02640067535559342,0.14285714285714285,3,6,17,5,0.7,63.0,61.0,72.0,69.0,99.0,57.0,68.0,99.0,7,3.1,8.714285714285714,46,20.35,8.347826086956522,140,61.95,7.171428571428572
org,Corporation,non-financial,retail,"10,187",232.0,,9,9.0,1,0.047619047619047616,0.22690763052208834,0.010121517929119517,0.0,0.0,7.0,7.0,0.004005406220411419,0.0041510715119066005,0.0,0,7,1,1,0.1111111111111111,203.0,211.0,206.0,203.0,199.0,197.0,193.0,194.0,1,0.44,7.0,7,3.1,6.714285714285714,34,15.04,9.382352941176471
org,Corporation,financial,bank,"150,450",5.0,,14,14.0,9,0.3453517044896355,0.3165266106442577,0.014106191744340876,0.015925066062193023,0.014782038675843987,7.764265710095907,7.666666666666667,0.058227053674304675,0.04369494282661508,0.16666666666666666,6,7,16,5,0.6428571428571429,35.0,53.0,60.0,50.0,66.0,71.0,55.0,62.0,9,3.98,7.666666666666667,50,22.12,8.02,155,68.58,6.593548387096774
org,Corporation,financial,bank,"8,345",274.0,,15,15.0,9,0.3703797576378221,0.29894179894179895,0.013213412198045274,0.027171561668115525,0.02704031465093412,5.018432712534937,5.111111111111111,0.02731790597746566,0.030559009742177564,0.027777777777777776,1,7,11,4,0.6,35.0,47.0,93.0,91.0,23.0,28.0,111.0,89.0,9,3.98,5.111111111111111,39,17.26,7.538461538461538,132,58.41,7.075757575757576
org,Corporation,non-financial,healthcare,"12,562",185.0,,13,13.0,2,0.07703703703703704,0.27001194743130225,0.011415678879310345,0.0007863059612940129,0.0004064241232382825,9.807692307692307,10.0,0.013691267171379425,0.010272621699386655,0.0,0,7,3,2,0.15384615384615385,177.0,196.0,143.0,164.0,184.0,191.0,146.0,150.0,2,0.88,10.0,19,8.41,8.0,90,39.82,8.122222222222222
org,Corporation,non-financial,holding,"112,493",11.0,,12,12.0,9,0.4809392057218144,0.2993377483443709,0.014284510365750883,0.03710733722108361,0.04760406424123238,5.320315588029257,5.222222222222222,0.029748422595166486,0.03841556220444164,0.05555555555555555,2,7,9,3,0.75,35.0,18.0,90.0,43.0,12.0,10.0,106.0,74.0,9,3.98,5.222222222222222,41,18.14,8.024390243902438,132,58.41,7.121212121212121
org,Corporation,non-financial,retail,"45,015",45.0,,12,12.0,1,0.043478260869565216,0.24171122994652405,0.010581928002309919,0.0,0.0,8.0,8.0,0.003908963428560052,0.0031293593782208678,0.0,0,8,1,1,0.08333333333333333,203.0,219.0,185.0,192.0,199.0,197.0,194.0,198.0,1,0.44,8.0,8,3.54,9.25,53,23.45,7.528301886792453
org,Corporation,non-financial,industrial,"68,281",28.0,,13,13.0,13,0.5481517165551378,0.35930047694753575,0.016056648233887104,0.02011659080286113,0.028498852835136017,11.239445429435186,12.153846153846153,0.19714986682097435,0.17951552718622188,0.24358974358974358,19,6,20,5,1.0,10.0,12.0,7.0,10.0,49.0,27.0,5.0,5.0,13,5.75,12.153846153846153,85,37.61,8.2,183,80.97,6.39344262295082
org,Policy-Planning Group,,,,,,49,,29,0.5141743365101841,0.39718804920913886,0.012310373941226138,0.11582041257481937,0.0002359882005899705,9.650345457358144,9.137931034482758,0.3339600653862906,0.10257676822436318,0.10591133004926108,43,6,21,6,0.5918367346938775,1.0,14.0,1.0,129.0,1.0,194.0,1.0,24.0,29,12.83,9.137931034482758,117,51.77,7.52991452991453,196,86.73,6.035714285714286
org,Corporation,non-financial,transportation,"14,016",167.0,acquired by Berkshire Hathaway in 2009,11,11.0,10,0.460691996790395,0.32706222865412443,0.015087285957475216,0.03186909856128108,0.038279252704031465,7.401996216574498,7.5,0.04667846730888959,0.05100133643282778,0.06666666666666667,3,7,16,5,0.9090909090909091,25.0,24.0,35.0,22.0,17.0,17.0,71.0,49.0,10,4.42,7.5,62,27.43,7.725806451612903,161,71.24,6.739130434782608
org,Policy-Planning Group,,,,,,14,,16,0.8445620432651917,0.36867862969004894,0.01751779554820622,0.05236987106432656,0.0765453949524746,11.179481241873143,10.4375,0.18679998172339857,0.3592740270957405,0.15833333333333333,19,6,18,5,1.1428571428571428,4.0,2.0,4.0,1.0,4.0,2.0,7.0,2.0,16,7.08,10.4375,91,40.27,8.10989010989011,192,84.96,6.182291666666667
org,Corporation,non-financial,media/communications,"13,015",177.0,,14,14.0,4,0.24519554519554518,0.27163461538461536,0.011831634789892504,0.0031977556207462053,0.006017699115044248,4.720080278863421,6.5,0.01653093495288183,0.01639219867844909,0.16666666666666666,1,8,7,3,0.2857142857142857,118.0,97.0,141.0,149.0,148.0,126.0,135.0,130.0,4,1.77,6.5,23,10.18,7.913043478260869,95,42.04,7.663157894736842
org,Corporation,non-financial,healthcare,"98,729",18.0,,13,13.0,3,0.16905832797886772,0.27527405602923266,0.01324878601647305,0.002363624131967558,0.004975417895771878,5.894003378378378,6.333333333333333,0.02031138233603082,0.022318381542681086,0.0,0,7,7,3,0.23076923076923078,139.0,141.0,136.0,89.0,156.0,135.0,129.0,114.0,3,1.33,6.333333333333333,19,8.41,10.052631578947368,102,45.13,7.980392156862745
org,Corporation,financial,bank,"15,980",144.0,,9,9.0,4,0.21112914862914864,0.25740318906605925,0.012402476836819627,0.023297965502226802,0.02855457227138643,4.022639897479709,4.0,0.005273784923051792,0.00892184630033189,0.16666666666666666,1,6,7,3,0.4444444444444444,118.0,116.0,166.0,126.0,31.0,26.0,183.0,160.0,4,1.77,4.0,14,6.19,5.857142857142857,60,26.55,7.766666666666667
org,Corporation,non-financial,healthcare,"99,613",17.0,,12,12.0,6,0.26160361377752683,0.2935064935064935,0.013717060340903338,0.0053743347061004304,0.005873484103572598,6.737211310166199,6.833333333333333,0.026835449363275653,0.035379886749915594,0.2,3,7,12,4,0.5,78.0,91.0,105.0,72.0,134.0,129.0,113.0,79.0,6,2.65,6.833333333333333,33,14.6,8.878787878787879,127,56.19,7.409448818897638
org,Policy-Planning Group,,,"2,535",,,24,,2,0.05064102564102564,0.2637106184364061,0.008942880319727758,0.0012162352595790605,3.9331366764995083e-05,8.430379746835444,8.5,0.015160241132618383,0.0029828709323464057,0.0,0,8,3,2,0.08333333333333333,177.0,205.0,154.0,221.0,174.0,195.0,141.0,202.0,2,0.88,8.5,17,7.52,9.764705882352942,89,39.38,7.955056179775281
org,Corporation,non-financial,industrial,"32,396",66.0,,15,15.0,15,0.6200895400895401,0.35478806907378335,0.015774778966961375,0.041926411224993576,0.039010160603080955,8.06986269001549,7.866666666666666,0.11422962047914975,0.10284836371498246,0.09523809523809523,10,6,18,5,1.0,5.0,8.0,11.0,13.0,8.0,15.0,17.0,23.0,15,6.64,7.866666666666666,78,34.51,8.14102564102564,179,79.2,6.441340782122905
org,Corporation,non-financial,energy,"163,527",3.0,,16,16.0,11,0.4711081814099055,0.32801161103047893,0.01437476148072764,0.019777434448311197,0.022032120616191416,8.93397872228791,9.0,0.08128573041435383,0.05620104881878533,0.16363636363636364,9,7,19,5,0.6875,19.0,21.0,34.0,37.0,51.0,37.0,34.0,40.0,11,4.87,9.0,62,27.43,7.854838709677419,161,71.24,6.6645962732919255
org,Corporation,financial,insurance,"13,016",176.0,,10,10.0,4,0.17358469990048936,0.2803970223325062,0.011866008610731912,0.003090673992773041,0.002268108816781383,7.937450918800065,8.25,0.025766439304886073,0.0195231601469869,0.3333333333333333,2,6,9,3,0.4,118.0,136.0,123.0,147.0,149.0,162.0,117.0,123.0,4,1.77,8.25,26,11.5,8.884615384615385,105,46.46,7.6380952380952385
org,Corporation,financial,insurance,"18,414",129.0,,12,12.0,3,0.11212121212121212,0.2931258106355383,0.010135210888624796,0.007887076869377757,0.004365781710914454,8.040540540540542,12.666666666666666,0.04009225611832312,0.00613798829111338,0.3333333333333333,1,7,4,2,0.25,139.0,176.0,106.0,202.0,110.0,142.0,82.0,177.0,3,1.33,12.666666666666666,35,15.49,9.285714285714286,127,56.19,7.488188976377953
org,Corporation,non-financial,technology,"36,117",58.0,,13,13.0,4,0.16807359307359307,0.2693682955899881,0.011634491634491635,0.004655382091389088,0.003972468043264504,5.479072762395363,5.75,0.012275582969683946,0.008851733796293329,0.0,0,7,7,3,0.3076923076923077,118.0,143.0,146.0,154.0,139.0,146.0,150.0,161.0,4,1.77,5.75,22,9.73,7.5,83,36.73,7.891566265060241
org,Corporation,financial,bank,"108,785",12.0,,15,15.0,9,0.37628408628408627,0.32331902718168815,0.014892098182417214,0.01214807101683574,0.009511635529334645,11.084940456231815,10.333333333333334,0.10572602469370954,0.16238671270153338,0.3055555555555556,11,6,16,5,0.6,35.0,44.0,46.0,26.0,84.0,102.0,19.0,8.0,9,3.98,10.333333333333334,56,24.78,8.696428571428571,159,70.35,6.80503144654088
org,Corporation,non-financial,food/agriculture,"30,990",72.0,,15,15.0,9,0.3627083984958748,0.32706222865412443,0.014132507894819119,0.01837063790753705,0.017797443461160276,9.601818170668654,10.444444444444445,0.09708795467296887,0.06094547729554978,0.2222222222222222,8,7,18,5,0.6,35.0,49.0,35.0,47.0,55.0,55.0,23.0,38.0,9,3.98,10.444444444444445,63,27.88,8.936507936507937,162,71.68,6.728395061728395
org,Corporation,non-financial,food/agriculture,"21,645",113.0,,12,12.0,5,0.21936758893280633,0.2766217870257038,0.012839571635530388,0.007795261198668741,0.013844641101278267,5.981981981981981,6.0,0.018212866817855892,0.019376081348657575,0.2,2,7,11,4,0.4166666666666667,97.0,109.0,129.0,115.0,112.0,79.0,133.0,124.0,5,2.21,6.0,25,11.06,8.32,101,44.69,7.782178217821782
org,Corporation,non-financial,consumer products,"15,327",151.0,,10,10.0,3,0.13095238095238093,0.27764127764127766,0.012189640603369231,0.0026522615183844863,0.003146509341199607,8.681818181818183,8.666666666666666,0.014566769684878682,0.012223347138306776,0.0,0,7,7,3,0.3,139.0,165.0,126.0,133.0,152.0,153.0,142.0,140.0,3,1.33,8.666666666666666,25,11.06,7.56,102,45.13,7.794117647058823
org,Corporation,non-financial,media/communications,"35,756",59.0,,13,13.0,3,0.11574074074074073,0.2803970223325062,0.012093537627312132,0.002643226315225853,0.001455260570304818,10.08,10.0,0.02118671964782545,0.021572767698080204,0.3333333333333333,1,7,7,3,0.23076923076923078,139.0,175.0,123.0,137.0,153.0,169.0,126.0,117.0,3,1.33,10.0,28,12.39,8.392857142857142,112,49.56,7.303571428571429
org,Corporation,non-financial,technology,"16,740",138.0,,9,9.0,2,0.11145510835913312,0.26218097447795824,0.01255253364930665,0.008849557522123894,0.008849557522123894,7.138888888888889,7.5,0.013823812753350597,0.018545241973574718,0.0,0,8,2,1,0.2222222222222222,177.0,177.0,158.0,125.0,102.0,106.0,145.0,126.0,2,0.88,7.5,15,6.64,10.4,84,37.17,8.119047619047619
org,Corporation,non-financial,food/agriculture,"12,981",178.0,,11,11.0,6,0.31681159420289856,0.2985468956406869,0.013329008286396745,0.006903182441602217,0.013628318584070794,6.600509737289243,7.333333333333333,0.030897783146753954,0.019303592038908857,0.13333333333333333,2,7,16,5,0.5454545454545454,78.0,65.0,95.0,83.0,118.0,80.0,104.0,125.0,6,2.65,7.333333333333333,36,15.93,8.722222222222221,132,58.41,7.265151515151516
org,Corporation,non-financial,energy,"139,515",6.0,,15,15.0,9,0.30901834127640576,0.34662576687116564,0.013802088634651792,0.02245490939893672,0.007964601769911504,10.241067255810004,11.555555555555555,0.10535445878385215,0.04923162268216281,0.1111111111111111,4,6,16,5,0.6,35.0,69.0,15.0,70.0,35.0,116.0,20.0,52.0,9,3.98,11.555555555555555,81,35.84,8.074074074074074,175,77.43,6.542857142857143
org,Corporation,non-financial,utility,"13,032",175.0,,12,12.0,4,0.18116883116883115,0.3079019073569482,0.013571671637608338,0.0041688494981997285,0.006004588659455916,9.740740740740742,13.75,0.054235206540433636,0.03290774525975646,0.3333333333333333,2,7,8,3,0.3333333333333333,118.0,133.0,77.0,78.0,145.0,127.0,60.0,83.0,4,1.77,13.75,46,20.35,9.195652173913043,148,65.49,6.95945945945946
org,Corporation,non-financial,utility,"15,599",149.0,,10,10.0,3,0.13749535488665923,0.2576966932725199,0.011505663739340713,0.005663336199184668,0.004110127826941986,5.435135135135135,5.666666666666667,0.005894462625576782,0.007558790357556101,0.3333333333333333,1,7,7,3,0.3,139.0,158.0,165.0,159.0,131.0,145.0,181.0,169.0,3,1.33,5.666666666666667,15,6.64,7.066666666666666,70,30.97,7.242857142857143
org,Corporation,non-financial,retail,"71,422",25.0,,15,15.0,3,0.15846153846153846,0.264947245017585,0.012593335562242283,0.001827974996656608,0.002831858407079646,7.747572815533981,7.333333333333333,0.008427874990734257,0.011864250072261948,0.3333333333333333,1,8,7,3,0.2,139.0,148.0,151.0,123.0,166.0,158.0,166.0,143.0,3,1.33,7.333333333333333,19,8.41,7.105263157894737,90,39.82,7.466666666666667
org,Policy-Planning Group,,,,,,37,,19,0.44804328448302216,0.3837011884550085,0.013658890366251659,0.044246334062683565,0.0011406096361848575,12.50205958634065,11.578947368421053,0.2699593959048496,0.13070751094889307,0.1871345029239766,32,6,21,6,0.5135135135135135,2.0,30.0,2.0,74.0,6.0,175.0,3.0,13.0,19,8.41,11.578947368421053,110,48.67,7.718181818181818,193,85.4,6.1450777202072535
org,Corporation,non-financial,industrial,"10,800",218.0,,10,10.0,3,0.12928571428571428,0.27228915662650605,0.012012969754956679,0.0003628060962143173,0.0006293018682399213,8.14548802946593,8.333333333333334,0.02076347895364156,0.013492288807049647,0.6666666666666666,2,8,7,3,0.3,139.0,168.0,139.0,140.0,196.0,185.0,128.0,136.0,3,1.33,8.333333333333334,19,8.41,9.947368421052632,99,43.81,7.96969696969697
org,Corporation,non-financial,industrial,"11,185",207.0,,10,10.0,1,0.047619047619047616,0.1712121212121212,0.00777264441871396,0.0,0.0,3.0,3.0,5.635771385700911e-05,5.6590998086110205e-05,0.0,0,8,1,1,0.1,203.0,211.0,226.0,226.0,199.0,197.0,226.0,226.0,1,0.44,3.0,3,1.33,4.0,8,3.54,3.625
org,Corporation,non-financial,food/agriculture,"11,158",208.0,,10,10.0,1,0.05,0.23274974253347064,0.010872005387896474,0.0,0.0,9.0,9.0,0.0032872353375789512,0.0030725652919808217,0.0,0,7,1,1,0.1,203.0,206.0,201.0,185.0,199.0,197.0,201.0,200.0,1,0.44,9.0,9,3.98,6.555555555555555,39,17.26,7.487179487179487
org,Corporation,non-financial,industrial,"23,112",107.0,,11,11.0,14,0.6904224573543503,0.3536776212832551,0.01641566994334415,0.04158639118246433,0.052507374631268436,9.663578065003149,10.214285714285714,0.13607156570483658,0.15009579573530893,0.18681318681318682,17,7,19,5,1.2727272727272727,7.0,6.0,12.0,7.0,9.0,9.0,13.0,11.0,14,6.19,10.214285714285714,84,37.17,7.976190476190476,180,79.65,6.338888888888889
org,Corporation,non-financial,technology,"52,902",38.0,,11,11.0,8,0.32811762311762305,0.30581867388362655,0.013861062272560001,0.011751002162137838,0.012100950508030152,9.104386710246407,9.25,0.06425521717129583,0.04527028338392023,0.25,7,7,18,5,0.7272727272727273,49.0,59.0,80.0,66.0,87.0,87.0,50.0,60.0,8,3.54,9.25,45,19.91,8.71111111111111,142,62.83,6.929577464788732
org,Corporation,non-financial,transportation,"28,063",84.0,,12,12.0,6,0.3061107008933096,0.3091655266757866,0.013909404234367305,0.004893889339449843,0.008010488364470665,8.407314844419554,9.0,0.05324284625628203,0.0401133719599811,0.13333333333333333,2,7,17,5,0.5,78.0,70.0,74.0,61.0,137.0,113.0,62.0,72.0,6,2.65,9.0,44,19.47,9.068181818181818,148,65.49,7.04054054054054
org,Corporation,non-financial,media/communications,"21,565",116.0,,10,10.0,9,0.42225702596411974,0.30376344086021506,0.01384931213040414,0.020410882738074076,0.024726319239593578,5.984820382502714,6.0,0.05293779785356841,0.05121757234476931,0.1111111111111111,4,7,11,4,0.9,35.0,35.0,82.0,68.0,46.0,32.0,63.0,48.0,9,3.98,6.0,39,17.26,8.820512820512821,139,61.5,7.172661870503597
org,Corporation,financial,financial services,"7,986",286.0,,11,11.0,9,0.4101407449233536,0.3183098591549296,0.014025506562819996,0.014172448752437656,0.020170435922648312,8.127625346094424,8.222222222222221,0.04648127206710981,0.037424147912472464,0.25,9,7,17,5,0.8181818181818182,35.0,38.0,55.0,53.0,73.0,44.0,72.0,78.0,9,3.98,8.222222222222221,50,22.12,8.24,155,68.58,6.7935483870967746
org,Corporation,non-financial,utility,"15,131",153.0,,12,12.0,4,0.1730371078197165,0.24862486248624863,0.011278195488721804,0.020490971476336366,0.019862340216322518,4.174413253566498,4.25,0.004210957262950676,0.003383745553842292,0.16666666666666666,1,6,4,2,0.3333333333333333,118.0,137.0,178.0,170.0,45.0,45.0,191.0,196.0,4,1.77,4.25,15,6.64,4.733333333333333,53,23.45,7.886792452830188
org,Corporation,non-financial,industrial,"44,945",46.0,,12,12.0,8,0.3688795986622074,0.3251798561151079,0.014598854485164287,0.009933394144230865,0.008410357259914781,9.987367212173416,10.75,0.09646800063539049,0.12633868685735908,0.21428571428571427,6,7,15,4,0.6666666666666666,49.0,48.0,41.0,31.0,97.0,111.0,24.0,15.0,8,3.54,10.75,53,23.45,9.245283018867925,163,72.12,6.773006134969325
org,Corporation,non-financial,industrial,"27,328",86.0,,14,14.0,13,0.506780275918207,0.3570300157977883,0.015355521079869093,0.046813823252962156,0.0290593248115372,8.293374216257915,8.384615384615385,0.09165569152915747,0.08490114615065916,0.10256410256410256,8,6,17,5,0.9285714285714286,10.0,17.0,9.0,18.0,5.0,25.0,26.0,30.0,13,5.75,8.384615384615385,82,36.28,8.012195121951219,183,80.97,6.355191256830601
org,Corporation,non-financial,utility,"12,731",181.0,,11,11.0,7,0.2871439577371781,0.3165266106442577,0.012908753391403684,0.010409770683287875,0.018112094395280234,8.078325328958714,10.0,0.06007145185004986,0.019801651230259006,0.23809523809523808,5,7,16,5,0.6363636363636364,63.0,79.0,60.0,107.0,94.0,53.0,54.0,121.0,7,3.1,10.0,56,24.78,8.160714285714286,148,65.49,6.97972972972973
org,Corporation,non-financial,technology,"14,026",166.0,,13,13.0,2,0.07151979565772669,0.23966065747614,0.009881437326473652,0.0,0.0,7.071428571428572,7.0,0.004025654533752326,0.0035110737344604404,1.0,1,8,3,2,0.15384615384615385,177.0,197.0,190.0,208.0,199.0,197.0,192.0,195.0,2,0.88,7.0,12,5.31,5.75,50,22.12,7.74
org,Corporation,non-financial,industrial,"11,873",194.0,,11,11.0,2,0.09429824561403508,0.2665094339622642,0.011586574612071913,0.0014385291317444713,0.0013372664700098329,6.86046511627907,7.5,0.010104489764321038,0.009027247794686758,0.0,0,7,3,2,0.18181818181818182,177.0,185.0,150.0,157.0,172.0,171.0,156.0,159.0,2,0.88,7.5,15,6.64,8.933333333333334,86,38.05,8.081395348837209
org,Corporation,non-financial,utility,"12,361",187.0,,12,12.0,3,0.1351449275362319,0.23966065747614,0.011084680089266007,0.01076045793293115,0.01095378564405113,4.498659517426273,4.666666666666667,0.003905592093792329,0.004656115410139973,0.0,0,8,3,2,0.25,139.0,159.0,190.0,180.0,92.0,90.0,195.0,189.0,3,1.33,4.666666666666667,14,6.19,5.0,50,22.12,7.84
org,Corporation,non-financial,pharmaceutical,"21,836",112.0,,13,13.0,10,0.37132102656947374,0.3308931185944363,0.014535008360845515,0.02014352598421839,0.019160930842346772,9.411098383627458,9.8,0.11150089981790956,0.08927971352066968,0.1111111111111111,5,7,17,5,0.7692307692307693,25.0,46.0,29.0,33.0,48.0,48.0,18.0,29.0,10,4.42,9.8,67,29.65,8.850746268656716,161,71.24,6.807453416149069
org,Corporation,non-financial,industrial,"20,915",117.0,,15,15.0,6,0.21731294047083521,0.2886334610472541,0.012796436626496927,0.005949168748802301,0.0017502458210422811,7.466279342561031,7.333333333333333,0.026579008669789794,0.02592601199502822,0.2,3,7,12,4,0.4,78.0,110.0,110.0,119.0,126.0,167.0,114.0,102.0,6,2.65,7.333333333333333,34,15.04,7.323529411764706,117,51.77,7.3247863247863245
org,Corporation,non-financial,utility,"10,746",219.0,,12,12.0,5,0.23009768009768009,0.28716645489199494,0.012885814201003496,0.0036480931319465707,0.005368731563421829,6.684797028389493,7.2,0.028096169924487907,0.02242275992150968,0.2,2,7,11,4,0.4166666666666667,97.0,102.0,113.0,109.0,147.0,131.0,110.0,113.0,5,2.21,7.2,29,12.83,8.862068965517242,117,51.77,7.7094017094017095
org,Corporation,non-financial,utility,"17,318",134.0,,17,17.0,8,0.32129383408582524,0.3087431693989071,0.012878960565306588,0.025655954514400853,0.01686004588659456,6.992879838043984,7.5,0.03257006822982645,0.028427764260789027,0.14285714285714285,4,6,13,4,0.47058823529411764,49.0,63.0,76.0,110.0,24.0,60.0,100.0,94.0,8,3.54,7.5,46,20.35,7.173913043478261,139,61.5,7.028776978417266
org,Corporation,non-financial,healthcare,"24,749",96.0,,13,13.0,1,0.045454545454545456,0.2547914317925592,0.011743615058847986,0.0,0.0,10.0,10.0,0.00700143376191279,0.009554083922348038,0.0,0,8,1,1,0.07692307692307693,203.0,215.0,168.0,151.0,199.0,197.0,172.0,156.0,1,0.44,10.0,10,4.42,9.6,70,30.97,8.642857142857142
org,Corporation,non-financial,energy,"284,650",2.0,,11,11.0,10,0.4441276115189159,0.3353115727002967,0.014984418856498769,0.022332514603494228,0.029773844641101277,9.352721801962154,9.5,0.0943056399708017,0.11646158141853855,0.2,9,7,17,5,0.9090909090909091,25.0,32.0,26.0,25.0,36.0,23.0,25.0,21.0,10,4.42,9.5,64,28.32,8.671875,171,75.66,6.643274853801169
org,Corporation,non-financial,energy,"15,643",147.0,,13,13.0,3,0.13227513227513227,0.21421800947867298,0.010110499709211294,0.01934844200920897,0.019154375614552605,3.56,3.6666666666666665,0.0006684593428916074,0.0011570898875584875,0.0,0,7,3,2,0.23076923076923078,139.0,164.0,214.0,204.0,53.0,49.0,219.0,213.0,3,1.33,3.6666666666666665,11,4.87,3.3636363636363638,25,11.06,4.8
org,Corporation,financial,bank,"29,065",81.0,,11,11.0,9,0.40987201204592516,0.3183098591549296,0.014016083352283298,0.015592474222517758,0.019836119305145856,8.018299543085435,8.0,0.040625478580524635,0.03157705666843696,0.2777777777777778,10,7,16,5,0.8181818181818182,35.0,39.0,55.0,54.0,67.0,46.0,81.0,86.0,9,3.98,8.0,49,21.68,7.836734693877551,158,69.91,6.734177215189874
org,Corporation,non-financial,transportation,"35,497",60.0,,11,11.0,12,0.5667182558011785,0.36867862969004894,0.01658309893604011,0.05243184343587279,0.07358243198951163,12.37660057747673,13.333333333333334,0.19507316467606398,0.1553127260203112,0.30303030303030304,20,5,21,6,1.0909090909090908,15.0,9.0,4.0,6.0,3.0,3.0,6.0,10.0,12,5.31,13.333333333333334,92,40.71,7.858695652173913,188,83.19,6.303191489361702
org,Corporation,financial,bank,"9,450",248.0,,15,15.0,2,0.06703296703296703,0.20471014492753623,0.008753356744474285,0.0022443621930347594,0.000943952802359882,3.426229508196722,3.5,0.0005027955033410805,0.0007208911052814882,0.0,0,7,3,2,0.13333333333333333,177.0,201.0,221.0,223.0,158.0,179.0,221.0,220.0,2,0.88,3.5,7,3.1,3.4285714285714284,19,8.41,4.842105263157895
org,Corporation,non-financial,utility,"12,967",179.0,,11,11.0,1,0.04,0.23037716615698267,0.00994331722555051,0.0,0.0,9.0,9.0,0.002747199613286211,0.002816784394334509,0.0,0,8,1,1,0.09090909090909091,203.0,223.0,204.0,206.0,199.0,197.0,205.0,203.0,1,0.44,9.0,9,3.98,6.0,39,17.26,7.743589743589744
org,Corporation,non-financial,industrial,"21,990",111.0,,12,12.0,6,0.2560175331914462,0.2766217870257038,0.012872847405494691,0.014358493998265543,0.016643723369387086,6.030877331881836,6.0,0.017913388790127417,0.020798898378525842,0.13333333333333333,2,8,11,4,0.5,78.0,94.0,129.0,111.0,70.0,61.0,134.0,118.0,6,2.65,6.0,29,12.83,6.862068965517241,103,45.58,7.271844660194175
org,Corporation,non-financial,industrial,"118,308",8.0,,15,15.0,8,0.2847049247049247,0.3256484149855908,0.013257464656537807,0.010755941559681462,0.008882333661094722,8.148501829826166,9.625,0.0714808599434015,0.02656325039235203,0.17857142857142858,5,7,17,5,0.5333333333333333,49.0,81.0,37.0,88.0,93.0,105.0,42.0,98.0,8,3.54,9.625,60,26.55,8.633333333333333,161,71.24,6.751552795031056
org,Corporation,financial,bank,"37,614",54.0,,14,14.0,5,0.19891608391608392,0.26432748538011697,0.011610185454732263,0.018350752537183768,0.01580465421173386,3.905900275385246,3.8,0.012159705861927989,0.006684835398347072,0.0,0,7,7,3,0.35714285714285715,97.0,124.0,153.0,156.0,56.0,62.0,152.0,175.0,5,2.21,3.8,19,8.41,7.842105263157895,86,38.05,7.406976744186046
org,Corporation,non-financial,industrial,"15,040",154.0,,12,12.0,2,0.08514492753623187,0.2536475869809203,0.011091298728917535,0.0004259152376909028,0.0005113077679449361,6.957446808510639,7.0,0.005352910806240068,0.004285321992804488,0.0,0,7,3,2,0.16666666666666666,177.0,193.0,169.0,179.0,192.0,187.0,182.0,193.0,2,0.88,7.0,13,5.75,7.538461538461538,69,30.53,7.318840579710145
org,Corporation,non-financial,retail,"14,197",162.0,,14,14.0,5,0.20609804848935284,0.28144458281444584,0.013124782221533928,0.013531442980327482,0.013359554244509998,6.132129465840715,6.2,0.02076969108531725,0.03890992348427735,0.2,2,6,8,3,0.35714285714285715,97.0,120.0,120.0,98.0,78.0,81.0,127.0,73.0,5,2.21,6.2,26,11.5,7.8076923076923075,101,44.69,7.346534653465347
org,Corporation,non-financial,industrial,"31,981",69.0,,11,11.0,8,0.3621869775578216,0.3242467718794835,0.014816595461051803,0.01013245751691219,0.014178957718780728,8.785362373288491,9.0,0.061788330419153534,0.06385930778334892,0.21428571428571427,6,7,17,5,0.7272727272727273,49.0,50.0,44.0,27.0,96.0,76.0,51.0,37.0,8,3.54,9.0,50,22.12,8.86,161,71.24,6.751552795031056
org,Corporation,non-financial,industrial,"156,779",4.0,,17,17.0,14,0.436849931364673,0.345565749235474,0.01304649014778325,0.03318375050474317,0.01528023598820059,8.388379967408476,9.5,0.13434846399822373,0.04126564491749083,0.14285714285714285,13,7,18,5,0.8235294117647058,7.0,33.0,18.0,102.0,13.0,67.0,14.0,68.0,14,6.19,9.5,80,35.4,8.1,172,76.11,6.52906976744186
org,Corporation,non-financial,food/agriculture,"14,691",155.0,,13,13.0,7,0.2969222243135287,0.2931258106355383,0.012838234458730188,0.01423568439566981,0.012313995411340546,5.761537069136133,5.857142857142857,0.03983200923960081,0.03783841856494847,0.047619047619047616,1,6,10,3,0.5384615384615384,63.0,75.0,106.0,116.0,72.0,85.0,83.0,76.0,7,3.1,5.857142857142857,34,15.04,9.205882352941176,124,54.87,7.225806451612903
org,Corporation,non-financial,industrial,"104,589",15.0,,12,12.0,11,0.46578334209518624,0.3237822349570201,0.014060555785980922,0.02134619307323621,0.015522779416584725,8.459129607825377,8.363636363636363,0.07426958139328815,0.06886916284635718,0.16363636363636364,9,7,18,5,0.9166666666666666,19.0,22.0,45.0,52.0,40.0,66.0,39.0,35.0,11,4.87,8.363636363636363,58,25.66,8.03448275862069,158,69.91,6.7025316455696204
org,Corporation,non-financial,industrial,"10,058",236.0,,13,13.0,2,0.11858974358974358,0.24538545059717698,0.011166099852600893,0.008189810615913612,0.010029498525073746,5.7027027027027035,6.0,0.0037196564744955115,0.004977846311499076,0.0,0,6,3,2,0.15384615384615385,177.0,173.0,182.0,176.0,108.0,97.0,198.0,184.0,2,0.88,6.0,12,5.31,6.0,50,22.12,7.66
org,Corporation,financial,insurance,"9,069",257.0,,12,12.0,2,0.08333333333333333,0.25139043381535037,0.010973981305385827,0.0005667824248424628,0.00039331366764995085,6.5,6.5,0.005232822048334155,0.00469689123302517,0.0,0,7,3,2,0.16666666666666666,177.0,194.0,174.0,182.0,189.0,192.0,184.0,188.0,2,0.88,6.5,13,5.75,7.153846153846154,62,27.43,7.564516129032258
org,Corporation,financial,bank,"51,673",39.0,,11,11.0,7,0.28264023210831724,0.3294460641399417,0.014169723188814695,0.010767275190632695,0.010422812192723696,10.06293535378223,10.714285714285714,0.06735707951700702,0.041888653901786685,0.14285714285714285,3,6,17,5,0.6363636363636364,63.0,83.0,33.0,46.0,91.0,94.0,45.0,66.0,7,3.1,10.714285714285714,59,26.11,8.847457627118644,166,73.45,6.680722891566265
org,Corporation,non-financial,industrial,"16,301",141.0,,12,12.0,4,0.18737183868762816,0.27460510328068044,0.012863078411656452,0.014153945525996813,0.022431989511635525,5.9068247454020355,6.0,0.00792158507934553,0.007580360345386722,0.0,0,6,7,3,0.3333333333333333,118.0,130.0,137.0,114.0,74.0,35.0,168.0,168.0,4,1.77,6.0,24,10.62,5.916666666666667,93,41.15,7.161290322580645
org,Corporation,non-financial,technology,"23,651",102.0,,10,10.0,3,0.151010101010101,0.24917309812568908,0.011451542073438502,0.0016337009535590192,0.0029891838741396264,5.066889632107023,5.0,0.007240996272036096,0.006468975601947892,0.0,0,8,7,3,0.3,139.0,150.0,177.0,163.0,169.0,155.0,171.0,176.0,3,1.33,5.0,15,6.64,7.266666666666667,65,28.76,8.03076923076923
org,Corporation,non-financial,food/agriculture,"10,148",233.0,,12,12.0,10,0.5616933388672518,0.31345353675450766,0.015169991162025798,0.016568745198418965,0.0459128154703376,7.771246236059863,7.2,0.06521941767632754,0.10034362550144334,0.17777777777777778,8,7,13,4,0.8333333333333334,25.0,10.0,69.0,21.0,63.0,11.0,48.0,25.0,10,4.42,7.2,48,21.24,8.5,148,65.49,6.8175675675675675
org,Corporation,non-financial,healthcare,"30,052",77.0,,16,16.0,5,0.17762410003789314,0.3143254520166898,0.013268361416074672,0.010358435520144057,0.0042871189773844645,11.2128,11.2,0.04841571251976561,0.05270103462780158,0.4,4,7,11,4,0.3125,97.0,134.0,66.0,87.0,95.0,143.0,67.0,47.0,5,2.21,11.2,43,19.03,9.023255813953488,155,68.58,6.877419354838709
org,Corporation,non-financial,industrial,"14,675",158.0,,12,12.0,3,0.1324110671936759,0.2559456398640997,0.011190150027232667,0.005932540324482569,0.005316289741068502,5.611940298507462,5.666666666666667,0.009479944624101552,0.0060496406220398305,0.0,0,8,4,2,0.25,139.0,163.0,167.0,174.0,127.0,132.0,160.0,178.0,3,1.33,5.666666666666667,17,7.52,7.117647058823529,72,31.86,8.180555555555555
org,Corporation,financial,insurance,"24,701",97.0,,9,9.0,4,0.20406162464985994,0.2893725992317542,0.013561084886790942,0.001118582693242273,0.005250737463126843,9.789979409746053,9.75,0.051388615403626464,0.05040388197268274,0.16666666666666666,1,7,8,3,0.4444444444444444,118.0,121.0,109.0,79.0,178.0,133.0,66.0,50.0,4,1.77,9.75,30,13.27,10.333333333333334,124,54.87,7.548387096774194
org,Corporation,financial,insurance,"15,713",146.0,,9,9.0,1,0.05,0.1934931506849315,0.009080499025654418,0.0,0.0,3.0000000000000004,3.0,0.0003927730294896107,0.0005364372152529495,0.0,0,9,1,1,0.1111111111111111,203.0,206.0,222.0,218.0,199.0,197.0,223.0,222.0,1,0.44,3.0,3,1.33,5.333333333333333,14,6.19,5.142857142857143
org,Corporation,non-financial,energy,"29,569",79.0,,13,13.0,6,0.24397683636814071,0.2977602108036891,0.012907278905736886,0.008526497465785075,0.00816125860373648,7.141460937995811,7.166666666666667,0.032972347505955985,0.034292634862897936,0.13333333333333333,2,7,11,4,0.46153846153846156,78.0,98.0,96.0,108.0,106.0,112.0,97.0,81.0,6,2.65,7.166666666666667,35,15.49,7.914285714285715,130,57.52,7.2846153846153845
org,Corporation,non-financial,technology,"114,552",10.0,,13,13.0,5,0.20659588398718834,0.275609756097561,0.012963919004187455,0.005666724150843844,0.0066601114388725015,7.116488821355828,7.2,0.030636294458375343,0.053845328108899686,0.3,3,6,9,3,0.38461538461538464,97.0,119.0,135.0,105.0,130.0,120.0,105.0,42.0,5,2.21,7.2,27,11.95,7.518518518518518,97,42.92,7.412371134020619
org,Corporation,non-financial,retail,"66,176",29.0,,12,12.0,5,0.26498682476943347,0.2993377483443709,0.013964840732845181,0.007613797125683301,0.014428056374959029,7.249844623990057,8.0,0.02840432453382738,0.03456938083300157,0.1,1,7,9,3,0.4166666666666667,97.0,89.0,90.0,58.0,113.0,74.0,108.0,80.0,5,2.21,8.0,36,15.93,8.583333333333334,130,57.52,7.376923076923077
org,Corporation,non-financial,industrial,"30,908",74.0,,10,10.0,10,0.4609392057218144,0.3413897280966767,0.015810276679841893,0.029863717858242583,0.04184529662405768,8.660873755088874,8.7,0.06962117299921994,0.09122666613595416,0.08888888888888889,4,7,17,5,1.0,25.0,23.0,20.0,12.0,19.0,14.0,43.0,28.0,10,4.42,8.7,70,30.97,8.514285714285714,178,78.76,6.426966292134831
org,Corporation,non-financial,technology,"95,758",20.0,,14,14.0,18,0.8646743286915596,0.38047138047138046,0.0174913575150921,0.03231936725651793,0.05381514257620453,12.294356120751477,12.61111111111111,0.2886588622686658,0.3717158570716094,0.27450980392156865,42,6,21,6,1.2857142857142858,3.0,1.0,3.0,2.0,14.0,7.0,2.0,1.0,18,7.96,12.61111111111111,103,45.58,7.864077669902913,194,85.84,6.134020618556701
org,Corporation,non-financial,media/communications,"10,905",214.0,,11,11.0,5,0.22169678147939018,0.30213903743315507,0.013428401663695782,0.01825954931397638,0.018865945591609305,7.186989281545154,7.2,0.03289426698598229,0.028676212059577287,0.0,0,6,7,3,0.45454545454545453,97.0,107.0,85.0,82.0,58.0,50.0,98.0,93.0,5,2.21,7.2,33,14.6,9.272727272727273,136,60.18,7.007352941176471
org,Corporation,non-financial,industrial,"13,904",169.0,,11,11.0,6,0.26980101219231656,0.2993377483443709,0.013604486671415532,0.004617857614840179,0.006489675516224189,9.168354187538634,9.166666666666666,0.04771629867720657,0.05311790940936387,0.3333333333333333,5,7,12,4,0.5454545454545454,78.0,86.0,90.0,77.0,140.0,122.0,69.0,44.0,6,2.65,9.166666666666666,37,16.37,9.27027027027027,133,58.85,7.2180451127819545
org,Corporation,non-financial,technology,"29,515",80.0,,11,11.0,4,0.16857216857216858,0.23468328141225336,0.010494137677514219,0.0057493134904084255,0.007990822681088167,3.0370939420544336,3.0,0.003768628245450261,0.003127627368686382,0.0,0,8,4,2,0.36363636363636365,118.0,142.0,198.0,194.0,128.0,114.0,197.0,199.0,4,1.77,3.0,12,5.31,5.25,44,19.47,8.113636363636363
org,Corporation,non-financial,technology,"35,127",62.0,,11,11.0,5,0.2315643852714791,0.2762836185819071,0.012372488549061113,0.00855660558185671,0.008672566371681416,5.679830747531735,5.8,0.01518720351215336,0.021864101017153085,0.1,1,7,8,3,0.45454545454545453,97.0,100.0,134.0,128.0,105.0,109.0,140.0,115.0,5,2.21,5.8,27,11.95,7.2592592592592595,99,43.81,7.686868686868687
org,Corporation,non-financial,paper,"23,366",104.0,,10,10.0,6,0.29747474747474745,0.30173564753004006,0.013897429590456277,0.008292923149015372,0.01401507702392658,6.689303904923601,6.833333333333333,0.02956914786922662,0.030181330373385353,0.06666666666666667,1,7,11,4,0.6,78.0,73.0,88.0,62.0,107.0,77.0,107.0,90.0,6,2.65,6.833333333333333,37,16.37,8.64864864864865,139,61.5,7.071942446043166
org,Corporation,non-financial,retail,"17,556",133.0,,12,12.0,3,0.17536630036630035,0.2668240850059032,0.01194229651418808,0.002082840699621854,0.003828253031792855,5.248041775456919,6.333333333333333,0.013185871227483908,0.00809222137116931,0.0,0,8,7,3,0.25,139.0,135.0,149.0,142.0,162.0,148.0,147.0,164.0,3,1.33,6.333333333333333,19,8.41,8.526315789473685,90,39.82,7.7555555555555555
org,Corporation,financial,bank,"115,632",9.0,,11,11.0,13,0.6730193669399066,0.35873015873015873,0.017075935020778234,0.04329726167856088,0.07955424450999672,10.119745733728248,10.307692307692308,0.12298388208965069,0.16101730442465612,0.16666666666666666,13,6,18,5,1.1818181818181819,10.0,7.0,8.0,3.0,7.0,1.0,16.0,9.0,13,5.75,10.307692307692308,87,38.5,7.931034482758621,183,80.97,6.355191256830601
org,Corporation,non-financial,services,"11,467",203.0,,11,11.0,2,0.09109730848861283,0.21564885496183206,0.009468017511643008,0.0009853604920410405,0.0010291707636840381,4.0,4.0,0.0012534469932800295,0.001121480859602272,0.0,0,8,3,2,0.18181818181818182,177.0,186.0,213.0,213.0,181.0,178.0,213.0,214.0,2,0.88,4.0,8,3.54,3.875,24,10.62,6.625
org,Corporation,non-financial,consumer products,"61,897",33.0,,12,12.0,7,0.302266139657444,0.3100137174211248,0.014421696357351767,0.02113180944172266,0.020996394624713206,7.098204167029901,7.0,0.03568138019629644,0.04829876166964065,0.047619047619047616,1,6,14,4,0.5833333333333334,63.0,72.0,72.0,35.0,42.0,42.0,92.0,53.0,7,3.1,7.0,39,17.26,8.76923076923077,145,64.16,6.979310344827586
org,Corporation,non-financial,industrial,"28,497",83.0,,11,11.0,1,0.047619047619047616,0.20867959372114497,0.009378371649099512,0.0,0.0,3.0,3.0,0.0009215019644519207,0.0010622170323503688,0.0,0,8,1,1,0.09090909090909091,203.0,211.0,216.0,215.0,199.0,197.0,217.0,216.0,1,0.44,3.0,3,1.33,6.666666666666667,18,7.96,7.277777777777778
org,Corporation,non-financial,industrial,"12,105",193.0,,7,7.0,4,0.21199813258636788,0.2773006134969325,0.013160321049720002,0.000389038756491746,0.0026745329400196657,7.84276591059238,8.0,0.024980494077274054,0.025560919337452873,0.5,3,7,11,4,0.5714285714285714,118.0,115.0,127.0,97.0,194.0,159.0,119.0,104.0,4,1.77,8.0,24,10.62,8.541666666666666,98,43.36,8.193877551020408
org,Corporation,non-financial,food/agriculture,"12,575",184.0,,12,12.0,8,0.33861985840246706,0.3183098591549296,0.013965991369099729,0.023092320879713538,0.016964929531301215,8.30316333474217,8.375,0.03887048899040117,0.031235394814833235,0.17857142857142858,5,7,12,4,0.6666666666666666,49.0,55.0,55.0,57.0,32.0,59.0,85.0,87.0,8,3.54,8.375,53,23.45,7.39622641509434,151,66.81,6.827814569536423
org,Corporation,non-financial,consumer products,"19,115",126.0,,13,13.0,7,0.2971014492753623,0.30213903743315507,0.013287734323707237,0.02089992035910295,0.01792527040314651,5.884146341463414,5.857142857142857,0.019063590771131823,0.014629608312049578,0.047619047619047616,1,6,11,4,0.5384615384615384,63.0,74.0,85.0,86.0,43.0,54.0,130.0,133.0,7,3.1,5.857142857142857,35,15.49,7.228571428571429,134,59.29,7.08955223880597
org,Corporation,non-financial,retail,"17,178",135.0,,10,10.0,3,0.17214012041598248,0.23789473684210527,0.011205407683472024,0.007092332713398133,0.01176007866273353,3.6772655007949124,3.6666666666666665,0.0019093117396308129,0.002021993790448708,0.0,0,7,5,2,0.3,139.0,139.0,193.0,173.0,117.0,88.0,207.0,207.0,3,1.33,3.6666666666666665,11,4.87,4.545454545454546,42,18.58,6.714285714285714
org,Corporation,non-financial,food/agriculture,"40,386",53.0,,12,12.0,7,0.3116925903996842,0.3165266106442577,0.014003635161929939,0.02305970193794689,0.021389708292363162,7.0435781804565805,7.285714285714286,0.03419012306486486,0.024069924256860158,0.09523809523809523,2,6,11,4,0.5833333333333334,63.0,67.0,60.0,55.0,33.0,40.0,94.0,108.0,7,3.1,7.285714285714286,45,19.91,8.11111111111111,153,67.7,6.73202614379085
org,Corporation,non-financial,retail,"76,733",23.0,,14,14.0,7,0.2667114367114367,0.31875881523272215,0.013160576503130005,0.02173041500360766,0.009701737135365452,6.966153423570523,7.0,0.033214623612327854,0.021749349242969864,0.0,0,6,11,4,0.5,63.0,88.0,54.0,96.0,39.0,99.0,96.0,116.0,7,3.1,7.0,45,19.91,8.044444444444444,156,69.03,6.948717948717949
org,Corporation,non-financial,media/communications,"11,110",210.0,,11,11.0,2,0.21666666666666667,0.23764458464773922,0.011580736350359973,0.0,0.0,4.384615384615384,6.0,0.0062525233310686944,0.011105005586256376,1.0,1,8,3,2,0.18181818181818182,177.0,112.0,194.0,158.0,199.0,197.0,177.0,147.0,2,0.88,6.0,10,4.42,7.0,45,19.91,8.622222222222222
org,Corporation,non-financial,media/communications,"10,398",227.0,,10,10.0,3,0.2692982456140351,0.2536475869809203,0.011996921144131149,0.0013961777995873032,0.00456243854473943,4.6677524429967425,6.666666666666667,0.009239380892275887,0.01354934155755345,0.3333333333333333,1,7,4,2,0.3,139.0,87.0,169.0,141.0,173.0,140.0,161.0,135.0,3,1.33,6.666666666666667,17,7.52,6.705882352941177,65,28.76,8.061538461538461
org,Corporation,financial,insurance,"31,094",71.0,,17,17.0,5,0.20229885057471264,0.2719614921780987,0.011936409570254044,0.005643592262499631,0.004228121927236972,5.9602272727272725,5.4,0.012712596312767591,0.011362491840171494,0.2,2,7,8,3,0.29411764705882354,97.0,123.0,140.0,143.0,133.0,144.0,149.0,145.0,5,2.21,5.4,23,10.18,6.608695652173913,89,39.38,7.853932584269663
org,Corporation,non-financial,industrial,"45,189",44.0,,11,11.0,3,0.1941959642188475,0.24017003188097769,0.011261429603607645,0.001862546204382054,0.0028908554572271384,3.8955543652919125,4.333333333333333,0.0028714900017694123,0.004308155416289207,0.3333333333333333,1,7,7,3,0.2727272727272727,139.0,126.0,188.0,172.0,165.0,156.0,204.0,192.0,3,1.33,4.333333333333333,11,4.87,6.090909090909091,44,19.47,7.386363636363637
org,Corporation,non-financial,holding,"14,123",165.0,,12,12.0,6,0.22843497082627515,0.3256484149855908,0.01258678944046337,0.00674150215281944,0.0020452310717797443,11.439182647743426,13.333333333333334,0.06689246456054437,0.02450640966294648,0.4666666666666667,7,7,17,5,0.5,78.0,104.0,37.0,124.0,119.0,165.0,46.0,106.0,6,2.65,13.333333333333334,61,26.99,8.704918032786885,165,73.01,6.648484848484848
org,Corporation,non-financial,retail,"47,220",42.0,,12,12.0,3,0.12774725274725274,0.2766217870257038,0.011742191356153824,0.0015756899221240715,0.0013569321533923305,5.878136200716846,6.0,0.014265931792448,0.008843225528173087,0.0,0,7,7,3,0.25,139.0,170.0,129.0,152.0,171.0,170.0,144.0,162.0,3,1.33,6.0,18,7.96,9.555555555555555,106,46.9,7.69811320754717
org,Corporation,non-financial,retail,"23,489",103.0,,10,10.0,5,0.2698851872764916,0.2828535669586984,0.012912564039080502,0.007329965415534752,0.011039003605375285,5.682892809819375,6.2,0.015578715876286162,0.012622094240915625,0.1,1,6,8,3,0.5,97.0,85.0,119.0,106.0,114.0,89.0,139.0,139.0,5,2.21,6.2,27,11.95,6.925925925925926,107,47.35,7.579439252336448
org,Corporation,non-financial,services,"16,039",143.0,,11,11.0,3,0.1577639751552795,0.2634032634032634,0.01166572033242141,0.02305058194291234,0.021789577187807278,5.574803149606299,6.0,0.009163139571852538,0.009679594391363433,0.0,0,7,3,2,0.2727272727272727,139.0,149.0,155.0,153.0,34.0,38.0,162.0,154.0,3,1.33,6.0,18,7.96,7.166666666666667,76,33.63,7.842105263157895
org,Corporation,non-financial,energy,"49,403",41.0,,12,12.0,15,0.703943628834933,0.36217948717948717,0.016168264415510086,0.03950702392891576,0.058964274008521805,10.120259675499208,11.533333333333333,0.2048731483953768,0.17255064465297718,0.24761904761904763,26,6,21,6,1.25,5.0,4.0,6.0,9.0,11.0,5.0,4.0,6.0,15,6.64,11.533333333333333,91,40.27,7.923076923076923,183,80.97,6.366120218579235
org,Corporation,non-financial,hospitality,"10,908",213.0,,10,10.0,6,0.3276407802723592,0.2878980891719745,0.013161470668167878,0.010902251488086722,0.01712881022615536,7.26763648618288,7.333333333333333,0.032409059027292936,0.043445696413096056,0.26666666666666666,4,6,11,4,0.6,78.0,60.0,111.0,95.0,90.0,58.0,101.0,63.0,6,2.65,7.333333333333333,30,13.27,8.066666666666666,114,50.44,7.421052631578948
org,Corporation,non-financial,services,"10,493",221.0,,12,12.0,3,0.13474025974025974,0.24485373781148428,0.010959789856536672,0.0021041464695628737,0.0011012782694198623,4.546184738955823,4.666666666666667,0.004373306281873767,0.004566042672650192,0.3333333333333333,1,8,7,3,0.25,139.0,160.0,184.0,184.0,160.0,177.0,188.0,190.0,3,1.33,4.666666666666667,12,5.31,7.0,54,23.89,8.185185185185185
org,Corporation,financial,insurance,"25,424",93.0,,12,12.0,1,0.045454545454545456,0.24672489082969432,0.011339973406257054,0.0,0.0,10.0,10.0,0.004694124583639053,0.0053415243603690465,0.0,0,8,1,1,0.08333333333333333,203.0,215.0,180.0,168.0,199.0,197.0,186.0,183.0,1,0.44,10.0,10,4.42,8.4,62,27.43,7.870967741935484
org,Corporation,non-financial,retail,"22,745",108.0,,13,13.0,11,0.47468018599203,0.3223965763195435,0.01421160194937903,0.03208535196563227,0.02907243526712553,7.5467940865233585,7.545454545454546,0.06012902446282606,0.04941405806603247,0.12727272727272726,7,6,18,5,0.8461538461538461,19.0,19.0,48.0,45.0,16.0,24.0,53.0,51.0,11,4.87,7.545454545454546,56,24.78,7.910714285714286,154,68.14,6.779220779220779
org,Corporation,non-financial,pharmaceutical,"106,632",14.0,,9,9.0,3,0.14786967418546365,0.24835164835164836,0.011359828429729909,0.002082366509205892,0.0028711897738446413,5.0,5.0,0.006812081872174675,0.010337784833199148,0.0,0,7,7,3,0.3333333333333333,139.0,152.0,179.0,167.0,163.0,157.0,173.0,149.0,3,1.33,5.0,15,6.64,6.6,64,28.32,7.5
org,Corporation,non-financial,healthcare,"59,804",35.0,,9,9.0,1,0.05,0.21689059500959693,0.009557911356715914,0.0,0.0,3.0000000000000004,3.0,0.0021402594616569503,0.0014895965131172583,0.0,0,8,1,1,0.1111111111111111,203.0,206.0,211.0,211.0,199.0,197.0,206.0,210.0,1,0.44,3.0,3,1.33,8.0,22,9.73,10.227272727272727
org,Corporation,non-financial,industrial,"14,599",160.0,,11,11.0,11,0.4560947785702717,0.34930448222565685,0.01555759522716842,0.018937706207470515,0.022051786299573915,11.2577947893755,12.818181818181818,0.18562415371747706,0.12851384800066218,0.34545454545454546,19,6,21,6,1.0,19.0,27.0,13.0,15.0,54.0,36.0,8.0,14.0,11,4.87,12.818181818181818,78,34.51,8.282051282051283,177,78.32,6.536723163841808
org,Corporation,non-financial,pharmaceutical,"27,428",85.0,,18,18.0,6,0.18709284480075555,0.3169705469845722,0.012052904785607622,0.0045126042784112055,0.000904621435594887,10.75607692418006,11.5,0.07308712307446916,0.029949015158021945,0.2,3,7,17,5,0.3333333333333333,78.0,131.0,59.0,139.0,141.0,181.0,41.0,92.0,6,2.65,11.5,53,23.45,9.264150943396226,155,68.58,6.974193548387097
org,Corporation,financial,insurance,"41,098",51.0,,13,13.0,6,0.2210516663001135,0.3192090395480226,0.013176177936703818,0.007325637202273707,0.0030416256964929528,9.517105694792678,10.333333333333334,0.0555716748769788,0.02700292723596214,0.0,0,6,16,5,0.46153846153846156,78.0,108.0,53.0,93.0,115.0,154.0,58.0,96.0,6,2.65,10.333333333333334,51,22.57,9.156862745098039,153,67.7,7.065359477124183
org,Corporation,non-financial,technology,"58,437",36.0,,10,10.0,7,0.33354978354978354,0.2950391644908616,0.013605442176870748,0.013466729265827355,0.015634218289085546,8.156391953277092,8.142857142857142,0.030975368634333804,0.02631247722343846,0.23809523809523808,5,7,11,4,0.7,63.0,56.0,100.0,76.0,79.0,63.0,103.0,100.0,7,3.1,8.142857142857142,41,18.14,6.7560975609756095,124,54.87,7.145161290322581
org,Corporation,non-financial,food/agriculture,"11,740",197.0,,10,10.0,3,0.20288220551378444,0.24145299145299146,0.011631497683993824,0.0022571374630654807,0.0065486725663716815,4.2322421247683755,4.666666666666667,0.00511668612094436,0.009746683246226255,0.3333333333333333,1,8,7,3,0.3,139.0,122.0,186.0,155.0,157.0,121.0,185.0,153.0,3,1.33,4.666666666666667,12,5.31,6.75,55,24.34,8.127272727272727
org,Corporation,financial,bank,"31,515",70.0,,12,12.0,7,0.28899831552755095,0.30254350736278446,0.013050633764183904,0.006647149561724044,0.0072566371681415925,7.74305949784415,7.714285714285714,0.03868681551326688,0.019635541703611228,0.19047619047619047,4,7,17,5,0.5833333333333334,63.0,78.0,84.0,101.0,120.0,117.0,86.0,122.0,7,3.1,7.714285714285714,40,17.7,8.05,137,60.62,7.233576642335766
org,Corporation,non-financial,mining/steel,"10,298",231.0,,12,12.0,1,0.043478260869565216,0.21689059500959693,0.00994222365604012,0.0,0.0,6.0,6.0,0.001801353327214057,0.0020837086738993275,0.0,0,9,1,1,0.08333333333333333,203.0,219.0,211.0,207.0,199.0,197.0,208.0,206.0,1,0.44,6.0,6,2.65,6.833333333333333,29,12.83,7.0344827586206895
org,Corporation,non-financial,technology,"22,063",110.0,,12,12.0,2,0.08712121212121213,0.24565217391304348,0.01068204376802004,0.005344159810702271,0.0035004916420845623,6.304347826086955,6.5,0.0061530447310438295,0.004870396294671806,0.0,0,7,3,2,0.16666666666666666,177.0,192.0,181.0,190.0,136.0,149.0,180.0,186.0,2,0.88,6.5,13,5.75,7.461538461538462,58,25.66,7.862068965517241
org,Policy-Planning Group,,,,,,24,,5,0.14437134502923976,0.28391959798994976,0.011080151330680419,0.004500054904799183,0.0009242871189773845,6.577215189873417,6.6,0.03346498708285461,0.017310740559553773,0.1,1,7,9,3,0.20833333333333334,97.0,155.0,117.0,181.0,142.0,180.0,95.0,128.0,5,2.21,6.6,27,11.95,9.222222222222221,113,50.0,7.752212389380531
org,Corporation,non-financial,energy,"12,712",182.0,,8,8.0,3,0.1597222222222222,0.23689727463312368,0.010614730678606934,0.012529278888695126,0.014513274336283185,2.6521739130434785,3.0,0.004314743953723268,0.005342630489690533,0.0,0,8,3,2,0.375,139.0,147.0,196.0,191.0,82.0,72.0,189.0,182.0,3,1.33,3.0,9,3.98,7.0,44,19.47,8.431818181818182
org,Corporation,non-financial,industrial,"11,569",202.0,,11,11.0,2,0.10101010101010101,0.20639269406392693,0.009380058383254244,0.00033164912220959417,0.000471976401179941,2.55,2.5,0.0010527756132442132,0.0011943303118338413,0.0,0,8,3,2,0.18181818181818182,177.0,179.0,218.0,214.0,197.0,188.0,216.0,212.0,2,0.88,2.5,5,2.21,4.6,19,8.41,7.684210526315789
org,Corporation,financial,insurance,"34,014",64.0,,13,13.0,6,0.2569222243135286,0.28391959798994976,0.012866007552612102,0.007861084691820973,0.007217305801376598,6.085620968234266,6.0,0.028378972707854038,0.02387915186150236,0.06666666666666667,1,7,11,4,0.46153846153846156,78.0,93.0,117.0,112.0,111.0,118.0,109.0,109.0,6,2.65,6.0,30,13.27,8.3,113,50.0,7.6371681415929205
org,Corporation,non-financial,media/communications,"30,423",76.0,,16,16.0,3,0.08895833333333333,0.29697766097240474,0.010775331166612365,0.0011287368083502266,0.0,12.13817330210773,15.333333333333334,0.046094792729643334,0.01045393147898058,0.3333333333333333,1,7,7,3,0.1875,139.0,191.0,98.0,186.0,177.0,197.0,73.0,148.0,3,1.33,15.333333333333334,41,18.14,8.975609756097562,130,57.52,7.415384615384616
org,Corporation,non-financial,consumer products,"19,176",124.0,,13,13.0,4,0.13987170349251604,0.31520223152022314,0.013099297699894695,0.0021442406231646114,0.0007014093739757456,12.276600081532816,14.75,0.06682487024320842,0.0477668325981684,0.16666666666666666,1,6,11,4,0.3076923076923077,118.0,157.0,64.0,100.0,159.0,184.0,47.0,55.0,4,1.77,14.75,49,21.68,9.285714285714286,153,67.7,6.921568627450981
org,Corporation,non-financial,industrial,"35,291",61.0,,13,13.0,10,0.4444368785748096,0.32992700729927005,0.015024098387900947,0.015583869724746109,0.014493608652900688,9.880331795697257,9.3,0.08372258980395846,0.0988227697638467,0.2,9,7,18,5,0.7692307692307693,25.0,31.0,32.0,24.0,68.0,73.0,31.0,26.0,10,4.42,9.3,63,27.88,8.53968253968254,164,72.57,6.621951219512195
org,Corporation,financial,insurance,"21,603",115.0,,21,21.0,4,0.19545361247947454,0.22420634920634921,0.010731753644522534,0.013985925229583043,0.015181907571288102,2.534050932003151,2.25,0.0011759794102743292,0.0018656494894235876,0.0,0,7,4,2,0.19047619047619047,118.0,125.0,208.0,188.0,76.0,68.0,215.0,209.0,4,1.77,2.25,9,3.98,3.6666666666666665,28,12.39,6.464285714285714
org,Corporation,non-financial,industrial,"11,190",206.0,,10,10.0,5,0.2387121650279545,0.2849936948297604,0.01332416232681537,0.005716117565451181,0.012271386430678466,6.250403811985141,6.2,0.022226292485894007,0.03060522788305387,0.1,1,7,11,4,0.5,97.0,99.0,115.0,84.0,129.0,86.0,123.0,88.0,5,2.21,6.2,28,12.39,8.607142857142858,115,50.88,7.565217391304348
org,Corporation,non-financial,energy,"15,531",150.0,,16,16.0,3,0.09981684981684982,0.2709832134292566,0.011187380370932613,0.006548421276674928,0.004424778761061947,7.064220183486238,6.666666666666667,0.01640631435462102,0.010251265972525942,0.0,0,8,4,2,0.1875,139.0,183.0,142.0,175.0,122.0,141.0,137.0,151.0,3,1.33,6.666666666666667,20,8.85,8.9,100,44.25,7.88
org,Corporation,non-financial,retail,"12,145",192.0,,13,13.0,4,0.17226613965744397,0.2868020304568528,0.012836776038018064,0.005371473385614411,0.005978367748279252,7.065009560229446,7.0,0.014281817080789941,0.01168808143994037,0.0,0,6,8,3,0.3076923076923077,118.0,138.0,114.0,117.0,135.0,128.0,143.0,144.0,4,1.77,7.0,28,12.39,7.392857142857143,110,48.67,7.490909090909091
org,Corporation,non-financial,media/communications,"11,721",198.0,,12,12.0,5,0.16909937888198756,0.31564245810055863,0.012718183438223955,0.011835777486159084,0.005558833169452638,9.376492194674015,11.2,0.047367977814382,0.018199343603722527,0.1,1,6,11,4,0.4166666666666667,97.0,140.0,63.0,122.0,86.0,130.0,70.0,127.0,5,2.21,11.2,51,22.57,8.372549019607844,148,65.49,7.081081081081081
org,Corporation,non-financial,technology,"23,252",105.0,,12,12.0,1,0.045454545454545456,0.25139043381535037,0.01128176115280297,0.0,0.0,10.0,10.0,0.009483390378651166,0.012195473199299799,0.0,0,8,1,1,0.08333333333333333,203.0,215.0,174.0,169.0,199.0,197.0,159.0,141.0,1,0.44,10.0,10,4.42,10.4,64,28.32,8.8125
org,Corporation,non-financial,utility,"13,399",173.0,,12,12.0,1,0.03125,0.18329278183292783,0.007997452139141513,0.0,0.0,4.0,4.0,0.00011826899914878823,0.0001343725038607975,0.0,0,8,1,1,0.08333333333333333,203.0,226.0,224.0,225.0,199.0,197.0,224.0,224.0,1,0.44,4.0,4,1.77,3.0,9,3.98,4.0
org,Corporation,financial,bank,"19,231",123.0,,17,17.0,4,0.2224257224257224,0.2875318066157761,0.013199906549334166,0.001199577078674818,0.0021632251720747294,9.62946020128088,10.0,0.03960319648533882,0.04747195950337984,0.5,3,7,11,4,0.23529411764705882,118.0,106.0,112.0,92.0,175.0,163.0,84.0,56.0,4,1.77,10.0,31,13.72,9.193548387096774,123,54.42,7.211382113821138
org,Corporation,non-financial,industrial,"12,239",190.0,,11,11.0,8,0.46024729656308605,0.30213903743315507,0.014331462633564792,0.01935001501476029,0.031347099311701085,6.859691786051432,6.875,0.04363707373335002,0.07118076247696448,0.14285714285714285,4,7,12,4,0.7272727272727273,49.0,25.0,85.0,40.0,52.0,22.0,78.0,32.0,8,3.54,6.875,44,19.47,8.136363636363637,136,60.18,7.169117647058823
org,Corporation,non-financial,industrial,"10,309",230.0,,12,12.0,1,0.045454545454545456,0.23227132579650564,0.010376492194674012,0.0,0.0,5.0,5.0,0.0033078284908806058,0.003003332029567214,0.0,0,7,1,1,0.08333333333333333,203.0,215.0,202.0,198.0,199.0,197.0,200.0,201.0,1,0.44,5.0,5,2.21,8.0,33,14.6,9.393939393939394
org,Corporation,non-financial,food/agriculture,"43,232",50.0,,12,12.0,9,0.38089356295878035,0.31741573033707865,0.01374194332968503,0.02185558011176008,0.019698459521468373,7.177028320825225,7.888888888888889,0.07476644178275908,0.038313731291541704,0.1111111111111111,4,7,16,5,0.75,35.0,42.0,58.0,71.0,38.0,47.0,38.0,75.0,9,3.98,7.888888888888889,51,22.57,8.96078431372549,158,69.91,6.765822784810126
org,Corporation,non-financial,industrial,"9,985",238.0,,11,11.0,3,0.19090909090909092,0.2646370023419204,0.012776783190426834,0.002971713321715604,0.00797115699770567,6.476190476190477,6.666666666666667,0.007720940683430447,0.009939072640685926,0.0,0,7,7,3,0.2727272727272727,139.0,128.0,152.0,120.0,150.0,115.0,169.0,152.0,3,1.33,6.666666666666667,20,8.85,6.6,82,36.28,7.7073170731707314
org,Corporation,non-financial,industrial,"50,009",40.0,,15,15.0,10,0.39851816765609865,0.33883058470764615,0.01434010152284264,0.017133232957632444,0.013988856112749916,8.728377427289391,10.0,0.09104555733690067,0.047363698627412874,0.15555555555555556,7,7,18,5,0.6666666666666666,25.0,40.0,24.0,39.0,61.0,78.0,27.0,57.0,10,4.42,10.0,69,30.53,8.376811594202898,172,76.11,6.517441860465116
org,Corporation,non-financial,food/agriculture,"25,035",94.0,,10,10.0,1,0.05555555555555555,0.2052679382379655,0.010144005984664297,0.0,0.0,4.0,4.0,0.0007300458454073016,0.0009405735461881134,0.0,0,7,1,1,0.1,203.0,204.0,220.0,201.0,199.0,197.0,218.0,217.0,1,0.44,4.0,4,1.77,5.25,16,7.08,6.125
org,Corporation,non-financial,energy,"18,520",128.0,,9,9.0,1,0.0625,0.19168787107718405,0.009079526204075074,0.0,0.0,3.0,3.0,0.0004339316565356355,0.0007695379667184948,0.0,0,9,1,1,0.1111111111111111,203.0,202.0,223.0,219.0,199.0,197.0,222.0,219.0,1,0.44,3.0,3,1.33,3.6666666666666665,9,3.98,7.222222222222222
org,Corporation,non-financial,consumer products,"79,697",22.0,,11,11.0,12,0.728943785682916,0.33382570162481534,0.016974825682560736,0.027589000051188806,0.06251720747295969,10.481981317082429,9.333333333333334,0.13152235101826473,0.31870430186468623,0.22727272727272727,15,5,17,5,1.0909090909090908,15.0,3.0,27.0,4.0,22.0,4.0,15.0,3.0,12,5.31,9.333333333333334,63,27.88,8.253968253968255,165,73.01,6.733333333333333
org,Corporation,non-financial,utility,"9,885",239.0,,15,15.0,4,0.14427111840904944,0.27901234567901234,0.011386155241326036,0.0016564528462166316,0.002064896755162242,6.17736326272526,6.25,0.023362351505325188,0.009064325839130931,0.16666666666666666,1,7,8,3,0.26666666666666666,118.0,156.0,125.0,166.0,168.0,164.0,120.0,158.0,4,1.77,6.25,21,9.29,9.238095238095237,109,48.23,7.623853211009174
org,Corporation,financial,insurance,"14,564",161.0,,13,13.0,8,0.3420671518497605,0.31301939058171746,0.013874535724883098,0.017569179319391497,0.015542445099967222,7.19748114296195,7.25,0.03549850435081608,0.03171924835868789,0.21428571428571427,6,7,16,5,0.6153846153846154,49.0,54.0,70.0,64.0,60.0,65.0,93.0,85.0,8,3.54,7.25,45,19.91,8.355555555555556,151,66.81,6.894039735099338
org,Corporation,financial,insurance,"32,688",65.0,,14,14.0,8,0.35947541186671617,0.32056737588652484,0.014514782385305387,0.014311800314068182,0.01423795476892822,9.131212644876287,9.0,0.05248640125308716,0.05423647477372382,0.21428571428571427,6,6,17,5,0.5714285714285714,49.0,52.0,49.0,34.0,71.0,75.0,64.0,41.0,8,3.54,9.0,52,23.01,7.6923076923076925,156,69.03,6.82051282051282
org,Corporation,non-financial,utility,"12,406",186.0,,9,9.0,10,0.42579540987048725,0.3460949464012251,0.01531441994940368,0.018306618899363965,0.020196656833824975,10.63848441582398,12.2,0.16207031286513773,0.11720589533344564,0.3333333333333333,15,6,21,6,1.1111111111111112,25.0,34.0,17.0,20.0,57.0,43.0,10.0,20.0,10,4.42,12.2,75,33.19,8.333333333333334,175,77.43,6.594285714285714
org,Corporation,non-financial,technology,"10,416",225.0,,13,13.0,1,0.038461538461538464,0.20925925925925926,0.008927278233504945,0.0,0.0,5.0,5.0,0.0012227936506523727,0.0005924888767428402,0.0,0,8,1,1,0.07692307692307693,203.0,224.0,215.0,222.0,199.0,197.0,214.0,221.0,1,0.44,5.0,5,2.21,4.6,19,8.41,8.052631578947368
org,Corporation,non-financial,media/communications,"12,311",188.0,,13,13.0,5,0.19385836385836386,0.2766217870257038,0.011891294625240061,0.006327098793106634,0.004962307440183547,5.516596334320086,5.6,0.021918003172581732,0.016223882485878072,0.1,1,7,8,3,0.38461538461538464,97.0,127.0,129.0,146.0,123.0,136.0,124.0,131.0,5,2.21,5.6,25,11.06,8.44,103,45.58,7.747572815533981
org,Corporation,non-financial,media/communications,"9,857",240.0,,9,9.0,4,0.213510101010101,0.2579908675799087,0.012397714285714284,0.012119482321556498,0.015555555555555555,4.427557658190421,4.5,0.007259675190406919,0.007347021061503467,0.16666666666666666,1,6,7,3,0.4444444444444444,118.0,114.0,164.0,127.0,85.0,64.0,170.0,170.0,4,1.77,4.5,16,7.08,5.9375,64,28.32,8.015625
org,Corporation,non-financial,industrial,"24,881",95.0,,9,9.0,2,0.09109730848861283,0.17683881064162754,0.008359224737387188,0.008849557522123894,0.008849557522123894,2.0454545454545454,2.0,6.790728367499159e-05,0.0001282271329835611,0.0,0,8,2,1,0.2222222222222222,177.0,186.0,225.0,224.0,102.0,106.0,225.0,225.0,2,0.88,2.0,4,1.77,3.25,11,4.87,3.4545454545454546
org,Corporation,financial,bank,"9,087",254.0,,17,17.0,2,0.07037037037037036,0.21793635486981677,0.009133957981098903,0.0011137501699419684,0.0005899705014749262,4.473684210526316,4.5,0.0016017969853802678,0.0007804271485522558,0.0,0,7,3,2,0.11764705882352941,177.0,200.0,210.0,217.0,179.0,186.0,209.0,218.0,2,0.88,4.5,9,3.98,4.0,28,12.39,7.178571428571429
org,Policy-Planning Group,,,"3,593",,,25,,1,0.029411764705882353,0.23991507430997877,0.009982552618211534,0.0,0.0,7.0,7.0,0.006197502464703085,0.008083165320679353,0.0,0,7,1,1,0.04,203.0,227.0,189.0,205.0,199.0,197.0,179.0,165.0,1,0.44,7.0,7,3.1,10.142857142857142,47,20.8,8.893617021276595
org,Corporation,non-financial,technology,"10,847",215.0,,13,13.0,4,0.16433747412008282,0.2606689734717416,0.011265639798614226,0.01160844866046378,0.008600458865945593,3.6992125984251967,3.75,0.008695498821432626,0.007768776825142462,0.0,0,7,4,2,0.3076923076923077,118.0,145.0,161.0,171.0,88.0,110.0,164.0,166.0,4,1.77,3.75,14,6.19,7.142857142857143,70,30.97,7.9714285714285715
org,Corporation,non-financial,retail,"40,851",52.0,,9,9.0,3,0.14665286404416839,0.26096997690531176,0.011395436783058112,0.006176156582862673,0.006470009832841691,4.807058823529411,5.0,0.009887945349558499,0.00697896014657149,0.0,0,7,6,2,0.3333333333333333,139.0,153.0,159.0,165.0,125.0,124.0,157.0,173.0,3,1.33,5.0,15,6.64,8.466666666666667,80,35.4,7.9875
org,Corporation,non-financial,food/agriculture,"12,881",180.0,,12,12.0,7,0.32977037455298325,0.3313782991202346,0.015457747683047768,0.009034048664121469,0.018302196001311048,10.794448851929431,12.0,0.0800609225174471,0.07001836136546045,0.2857142857142857,6,7,17,5,0.5833333333333334,63.0,58.0,28.0,17.0,101.0,51.0,36.0,33.0,7,3.1,12.0,64,28.32,8.71875,166,73.45,6.674698795180723
org,Corporation,non-financial,retail,"44,043",48.0,,7,7.0,2,0.12222222222222222,0.23966065747614,0.012995476500805027,0.0010490112778172287,0.003303834808259587,5.181818181818182,5.0,0.004284238012783414,0.020486317202447993,0.0,0,7,3,2,0.2857142857142857,177.0,172.0,190.0,103.0,180.0,151.0,190.0,119.0,2,0.88,5.0,10,4.42,7.4,52,23.01,7.5576923076923075
org,Corporation,non-financial,food/agriculture,"14,191",163.0,,12,12.0,3,0.1295588469501513,0.20639269406392693,0.00928080597913872,0.008849557522123894,0.008849557522123894,3.1942224953902887,3.3333333333333335,0.0005604261530516475,0.0005157518533589338,0.3333333333333333,1,7,3,2,0.25,139.0,167.0,218.0,216.0,102.0,106.0,220.0,223.0,3,1.33,3.3333333333333335,8,3.54,3.375,20,8.85,4.6
org,Corporation,non-financial,energy,"15,743",145.0,,13,13.0,3,0.0904675166970249,0.29465449804432853,0.010703122533388058,0.0006310049774391263,3.9331366764995083e-05,11.395973154362418,14.666666666666666,0.04578766912484974,0.008679029902248404,0.6666666666666666,2,7,7,3,0.23076923076923078,139.0,189.0,101.0,189.0,187.0,195.0,75.0,163.0,3,1.33,14.666666666666666,37,16.37,9.621621621621621,130,57.52,7.369230769230769
org,Corporation,non-financial,media/communications,"32,260",67.0,,11,11.0,9,0.41564935064935066,0.30294906166219837,0.013875813515615407,0.025416865149224307,0.03385447394296951,5.588918398166953,5.666666666666667,0.032687811104206474,0.02666768656190509,0.1111111111111111,4,6,16,5,0.8181818181818182,35.0,36.0,83.0,63.0,25.0,20.0,99.0,97.0,9,3.98,5.666666666666667,39,17.26,7.282051282051282,133,58.85,7.203007518796992
org,Corporation,non-financial,retail,"24,276",101.0,,12,12.0,3,0.1289328063241107,0.25279642058165547,0.011146824059383964,0.004399869530206435,0.004673877417240249,4.562844880441446,4.666666666666667,0.006356750126441471,0.005595612887683233,0.0,0,7,4,2,0.25,139.0,169.0,171.0,177.0,144.0,138.0,176.0,180.0,3,1.33,4.666666666666667,13,5.75,6.6923076923076925,63,27.88,8.19047619047619
org,Corporation,non-financial,retail,"9,775",241.0,,11,11.0,3,0.18871635610766047,0.2634032634032634,0.011894215166001492,0.0015902451596452672,0.0038413634873811866,4.68184311574328,5.333333333333333,0.011696066753233841,0.007298265800669814,0.0,0,7,7,3,0.2727272727272727,139.0,129.0,155.0,145.0,170.0,147.0,153.0,171.0,3,1.33,5.333333333333333,16,7.08,8.9375,83,36.73,8.024096385542169
org,Corporation,financial,insurance,"61,480",34.0,,14,14.0,5,0.16626130739033962,0.31966053748231965,0.012094184801997858,0.0062507773611764775,0.0024188790560471978,9.957654305145645,12.2,0.05555866612329729,0.019978686404192116,0.0,0,6,11,4,0.35714285714285715,97.0,144.0,51.0,136.0,124.0,161.0,59.0,120.0,5,2.21,12.2,54,23.89,8.75925925925926,155,68.58,6.974193548387097
org,Corporation,financial,bank,"9,362",249.0,,15,15.0,1,0.043478260869565216,0.15036593479707253,0.007016236689329733,0.0,0.0,2.0,2.0,6.82880134785003e-06,1.284397073216039e-05,0.0,0,9,1,1,0.06666666666666667,203.0,219.0,227.0,227.0,199.0,197.0,227.0,227.0,1,0.44,2.0,2,0.88,2.5,4,1.77,3.5
org,Corporation,financial,bank,"10,420",224.0,,15,15.0,5,0.22934472934472935,0.22487562189054727,0.010383007396744208,0.013002135841218185,0.010422812192723696,2.832298136645963,3.0,0.0013056477266129253,0.0019246111986937948,0.1,1,7,4,2,0.3333333333333333,97.0,103.0,207.0,197.0,81.0,94.0,212.0,208.0,5,2.21,3.0,13,5.75,3.4615384615384617,35,15.49,5.428571428571429
org,Corporation,non-financial,energy,"29,630",78.0,,9,9.0,5,0.27998619737750174,0.2942708333333333,0.013616508510317819,0.004429484391821258,0.010868567682726975,7.917796401281734,8.0,0.022327866645179918,0.027372976002453368,0.3,3,6,12,4,0.5555555555555556,97.0,84.0,103.0,75.0,143.0,91.0,122.0,95.0,5,2.21,8.0,33,14.6,7.575757575757576,121,53.54,7.462809917355372
org,Corporation,non-financial,retail,"44,564",47.0,,12,12.0,3,0.13012820512820514,0.2766217870257038,0.011804443206351418,0.009160591685047745,0.009065880039331366,6.837438423645319,7.333333333333333,0.021282830733704145,0.012928577892497373,0.0,0,7,3,2,0.25,139.0,166.0,129.0,150.0,100.0,104.0,125.0,137.0,3,1.33,7.333333333333333,22,9.73,10.136363636363637,107,47.35,7.897196261682243
org,Corporation,non-financial,food/agriculture,"36,853",55.0,,12,12.0,3,0.13474025974025974,0.26872770511296074,0.01225751631623669,0.0026653964975033124,0.0019534578826614223,7.763052208835341,7.666666666666667,0.01225268312567404,0.014928699908843835,0.0,0,6,7,3,0.25,139.0,160.0,147.0,130.0,151.0,166.0,151.0,132.0,3,1.33,7.666666666666667,22,9.73,7.0,86,38.05,7.906976744186046
org,Corporation,financial,insurance,"26,278",90.0,,31,31.0,3,0.07142857142857142,0.2677725118483412,0.00965633144859214,0.000917712900013785,0.0,6.333333333333333,6.333333333333333,0.016471377822802388,0.004744816006947494,0.3333333333333333,1,6,7,3,0.0967741935483871,139.0,198.0,148.0,210.0,182.0,197.0,136.0,187.0,3,1.33,6.333333333333333,16,7.08,8.625,87,38.5,7.9655172413793105
org,Corporation,non-financial,retail,"20,288",119.0,,11,11.0,2,0.09090909090909091,0.218568665377176,0.009698599567997483,0.0004540644540644541,0.000471976401179941,2.9999999999999996,3.0,0.0015925529667637612,0.0012197173080958916,0.0,0,8,3,2,0.18181818181818182,177.0,188.0,209.0,209.0,191.0,188.0,210.0,211.0,2,0.88,3.0,6,2.65,5.5,27,11.95,7.111111111111111
org,Corporation,non-financial,industrial,"11,614",201.0,,9,9.0,2,0.07125000000000001,0.26096997690531176,0.010544323483670296,0.0007251712669754299,0.00043264503441494594,7.807017543859649,7.5,0.010719910974970527,0.007603324846890783,0.0,0,7,3,2,0.2222222222222222,177.0,199.0,159.0,193.0,185.0,190.0,155.0,167.0,2,0.88,7.5,15,6.64,9.133333333333333,79,34.96,8.177215189873417
org,Corporation,non-financial,retail,"65,357",30.0,,12,12.0,9,0.4130545702284832,0.3256484149855908,0.01458582077511375,0.02115106322055543,0.024129793510324484,8.08483966337959,7.888888888888889,0.051687787394926916,0.04443866938352231,0.08333333333333333,3,6,16,5,0.75,35.0,37.0,37.0,32.0,41.0,33.0,65.0,61.0,9,3.98,7.888888888888889,54,23.89,8.462962962962964,156,69.03,6.75
org,Corporation,non-financial,energy,"16,589",139.0,,9,9.0,1,0.058823529411764705,0.20791168353265868,0.010353041778646469,0.0,0.0,2.0,2.0,0.0013902201154798507,0.0025140830161044666,0.0,0,9,1,1,0.1111111111111111,203.0,203.0,217.0,199.0,199.0,197.0,211.0,204.0,1,0.44,2.0,2,0.88,8.0,15,6.64,10.466666666666667
org,Corporation,non-financial,technology,"10,427",223.0,,11,11.0,6,0.29090204276143217,0.32331902718168815,0.014321926489226868,0.005646693813465308,0.0096165191740413,10.321554748914672,12.0,0.06899757620304865,0.04589663230522516,0.2,3,7,16,5,0.5454545454545454,78.0,77.0,46.0,41.0,132.0,101.0,44.0,59.0,6,2.65,12.0,58,25.66,9.086206896551724,159,70.35,6.9245283018867925
org,Corporation,non-financial,industrial,"10,548",220.0,,12,12.0,3,0.12360646599777034,0.28074534161490683,0.012141616375064916,0.0017417214180760223,0.0011799410029498525,10.192784667418264,10.333333333333334,0.023010989014691157,0.016585253123813624,0.0,0,7,7,3,0.25,139.0,171.0,122.0,135.0,167.0,174.0,121.0,129.0,3,1.33,10.333333333333334,29,12.83,8.068965517241379,104,46.02,7.644230769230769
org,Corporation,non-financial,industrial,"10,110",234.0,,11,11.0,1,0.047619047619047616,0.23443983402489627,0.010746722883545466,0.0,0.0,8.0,8.0,0.006461879993193463,0.0049673933564766464,0.0,0,8,1,1,0.09090909090909091,203.0,211.0,199.0,187.0,199.0,197.0,175.0,185.0,1,0.44,8.0,8,3.54,10.125,45,19.91,8.866666666666667
org,Corporation,non-financial,media/communications,"28,842",82.0,,12,12.0,7,0.29493694711086016,0.31043956043956045,0.014238313242891343,0.032140516281559395,0.03709603408718453,6.387683471601787,6.142857142857143,0.03632605723642021,0.025382114293066225,0.047619047619047616,1,5,11,4,0.5833333333333334,63.0,76.0,71.0,44.0,15.0,18.0,89.0,105.0,7,3.1,6.142857142857143,39,17.26,8.897435897435898,144,63.72,7.0
org,Corporation,non-financial,media/communications,"17,868",131.0,,12,12.0,4,0.23068121809540573,0.2810945273631841,0.013917255960506185,0.002460163749456892,0.006843657817109145,6.768027470431132,6.75,0.01875177158288646,0.040303925502191716,0.3333333333333333,2,7,11,4,0.3333333333333333,118.0,101.0,121.0,60.0,154.0,119.0,132.0,71.0,4,1.77,6.75,22,9.73,9.227272727272727,115,50.88,7.556521739130435
org,Corporation,financial,insurance,"24,680",98.0,,12,12.0,7,0.2472277722277722,0.32056737588652484,0.013115388335428954,0.01411639773044174,0.009668960996394624,8.619153449843418,10.0,0.08010246969657077,0.042908094512659464,0.14285714285714285,3,7,12,4,0.5833333333333334,63.0,96.0,49.0,99.0,75.0,100.0,35.0,64.0,7,3.1,10.0,55,24.34,9.054545454545455,155,68.58,7.006451612903226
org,Corporation,financial,bank,"19,490",121.0,,13,13.0,2,0.08166666666666667,0.2739393939393939,0.011865489451439873,0.0,0.0,12.489795918367347,12.5,0.037788722010016845,0.032198224833262096,1.0,1,7,3,2,0.15384615384615385,177.0,195.0,138.0,148.0,199.0,197.0,87.0,84.0,2,0.88,12.5,20,8.85,11.85,100,44.25,8.06
org,Corporation,non-financial,transportation,"16,335",140.0,,17,17.0,6,0.25775230516609826,0.3074829931972789,0.014092704219496986,0.02451680280304795,0.02633235004916421,9.10989280245023,9.166666666666666,0.041417845637599426,0.05289553203820762,0.2,3,7,12,4,0.35294117647058826,78.0,92.0,79.0,51.0,29.0,29.0,80.0,46.0,6,2.65,9.166666666666666,43,19.03,8.511627906976743,145,64.16,6.924137931034482
org,Corporation,non-financial,transportation,"10,458",222.0,,9,9.0,3,0.1608187134502924,0.2842767295597484,0.013314742444178235,0.0006233546307292619,0.0013372664700098329,8.945454545454545,9.0,0.026333678997824045,0.02563223386564922,0.3333333333333333,1,7,7,3,0.3333333333333333,139.0,146.0,116.0,85.0,188.0,171.0,115.0,103.0,3,1.33,9.0,25,11.06,10.36,116,51.33,7.629310344827586
org,Corporation,non-financial,transportation,"14,143",164.0,,12,12.0,5,0.21407773386034257,0.2769607843137255,0.01221005618786918,0.007244180815137461,0.006191412651589644,5.947595162630395,6.0,0.016129141274089293,0.014005949573027721,0.0,0,7,8,3,0.4166666666666667,97.0,113.0,128.0,131.0,116.0,125.0,138.0,134.0,5,2.21,6.0,29,12.83,7.310344827586207,101,44.69,7.435643564356436
org,Corporation,non-financial,transportation,"45,297",43.0,,11,11.0,8,0.35953227931488796,0.3308931185944363,0.01553745144546423,0.012305933100286803,0.01820714519829564,10.62997233266761,10.625,0.0822333931981757,0.10352018004783342,0.21428571428571427,6,7,16,5,0.7272727272727273,49.0,51.0,29.0,16.0,83.0,52.0,33.0,22.0,8,3.54,10.625,61,26.99,9.081967213114755,168,74.34,6.625
org,Corporation,financial,insurance,"17,558",132.0,,14,14.0,4,0.15012820512820513,0.300531914893617,0.012056119636538222,0.0018697073084928066,0.0007079646017699115,8.645602049530316,10.25,0.04429246393586594,0.023858493628017407,0.16666666666666666,1,7,11,4,0.2857142857142857,118.0,151.0,89.0,138.0,164.0,182.0,77.0,110.0,4,1.77,10.25,36,15.93,10.972222222222221,137,60.62,7.386861313868613
org,Corporation,non-financial,mining/steel,"11,048",211.0,,11,11.0,6,0.3141709015622059,0.3079019073569482,0.014703171591217132,0.007938783017403396,0.01071779744346116,11.528160365207079,10.833333333333334,0.05692155778732058,0.07146641267834691,0.26666666666666666,4,7,12,4,0.5454545454545454,78.0,66.0,77.0,28.0,109.0,92.0,57.0,31.0,6,2.65,10.833333333333334,50,22.12,8.18,143,63.27,7.006993006993007
org,Corporation,non-financial,industrial,"52,920",37.0,,13,13.0,14,0.5537704079393947,0.3570300157977883,0.01581562434393151,0.04140501326273712,0.03891838741396264,9.432754046674646,9.857142857142858,0.1442179137578264,0.11906158260948782,0.0989010989010989,9,7,19,5,1.0769230769230769,7.0,11.0,9.0,11.0,10.0,16.0,11.0,19.0,14,6.19,9.857142857142858,89,39.38,8.089887640449438,183,80.97,6.344262295081967
org,Corporation,non-financial,healthcare,"87,138",21.0,,9,9.0,2,0.10025062656641603,0.2582857142857143,0.01220368270424969,0.0004808035906900842,0.0013176007866273353,8.0,8.0,0.00795807174782416,0.012112475548249846,0.0,0,8,3,2,0.2222222222222222,177.0,180.0,162.0,132.0,190.0,173.0,167.0,142.0,2,0.88,8.0,16,7.08,7.8125,77,34.07,8.35064935064935
org,Corporation,financial,insurance,"10,091",235.0,,12,12.0,3,0.11858974358974358,0.23739495798319327,0.010472498107845106,0.011187357054613701,0.006489675516224189,4.027027027027027,4.0,0.0038239141644676525,0.006750013845543301,0.0,0,7,4,2,0.25,139.0,173.0,195.0,195.0,89.0,122.0,196.0,174.0,3,1.33,4.0,12,5.31,5.25,45,19.91,7.177777777777778
org,Corporation,non-financial,energy,"70,035",26.0,,10,10.0,1,0.041666666666666664,0.24538545059717698,0.01041394670148222,0.0,0.0,8.0,8.0,0.0084613890121993,0.0055091731572916094,0.0,0,8,1,1,0.1,203.0,222.0,182.0,196.0,199.0,197.0,165.0,181.0,1,0.44,8.0,8,3.54,11.75,62,27.43,8.661290322580646
org,Corporation,non-financial,media/communications,"107,808",13.0,,14,14.0,9,0.37943979933110367,0.3143254520166898,0.01349858145438256,0.02055827355227937,0.022956407735168795,6.726566918607641,7.111111111111111,0.05703888376309688,0.033996969245809944,0.08333333333333333,3,7,16,5,0.6428571428571429,35.0,43.0,66.0,81.0,44.0,34.0,56.0,82.0,9,3.98,7.111111111111111,51,22.57,8.470588235294118,149,65.93,7.026845637583893
org,Corporation,non-financial,media/communications,"13,619",170.0,,11,11.0,2,0.18181818181818182,0.2511111111111111,0.011482961858952642,0.0006339227540904298,0.00247787610619469,4.749999999999999,5.5,0.009717580970703216,0.009645249845026665,0.0,0,8,3,2,0.18181818181818182,177.0,132.0,176.0,161.0,186.0,160.0,158.0,155.0,2,0.88,5.5,11,4.87,9.363636363636363,68,30.09,8.705882352941176
org,Corporation,non-financial,retail,"408,214",1.0,,18,18.0,8,0.3171814024755201,0.3091655266757866,0.012756229950800087,0.00963403473266489,0.00494264175680105,7.611759200202289,8.0,0.05324875376125684,0.04090335587798821,0.25,7,7,16,5,0.4444444444444444,49.0,64.0,74.0,121.0,98.0,137.0,61.0,69.0,8,3.54,8.0,43,19.03,8.55813953488372,144,63.72,7.069444444444445
org,Corporation,non-financial,retail,"63,335",32.0,,10,10.0,2,0.09545454545454546,0.25223214285714285,0.011461511803835717,0.0,0.0,8.380952380952381,8.5,0.010845894681553996,0.011297409443408363,1.0,1,7,3,2,0.2,177.0,184.0,172.0,162.0,199.0,197.0,154.0,146.0,2,0.88,8.5,14,6.19,8.857142857142858,67,29.65,8.149253731343284
org,Corporation,non-financial,media/communications,"36,149",57.0,,13,13.0,8,0.30298932661013916,0.3256484149855908,0.01370153687592834,0.01371218900370915,0.01048180924287119,9.126130576565588,10.75,0.08754166065374767,0.04060215219502379,0.14285714285714285,4,7,17,5,0.6153846153846154,49.0,71.0,37.0,73.0,77.0,93.0,29.0,70.0,8,3.54,10.75,61,26.99,8.508196721311476,160,70.8,6.88125
org,Corporation,non-financial,transportation,"11,791",196.0,,8,8.0,5,0.2858187134502924,0.2977602108036891,0.014129415442325726,0.025332071555940704,0.04271386430678466,6.107416879795396,6.2,0.025111599292816682,0.026061717156002025,0.1,1,5,8,3,0.625,97.0,80.0,96.0,48.0,27.0,13.0,118.0,101.0,5,2.21,6.2,28,12.39,9.178571428571429,129,57.08,7.124031007751938
org,Corporation,non-financial,healthcare,"65,028",31.0,,13,13.0,5,0.21072767811898246,0.29465449804432853,0.013234303783878737,0.020029321990197326,0.017646673221894463,7.445352891667668,7.6,0.036218070879028466,0.06788106851151267,0.1,1,6,8,3,0.38461538461538464,97.0,117.0,101.0,90.0,50.0,56.0,90.0,36.0,5,2.21,7.6,31,13.72,8.870967741935484,124,54.87,7.282258064516129
org,Corporation,financial,bank,"98,636",19.0,,15,15.0,11,0.4588752754269996,0.3398496240601504,0.014649007194866366,0.027743566175005813,0.03375286791215995,9.021286851332142,9.909090909090908,0.09799767786308453,0.04722434587778216,0.14545454545454545,8,6,18,5,0.7333333333333333,19.0,26.0,22.0,30.0,21.0,21.0,22.0,58.0,11,4.87,9.909090909090908,76,33.63,7.973684210526316,165,73.01,6.666666666666667
org,Corporation,non-financial,industrial,"17,099",136.0,,14,14.0,4,0.2084782608695652,0.29658792650918636,0.013853981487157482,0.003931596830005864,0.0032382825303179283,9.215849843587069,9.5,0.03229639727238782,0.04824970460684652,0.0,0,6,11,4,0.2857142857142857,118.0,118.0,99.0,67.0,146.0,152.0,102.0,54.0,4,1.77,9.5,35,15.49,8.914285714285715,125,55.31,7.456
org,Corporation,non-financial,technology,"15,179",152.0,,9,9.0,7,0.47413824416112743,0.29894179894179895,0.015585311189012121,0.01455459440846026,0.036060308095706324,7.19063469567549,7.142857142857143,0.03606531187565893,0.1255965779780895,0.14285714285714285,3,6,13,4,0.7777777777777778,63.0,20.0,93.0,14.0,69.0,19.0,91.0,16.0,7,3.1,7.142857142857143,40,17.7,7.7,124,54.87,7.443548387096774
org,Corporation,non-financial,retail,"10,836",216.0,,12,12.0,4,0.26498682476943347,0.2942708333333333,0.0141145611058488,0.004656527253090629,0.01303834808259587,6.659415786202611,8.0,0.027201415441569128,0.04270985514730918,0.0,0,7,8,3,0.3333333333333333,118.0,89.0,103.0,49.0,138.0,82.0,112.0,65.0,4,1.77,8.0,31,13.72,9.612903225806452,131,57.96,7.229007633587786
